,Host,10/4,,Level,Month,Discord,Badge,Agent,New,Active,Prorate,Days,Day Pace,Days Goal,Days Left,Hours,Hrs Goal,Hours Left,?,? Pace,Tier,Tier Goal,Tier Left,Tier Status,Tier LM,,? Last 30,-1 Month ?,-2 Month ?,-1 Level,-2 Level,Score,Earned,Gifted,Running,Multiply,Unlocked,,Est Rev,Days Month,Hours Month,Rewards Month,Link
1,7401047742329470977,stiansings,GO,-1,,@_jebsen,,Eliza,58,Y,1.00,4,141%,7,3,18,15,-3,"283,678","2,198,505",3,"3,000,000","2,716,322",Down,7,,"1,582,560","1,427,686","1,929,039",4,5,78,"1,143,500",0,"144,502",2x,"144,502",,?957.41,22,80,"15,000",https://www.tiktok.com/@stiansings
3,7457160386807332881,lex_therapy,GO,-1,,@lex016861,,Eliza,88,Y,1.00,3,106%,7,4,7,15,8,"46,881","363,328",1,"500,000","453,119",Down,4,,"351,168","347,875","380,411",4,3,44,"175,000","9,500","10,000",1x,"10,000",,?158.22,22,80,"8,000",https://www.tiktok.com/@lex_therapy
83,7559193040137486337,glitterzbyashleigh,GO,-1,,@allthatglitterzbyashleigh,,Eliza,0,Y,1.00,0,0%,7,7,0,15,15,0,0,1,"100,000","100,000",Down,1,,"51,608","56,986","36,301",4,1,15,"6,000",0,"1,000",-,0,,?0.00,22,80,0,https://www.tiktok.com/@glitterzbyashleigh
17,7574151038060593169,lucamusicuk,GO,-1,,,,Ruta,94,Y,1.00,4,141%,7,3,8,15,7,"2,398","18,585",1,"100,000","97,602",Down,1,,"16,470","21,405","101,760",1,2,11,"23,000",0,"23,000",-,0,,?8.09,11,30,0,https://www.tiktok.com/@lucamusicuk
84,7404012779482464257,ironladyontt,GO,-1,,,,Eliza,0,Y,1.00,0,0%,7,7,0,15,15,0,0,1,"100,000","100,000",Down,1,,"7,450","7,450",0,-1,-1,-3,"19,500",0,"14,900",-,0,,?0.00,8,20,0,https://www.tiktok.com/@ironladyontt
85,7663660589306298388,,GO,-1,4,@creepychainsaw,,,,Y,1.00,,0%,7,7,0,15,15,0,0,1,"100,000","100,000",#N/A,1,,"55,537",0,"102,923",-1,4,,"3,500",0,"3,500",#N/A,,,?0.00,8,20,0,
12,7386764939572297729,elizzamusic,GO,-1,,@elizataboost,,Eliza,53,Y,1.00,3,106%,7,4,6,15,9,"6,162","47,756",1,"100,000","93,838",Down,1,,"32,410","26,945","7,712",1,-1,2,"35,500",0,"10,200",-,0,,?20.80,11,30,0,https://www.tiktok.com/@elizzamusic
28,7401799282707415041,evolutionguidance,GO,-1,,@liamcourtnae,,Eliza,27,Y,1.00,4,141%,7,3,13,15,2,"1,018","7,890",1,"100,000","98,982",Down,1,,"5,326","6,398","8,125",5,4,24,"222,500",0,"2,000",-,0,,?3.44,22,80,0,https://www.tiktok.com/@evolutionguidance
86,7663462206264066065,ur_fav_abbiee,GO,-1,4,,,,0,Y,1.00,0,0%,7,7,0,15,15,0,0,1,"100,000","100,000",Down,1,,0,0,50,-1,-1,-3,0,0,0,-,0,,?0.00,8,20,0,https://www.tiktok.com/@ur_fav_abbiee
87,7359135227828011013,OFF,GO,-1,,@courtneycyrus.,,Eliza,,N,1.00,,0%,7,7,0,15,15,0,0,1,,,#N/A,,,0,0,0,-1,-1,,"96,000",0,"66,000",#N/A,,,?0.00,8,20,0,https://www.tiktok.com/@OFF
11,7500922616144871440,marcusjosephsax,GO,-1,,,,LA,458,Y,1.00,3,106%,7,4,20,15,-5,"6,543","50,708",1,"100,000","93,457",Down,1,,"28,308","23,620","16,116",3,3,16,0,0,0,-,0,,?22.08,18,60,0,https://www.tiktok.com/@marcusjosephsax
60,7466782956556730369,rhysyhowells,GO,-1,4,@rhyshmusic,,,0,Y,1.00,0,0%,7,7,0,15,15,37,287,1,"100,000","99,963",Down,1,,"3,080","4,197","1,270",-1,-1,-3,0,0,0,-,0,,?0.12,8,20,0,https://www.tiktok.com/@rhysyhowells
65,7663019741841489940,lucyluroll,GO,-1,4,@lulu3274.,,,0,Y,1.00,1,35%,7,6,1,15,14,14,109,1,"100,000","99,986",Down,1,,"17,512","20,359","46,099",4,4,23,0,0,0,-,0,,?0.05,22,80,0,https://www.tiktok.com/@lucyluroll
29,7359137203303317510,misskirsteab,GO,-1,,@kirsteab,,Eliza,12,Y,1.00,1,35%,7,6,2,15,13,997,"7,727",1,"100,000","99,003",Down,1,,"4,696","4,535","4,319",-1,-1,-3,"82,000",0,0,-,0,,?3.36,8,20,0,https://www.tiktok.com/@misskirsteab
88,7564701711827435537,godwin_je,GO,-1,,,,Eliza,0,Y,1.00,0,0%,7,7,0,15,15,0,0,1,"100,000","100,000",Down,1,,0,0,"2,028",-1,-1,-3,0,0,0,-,0,,?0.00,8,20,0,https://www.tiktok.com/@godwin_je
35,7406620553374646289,strength_byalex,GO,-1,,@vestbru,,Eliza,144,Y,1.00,1,35%,7,6,3,15,12,353,"2,736",1,"100,000","99,647",Down,1,,"7,043","9,149","5,564",1,0,1,"13,500",0,"13,500",-,0,,?1.19,11,30,0,https://www.tiktok.com/@strength_byalex
48,7424421480626225169,official_gonul,GO,-1,,,,Ruta,111,Y,1.00,2,70%,7,5,3,15,12,123,953,1,"100,000","99,877",Down,1,,"2,392","2,269","6,421",-1,2,2,"26,500",0,"12,000",-,0,,?0.42,8,20,0,https://www.tiktok.com/@official_gonul
89,7502089548202147857,funkendoscoop,GO,-1,,@llahara,,LA,0,Y,1.00,0,0%,7,7,0,15,15,0,0,1,"100,000","100,000",Down,1,,3,3,0,-1,-1,-3,0,0,0,-,0,,?0.00,8,20,0,https://www.tiktok.com/@funkendoscoop
14,7397527387480670224,patrickkimberguitar,GO,-1,,@patrickkimberguitar,,Eliza,70,Y,1.00,3,106%,7,4,4,15,11,"3,494","27,079",1,"100,000","96,506",Down,1,,"60,482","56,988","5,838",0,-1,1,"24,000",0,"-3,000",-,0,,?11.79,8,20,0,https://www.tiktok.com/@patrickkimberguitar
90,7463512646000754705,ixxjvsh,GO,-1,,,,LA,0,Y,1.00,0,0%,7,7,0,15,15,0,0,1,"100,000","100,000",Down,1,,111,111,52,-1,-1,-3,0,0,0,-,0,,?0.00,8,20,0,https://www.tiktok.com/@ixxjvsh
91,7629140935636598801,jackmacleodmusic,GO,-1,8,@jacko2463,,Stian,0,Y,1.00,0,0%,7,7,0,15,15,0,0,1,"100,000","100,000",Down,1,,5,5,"3,938",-1,-1,-3,0,0,0,-,0,,?0.00,8,20,0,https://www.tiktok.com/@jackmacleodmusic
16,7359138562056617990,clairewaldo1,GO,-1,,,,Eliza,0,Y,1.00,2,70%,7,5,4,15,11,"3,121","24,188",1,"100,000","96,879",Down,1,,"6,290","3,324","2,884",-1,-1,-2,"2,000",0,"2,000",-,0,,?10.53,8,20,0,https://www.tiktok.com/@clairewaldo1
92,7662048617171189768,slowrider_rs,GO,-1,4,@slowrider_rs,,,0,Y,1.00,0,0%,7,7,0,15,15,0,0,1,"100,000","100,000",Down,1,,3,5,759,-1,-1,-3,0,0,0,-,0,,?0.00,8,20,0,https://www.tiktok.com/@slowrider_rs
93,7442064241701699585,itslex_uk,GO,-1,,,,Eliza,0,Y,1.00,0,0%,7,7,0,15,15,0,0,1,"100,000","100,000",Down,1,,361,584,"6,033",-1,-1,-3,0,0,0,-,0,,?0.00,8,20,0,https://www.tiktok.com/@itslex_uk
2,7667180960145309716,jordanlawtonmusic,GO,-1,4,,,Stian,199,Y,1.00,4,141%,7,3,12,15,3,"60,195","466,511",1,"100,000","39,805",Down,1,,"81,635","23,554","11,121",1,1,7,0,0,0,-,0,,?203.16,11,30,0,https://www.tiktok.com/@jordanlawtonmusic
94,7602712379830566913,OFF,GO,-1,,,,Stian,,N,1.00,,0%,7,7,0,15,15,0,0,1,,,#N/A,,,0,0,0,-1,-1,,0,0,0,#N/A,,,?0.00,8,20,0,https://www.tiktok.com/@OFF
95,7553625270012395537,evviemae.x,GO,-1,,,,Eliza,0,N,1.00,0,0%,7,7,0,15,15,0,0,1,"100,000","100,000",Down,1,,0,0,0,-1,-1,-3,0,0,0,-,0,,?0.00,8,20,0,https://www.tiktok.com/@evviemae.x
34,7425485491497304081,sxjayx5,GO,-1,,,,LA,10,Y,1.00,4,141%,7,3,8,15,7,423,"3,278",1,"100,000","99,577",Down,1,,869,518,862,2,3,11,"3,000",0,"3,000",-,0,,?1.43,15,40,0,https://www.tiktok.com/@sxjayx5
96,7568562881596456977,kiarabl31,GO,-1,,,,Eliza,0,Y,1.00,0,0%,7,7,0,15,15,0,0,1,"100,000","100,000",Down,1,,"1,753","1,762",14,-1,-1,-3,0,0,0,-,0,,?0.00,8,20,0,https://www.tiktok.com/@kiarabl31
97,7504741588686585872,karlenelee34,GO,-1,,,,LA,0,Y,1.00,0,0%,7,7,0,15,15,0,0,1,"100,000","100,000",Down,1,,32,32,240,-1,-1,-3,0,0,0,-,0,,?0.00,8,20,0,https://www.tiktok.com/@karlenelee34
98,7664149880142675986,mel_frisby,GO,-1,4,@mel_frisby,,,0,Y,1.00,0,0%,7,7,0,15,15,0,0,1,"100,000","100,000",Down,1,,127,127,58,-1,-1,-3,0,0,0,-,0,,?0.00,8,20,0,https://www.tiktok.com/@mel_frisby
123,7399908457643687952,hf0901,GO,-1,,,,LA,1,Y,1.00,0,0%,7,7,1,15,14,0,0,1,"100,000","100,000",Down,1,,201,201,292,-1,3,5,0,0,0,-,0,,?0.00,8,20,0,https://www.tiktok.com/@hf0901
54,7528150846060904449,ruta_labrence,GO,-1,,,,Ruta,14,Y,1.00,1,35%,7,6,2,15,13,73,566,1,"100,000","99,927",Down,1,,484,411,"1,001",-1,-1,-3,0,0,0,-,0,,?0.25,8,20,0,https://www.tiktok.com/@ruta_labrence
6,7666441043834830868,tocaaubreyoffical,GO,-1,4,,,,"2,957",Y,1.00,2,70%,7,5,3,15,12,"11,063","85,738",1,"200,000","188,937",Down,2,,"128,216","137,457","8,325",2,2,15,"3,000",0,"3,000",-,0,,?37.34,15,40,"3,000",https://www.tiktok.com/@tocaaubreyoffical
7,7666441043834830868,tocaaubreyoffical,GO,-1,4,,,,"2,957",Y,1.00,2,70%,7,5,3,15,12,"11,063","85,738",1,"200,000","188,937",Down,2,,"128,216","137,457","8,325",2,2,15,"3,000",0,"3,000",-,0,,?37.34,15,40,"3,000",https://www.tiktok.com/@tocaaubreyoffical
100,7535449571028189200,simplyracheljack,GO,-1,,@rachelhack25,,Eliza,4,Y,1.00,3,106%,7,4,5,15,10,0,0,1,"100,000","100,000",Down,1,,10,10,205,-1,1,0,0,0,0,-,0,,?0.00,8,20,0,https://www.tiktok.com/@simplyracheljack
101,7665087806380883985,umarrrr133,GO,-1,4,,,,0,N,1.00,0,0%,7,7,0,15,15,0,0,1,"100,000","100,000",Down,1,,0,0,0,-1,-1,-3,0,0,0,-,0,,?0.00,8,20,0,https://www.tiktok.com/@umarrrr133
62,7665994672845864980,fonnell1,GO,-1,4,,,,0,Y,1.00,2,70%,7,5,3,15,12,22,171,1,"100,000","99,978",Down,1,,31,9,380,-1,0,-2,0,0,0,-,0,,?0.07,8,20,0,https://www.tiktok.com/@fonnell1
74,7563974554528546817,natalieanderson60,GO,-1,,@natsky82,,Eliza,0,Y,1.00,0,0%,7,7,0,15,15,2,16,1,"100,000","99,998",Down,1,,"1,271","1,326","1,066",0,2,3,500,0,500,-,0,,?0.01,8,20,0,https://www.tiktok.com/@natalieanderson60
102,7510159837490151425,OFF,GO,-1,,,,LA,,N,1.00,,0%,7,7,0,15,15,0,0,1,,,#N/A,,,0,0,0,-1,-1,,0,0,0,#N/A,,,?0.00,8,20,0,https://www.tiktok.com/@OFF
103,7513287079821000721,thewalkingbusker,GO,-1,,,,Eliza,0,Y,1.00,0,0%,7,7,0,15,15,0,0,1,"100,000","100,000",Down,1,,"10,718","13,536","5,805",1,1,3,0,0,0,-,0,,?0.00,11,30,0,https://www.tiktok.com/@thewalkingbusker
71,7359136943508291589,harmonicaboy4,GO,-1,,,,Eliza,4,Y,1.00,0,0%,7,7,1,15,14,4,31,1,"100,000","99,996",Down,1,,13,32,366,-1,-1,-3,0,0,0,-,0,,?0.01,8,20,0,https://www.tiktok.com/@harmonicaboy4
72,7435582767171338256,zdenkozajac23,GO,-1,4,,,,4,Y,1.00,0,0%,7,7,0,15,15,4,31,1,"100,000","99,996",Down,1,,5,41,470,-1,-1,-3,0,0,0,-,0,,?0.01,8,20,0,https://www.tiktok.com/@zdenkozajac23
69,7471238655693275153,the0nlyella_,GO,-1,,,,LA,7,Y,1.00,0,0%,7,7,0,15,15,6,47,1,"100,000","99,994",Down,1,,135,156,44,-1,-1,-3,0,0,0,-,0,,?0.02,8,20,0,https://www.tiktok.com/@the0nlyella_
40,7408512779071782913,robert_artus,GO,-1,,,,Eliza,0,Y,1.00,1,35%,7,6,1,15,14,201,"1,558",1,"100,000","99,799",Down,1,,766,566,"4,446",3,2,11,0,0,0,-,0,,?0.68,18,60,0,https://www.tiktok.com/@robert_artus
104,7667685071561883668,,GO,-1,4,,,,,N,1.00,,0%,7,7,0,15,15,0,0,1,"100,000","100,000",#N/A,1,,0,0,0,-1,-1,,0,0,0,#N/A,,,?0.00,8,20,0,
105,7456790095128199169,chef.yk,GO,-1,,@chef.yk,,Eliza,0,Y,1.00,0,0%,7,7,0,15,15,0,0,1,"100,000","100,000",Down,1,,"5,041","5,053","1,681",-1,-1,-3,0,0,0,-,0,,?0.00,8,20,0,https://www.tiktok.com/@chef.yk
106,7417810182169903121,isangeluractualname,GO,-1,,@angel_may_1212,,Eliza,0,N,1.00,0,0%,7,7,0,15,15,0,0,1,"100,000","100,000",Down,1,,0,0,0,-1,-1,-3,0,0,0,-,0,,?0.00,8,20,0,https://www.tiktok.com/@isangeluractualname
32,7460229802427940881,thelegendarynutjob,GO,-1,,,,LA,3,Y,1.00,1,35%,7,6,1,15,14,540,"4,185",1,"100,000","99,460",Down,1,,"2,809","2,269",327,-1,-1,-3,0,0,0,-,0,,?1.82,8,20,0,https://www.tiktok.com/@thelegendarynutjob
107,7664244528823451664,luketheatreproductions,GO,-1,4,,,,0,N,1.00,0,0%,7,7,0,15,15,0,0,1,"100,000","100,000",Down,1,,0,0,0,-1,-1,-3,0,0,0,-,0,,?0.00,8,20,0,https://www.tiktok.com/@luketheatreproductions
108,7459732425032302609,calmcreatives,GO,-1,,,,LA,0,N,1.00,0,0%,7,7,0,15,15,0,0,1,"100,000","100,000",Down,1,,0,0,0,-1,-1,-3,"14,500",0,"14,500",-,0,,?0.00,8,20,0,https://www.tiktok.com/@calmcreatives
109,7649369482896424961,inspiredhottie,GO,-1,4,,,Eliza,0,Y,1.00,0,0%,7,7,0,15,15,0,0,1,"100,000","100,000",Down,1,,0,0,7,-1,-1,-3,0,0,0,-,0,,?0.00,8,20,0,https://www.tiktok.com/@inspiredhottie
5,7660070348406325255,itsreallycarlos,GO,-1,4,@chromasizer,,,14,Y,1.00,4,141%,7,3,8,15,7,"11,167","86,544",1,"100,000","88,833",Down,1,,"11,806",639,"4,764",1,2,6,0,0,0,-,0,,?37.69,11,30,0,https://www.tiktok.com/@itsreallycarlos
30,7595613235412271121,danielknightley,GO,-1,,,,Eliza,192,Y,1.00,0,0%,7,7,1,15,14,847,"6,564",1,"100,000","99,153",Down,1,,"1,051",204,304,-1,-1,-3,0,0,0,-,0,,?2.86,8,20,0,https://www.tiktok.com/@danielknightley
15,7435227794231017473,onomushi,GO,-1,,,,Eliza,30,Y,1.00,2,70%,7,5,4,15,11,"3,387","26,249",1,"100,000","96,613",Down,1,,"9,235","5,848",4,1,-1,1,"6,000",0,"6,000",-,0,,?11.43,11,30,0,https://www.tiktok.com/@onomushi
110,7432578492514074640,hey.itskatie,GO,-1,,,,Eliza,0,Y,1.00,0,0%,7,7,0,15,15,0,0,1,"100,000","100,000",Down,1,,0,0,133,-1,-1,-3,0,0,0,-,0,,?0.00,8,20,0,https://www.tiktok.com/@hey.itskatie
111,7560597496783716368,OFF,GO,-1,,,,Eliza,,N,1.00,,0%,7,7,0,15,15,0,0,1,,,#N/A,,,0,0,0,-1,-1,,0,0,0,#N/A,,,?0.00,8,20,0,https://www.tiktok.com/@OFF
112,7663444735087935495,justwow992,GO,-1,4,,,,0,Y,1.00,0,0%,7,7,0,15,15,0,0,1,"100,000","100,000",Down,1,,4,19,145,-1,-1,-3,0,0,0,-,0,,?0.00,8,20,0,https://www.tiktok.com/@justwow992
52,7664938314511712276,hass80ben,GO,-1,4,,,,82,Y,1.00,1,35%,7,6,3,15,12,103,798,1,"100,000","99,897",Down,1,,164,61,117,-1,1,0,0,0,0,-,0,,?0.35,8,20,0,https://www.tiktok.com/@hass80ben
113,7435079276774539280,,GO,-1,,,,Eliza,,Y,1.00,,0%,7,7,0,15,15,0,0,1,"100,000","100,000",#N/A,1,,0,0,111,-1,-1,,0,0,0,#N/A,,,?0.00,8,20,0,
114,7499232263918354449,theresonly0neme,GO,-1,,,,Eliza,0,Y,1.00,0,0%,7,7,0,15,15,0,0,1,"100,000","100,000",Down,1,,634,634,6,-1,-1,-3,0,0,0,-,0,,?0.00,8,20,0,https://www.tiktok.com/@theresonly0neme
115,7481214759870676993,majesticmindsets,GO,-1,,,,Eliza,0,N,1.00,0,0%,7,7,0,15,15,0,0,1,"100,000","100,000",Down,1,,0,0,0,-1,-1,-3,0,0,0,-,0,,?0.00,8,20,0,https://www.tiktok.com/@majesticmindsets
116,7517579358937300993,barbiedoom,GO,-1,,@alishafullerrr,,Eliza,0,Y,1.00,0,0%,7,7,0,15,15,0,0,1,"100,000","100,000",Down,1,,0,0,113,-1,-1,-3,0,0,0,-,0,,?0.00,8,20,0,https://www.tiktok.com/@barbiedoom
134,7485804261184585745,leonjoullie,GO,-1,,@leonjoullie_,,Eliza,0,N,1.00,0,0%,7,7,0,15,15,0,0,1,"100,000","100,000",Down,1,,0,0,0,-1,-1,-3,0,0,0,-,0,,?0.00,8,20,0,https://www.tiktok.com/@leonjoullie
118,7531232605170302992,tayaw,GO,-1,,,,Eliza,0,Y,1.00,0,0%,7,7,0,15,15,0,0,1,"100,000","100,000",Down,1,,176,176,426,-1,-1,-3,0,0,0,-,0,,?0.00,8,20,0,https://www.tiktok.com/@tayaw
119,7663937567158435857,footballrarefacts,GO,-1,4,,,,0,N,1.00,0,0%,7,7,0,15,15,0,0,1,"100,000","100,000",Down,1,,0,0,0,-1,-1,-3,0,0,0,-,0,,?0.00,8,20,0,https://www.tiktok.com/@footballrarefacts
23,7517771065578340368,cabquiz,GO,-1,,,,Stian,11,Y,1.00,1,35%,7,6,1,15,14,"1,334","10,339",1,"100,000","98,666",Down,1,,"1,334",0,0,-1,-1,-2,0,0,0,-,0,,?4.50,8,20,0,https://www.tiktok.com/@cabquiz
120,7662852022139437076,larisakevinjuncu,GO,-1,4,,,,0,Y,1.00,0,0%,7,7,0,15,15,0,0,1,"100,000","100,000",Down,1,,0,0,2,-1,-1,-3,0,0,0,-,0,,?0.00,8,20,0,https://www.tiktok.com/@larisakevinjuncu
77,7451696074924015632,cristinacarryon,GO,-1,,,,Ruta,0,Y,1.00,0,0%,7,7,0,15,15,1,8,1,"100,000","99,999",Down,1,,15,14,0,-1,-1,-3,0,0,0,-,0,,?0.00,8,20,0,https://www.tiktok.com/@cristinacarryon
121,7664998109264560144,vanillasparkles1,GO,-1,4,,,,0,Y,1.00,0,0%,7,7,0,15,15,0,0,1,"100,000","100,000",Down,1,,0,36,70,-1,-1,-3,0,0,0,-,0,,?0.00,8,20,0,https://www.tiktok.com/@vanillasparkles1
122,7664246381795704849,_______bigjohn,GO,-1,4,,,,0,Y,1.00,0,0%,7,7,0,15,15,0,0,1,"100,000","100,000",Down,1,,0,0,2,-1,-1,-3,0,0,0,-,0,,?0.00,8,20,0,https://www.tiktok.com/@_______bigjohn
66,7472352964137762832,ja5m13._,GO,-1,,,,Eliza,0,Y,1.00,0,0%,7,7,0,15,15,14,109,1,"100,000","99,986",Down,1,,"3,928","3,914",297,-1,-1,-3,0,0,0,-,0,,?0.05,8,20,0,https://www.tiktok.com/@ja5m13._
123,7388859956205731841,katiegracemusic,GO,-1,,,,Eliza,0,Y,1.00,0,0%,7,7,0,15,15,0,0,1,"100,000","100,000",Down,1,,0,0,34,-1,-1,-3,"13,000",0,"13,000",-,0,,?0.00,8,20,0,https://www.tiktok.com/@katiegracemusic
46,7455670427764129809,caenhillcc,GO,-1,,,,Eliza,0,Y,1.00,0,0%,7,7,0,15,15,148,"1,147",1,"100,000","99,852",Down,1,,297,172,531,-1,-1,-3,"5,000",0,"5,000",-,0,,?0.50,8,20,0,https://www.tiktok.com/@caenhillcc
78,7647071449806716945,woodygtag5,GO,-1,4,@djj28,,Eliza,0,Y,1.00,0,0%,7,7,0,15,15,1,8,1,"100,000","99,999",Down,1,,491,490,323,-1,0,-2,0,0,0,-,0,,?0.00,8,20,0,https://www.tiktok.com/@woodygtag5
33,7514829787777744897,georgeroffeart,GO,-1,,@georgeroffeart,,Eliza,23,Y,1.00,1,35%,7,6,1,15,14,482,"3,736",1,"100,000","99,518",Down,1,,482,0,593,-1,-1,-3,"5,000",0,"4,000",-,0,,?1.63,8,20,0,https://www.tiktok.com/@georgeroffeart
124,7662119789745373185,jtbniyah,GO,-1,4,@crazyjtb,,,0,N,1.00,0,0%,7,7,0,15,15,0,0,1,"100,000","100,000",Down,1,,0,0,0,-1,-1,-3,0,0,0,-,0,,?0.00,8,20,0,https://www.tiktok.com/@jtbniyah
79,7663178329792610312,zb_randomm,GO,-1,4,,,,0,Y,1.00,1,35%,7,6,1,15,14,1,8,1,"100,000","99,999",Down,1,,9,17,26,0,0,-1,0,0,0,-,0,,?0.00,8,20,0,https://www.tiktok.com/@zb_randomm
125,7618692374247686145,maiahewardmills,GO,-1,8,,,Eliza,0,Y,1.00,0,0%,7,7,0,15,15,0,0,1,"100,000","100,000",Down,1,,0,102,3,-1,-1,-3,0,0,0,-,0,,?0.00,8,20,0,https://www.tiktok.com/@maiahewardmills
216,7564833215588892689,joe650296,GO,-1,,,,Eliza,0,N,1.00,0,0%,7,7,0,15,15,0,0,1,"100,000","100,000",Down,1,,0,0,0,-1,-1,-3,0,0,0,-,0,,?0.00,8,20,0,https://www.tiktok.com/@joe650296
61,7454199645766467600,edensedits0,GO,-1,,,,Eliza,44,Y,1.00,0,0%,7,7,1,15,14,32,248,1,"100,000","99,968",Down,1,,57,25,1,-1,-1,-3,0,0,0,-,0,,?0.11,8,20,0,https://www.tiktok.com/@edensedits0
127,7662730952925265927,theobwfc,GO,-1,4,@th3obwfc,,,0,Y,1.00,0,0%,7,7,0,15,15,0,0,1,"100,000","100,000",Down,1,,0,0,76,-1,-1,-3,0,0,0,-,0,,?0.00,8,20,0,https://www.tiktok.com/@theobwfc
128,7439175327164792833,markiza618sagittarius,GO,-1,,,,Eliza,0,Y,1.00,0,0%,7,7,0,15,15,0,0,1,"100,000","100,000",Down,1,,"1,026","1,041",157,-1,1,0,"22,500",0,"22,500",-,0,,?0.00,8,20,0,https://www.tiktok.com/@markiza618sagittarius
129,7477905644465438737,rosemixing,GO,-1,,@mixedbyrose_10794,,Eliza,0,Y,1.00,0,0%,7,7,0,15,15,0,0,1,"100,000","100,000",Down,1,,0,0,1,-1,-1,-3,"4,500",0,"4,500",-,0,,?0.00,8,20,0,https://www.tiktok.com/@rosemixing
130,7584459312647684097,rubes5702,GO,-1,,,,Eliza,0,Y,1.00,0,0%,7,7,0,15,15,0,0,1,"100,000","100,000",Down,1,,16,16,38,-1,-1,-3,0,0,0,-,0,,?0.00,8,20,0,https://www.tiktok.com/@rubes5702
131,7547501656385077265,jessyordxxx,GO,-1,,@jessymiaxxx,,Eliza,0,N,1.00,0,0%,7,7,0,15,15,0,0,1,"100,000","100,000",Down,1,,0,0,0,-1,-1,-3,0,0,0,-,0,,?0.00,8,20,0,https://www.tiktok.com/@jessyordxxx
132,7662137439443681297,therealoblong,GO,-1,4,,,,0,Y,1.00,0,0%,7,7,0,15,15,0,0,1,"100,000","100,000",Down,1,,0,0,1,-1,-1,-3,0,0,0,-,0,,?0.00,8,20,0,https://www.tiktok.com/@therealoblong
56,7471262221516095505,ginabutmusical,GO,-1,,@GLN4A,,Eliza,4,Y,1.00,1,35%,7,6,1,15,14,57,442,1,"100,000","99,943",Down,1,,620,563,22,-1,-1,-3,0,0,0,-,0,,?0.19,8,20,0,https://www.tiktok.com/@ginabutmusical
59,7433101771305648144,btrbrian,GO,-1,,,,Eliza,2,Y,1.00,1,35%,7,6,1,15,14,40,310,1,"100,000","99,960",Down,1,,52,42,146,-1,-1,-3,0,0,0,-,0,,?0.14,8,20,0,https://www.tiktok.com/@btrbrian
133,7405122753059242000,the.jaynathan,GO,-1,,@j2shady,,Eliza,0,N,1.00,0,0%,7,7,0,15,15,0,0,1,"100,000","100,000",Down,1,,0,0,0,-1,-1,-3,"6,000",0,"6,000",-,0,,?0.00,8,20,0,https://www.tiktok.com/@the.jaynathan
134,7662914301031612437,iandrummerboy,GO,-1,4,@iandrummerboy,,,0,Y,1.00,2,70%,7,5,3,15,12,0,0,1,"100,000","100,000",Down,1,,0,0,32,-1,-1,-3,0,0,0,-,0,,?0.00,8,20,0,https://www.tiktok.com/@iandrummerboy
175,7472838737081188368,nickgermanacos,GO,-1,,@icarehowufil,,Eliza,0,Y,1.00,0,0%,7,7,0,15,15,0,0,1,"100,000","100,000",Down,1,,0,0,51,-1,-1,-3,0,0,0,-,0,,?0.00,8,20,0,https://www.tiktok.com/@nickgermanacos
136,7476106851785162768,emadventures7,GO,-1,4,@emadventures7,,,0,N,1.00,0,0%,7,7,0,15,15,0,0,1,"100,000","100,000",Down,1,,0,0,0,-1,-1,-3,0,0,0,-,0,,?0.00,8,20,0,https://www.tiktok.com/@emadventures7
137,7472490135750377488,leticiafreire.lf,GO,-1,,@leticiafre.re,,Eliza,0,Y,1.00,0,0%,7,7,0,15,15,0,0,1,"100,000","100,000",Down,1,,0,0,47,-1,-1,-3,0,0,0,-,0,,?0.00,8,20,0,https://www.tiktok.com/@leticiafreire.lf
138,7584549770518233105,chloelynnbrown,GO,-1,,@chloelynn2001,,Eliza,0,Y,1.00,0,0%,7,7,0,15,15,0,0,1,"100,000","100,000",Down,1,,2,2,0,-1,-1,-3,0,0,0,-,0,,?0.00,8,20,0,https://www.tiktok.com/@chloelynnbrown
139,7555797036826886161,joltik.jrdn,GO,-1,,@bxxtchb0yy,,Eliza,0,Y,1.00,0,0%,7,7,0,15,15,0,0,1,"100,000","100,000",Down,1,,1,1,"1,144",-1,-1,-3,0,0,0,-,0,,?0.00,8,20,0,https://www.tiktok.com/@joltik.jrdn
80,7417364405400387600,anka.1100,GO,-1,,,,Eliza,4,Y,1.00,1,35%,7,6,1,15,14,1,8,1,"100,000","99,999",Down,1,,31,30,179,-1,-1,-3,0,0,0,-,0,,?0.00,8,20,0,https://www.tiktok.com/@anka.1100
140,7522547802002472976,jackcampbell_live,GO,-1,,@jackcampbell_,,Stian,0,Y,1.00,0,0%,7,7,0,15,15,0,0,1,"100,000","100,000",Down,1,,0,352,0,-1,-1,-3,0,0,0,-,0,,?0.00,8,20,0,https://www.tiktok.com/@jackcampbell_live
141,7467672490148659216,carbonfibre.duke,GO,-1,,,,LA,0,Y,1.00,0,0%,7,7,0,15,15,0,0,1,"100,000","100,000",Down,1,,133,133,8,-1,-1,-3,0,0,0,-,0,,?0.00,8,20,0,https://www.tiktok.com/@carbonfibre.duke
142,7424455425950793729,danhorton960,GO,-1,,,,Eliza,0,N,1.00,0,0%,7,7,0,15,15,0,0,1,"100,000","100,000",Down,1,,0,0,0,-1,-1,-3,0,0,0,-,0,,?0.00,8,20,0,https://www.tiktok.com/@danhorton960
183,7494237972632551425,marky_ttr,GO,-1,,@thundermega47,,Eliza,1,Y,1.00,0,0%,7,7,0,15,15,0,0,1,"100,000","100,000",Down,1,,11,11,"1,183",-1,2,2,0,0,0,-,0,,?0.00,8,20,0,https://www.tiktok.com/@marky_ttr
144,7664753799357169681,user75874533,GO,-1,4,,,,0,Y,1.00,0,0%,7,7,0,15,15,0,0,1,"100,000","100,000",Down,1,,17,20,287,-1,-1,-3,0,0,0,-,0,,?0.00,8,20,0,https://www.tiktok.com/@user75874533
26,7486636093568188417,dannybastable,GO,-1,,,,,90,Y,1.00,1,35%,7,6,5,15,10,"1,110","8,603",1,"100,000","98,890",Down,1,,"1,261",156,0,-1,-1,-2,0,0,0,-,0,,?3.75,8,20,0,https://www.tiktok.com/@dannybastable
145,7594117292531826705,cherrydietcoke02,GO,-1,,,,Eliza,0,Y,1.00,0,0%,7,7,0,15,15,0,0,1,"100,000","100,000",Down,1,,0,0,3,-1,-1,-3,0,0,0,-,0,,?0.00,8,20,0,https://www.tiktok.com/@cherrydietcoke02
146,7468418987521769489,kairichardson,GO,-1,,,,Eliza,0,N,1.00,0,0%,7,7,0,15,15,0,0,1,"100,000","100,000",Down,1,,0,0,0,-1,-1,-3,0,0,0,-,0,,?0.00,8,20,0,https://www.tiktok.com/@kairichardson
147,7536956005125472273,laykemusic,GO,-1,,,,Stian,0,Y,1.00,0,0%,7,7,0,15,15,0,0,1,"100,000","100,000",Down,1,,442,442,0,-1,-1,-3,0,0,0,-,0,,?0.00,8,20,0,https://www.tiktok.com/@laykemusic
148,7466130610474663953,dominob2k3official,GO,-1,,,,Eliza,0,N,1.00,0,0%,7,7,0,15,15,0,0,1,"100,000","100,000",Down,1,,0,0,0,-1,-1,-3,0,0,0,-,0,,?0.00,8,20,0,https://www.tiktok.com/@dominob2k3official
149,7448553021497360400,sera_wynn,GO,-1,,@squish840787,,LA,0,N,1.00,0,0%,7,7,0,15,15,0,0,1,"100,000","100,000",Down,1,,0,0,0,-1,-1,-3,0,0,0,-,0,,?0.00,8,20,0,https://www.tiktok.com/@sera_wynn
150,7506233568432177153,busdude1997,GO,-1,,@matmoo21,,LA,0,N,1.00,0,0%,7,7,0,15,15,0,0,1,"100,000","100,000",Down,1,,0,0,0,-1,-1,-3,0,0,0,-,0,,?0.00,8,20,0,https://www.tiktok.com/@busdude1997
151,7663144695585046546,daniellestockton2,GO,-1,4,,,,0,Y,1.00,0,0%,7,7,0,15,15,0,0,1,"100,000","100,000",Down,1,,1,1,0,-1,-1,-3,0,0,0,-,0,,?0.00,8,20,0,https://www.tiktok.com/@daniellestockton2
31,7453824472156782593,reanashaa,GO,-1,,,,Ruta,9,Y,1.00,0,0%,7,7,0,15,15,728,"5,642",1,"100,000","99,272",Down,1,,"1,159",431,11,-1,-1,-3,0,0,0,-,0,,?2.46,8,20,0,https://www.tiktok.com/@reanashaa
152,7666040243639844884,maya_x017,GO,-1,4,,,,0,Y,1.00,0,0%,7,7,0,15,15,0,0,1,"100,000","100,000",Down,1,,0,0,12,-1,-1,-3,0,0,0,-,0,,?0.00,8,20,0,https://www.tiktok.com/@maya_x017
153,7423054473775316993,onitriaz,GO,-1,,,,LA,1,Y,1.00,0,0%,7,7,0,15,15,0,0,1,"100,000","100,000",Down,1,,3,3,0,0,-1,-2,"1,000",0,"1,000",-,0,,?0.00,8,20,0,https://www.tiktok.com/@onitriaz
193,7391802279017332752,shelleofficial1,GO,-1,,@shelle__music,,Eliza,0,Y,1.00,0,0%,7,7,0,15,15,0,0,1,"100,000","100,000",Down,1,,7,7,0,-1,-1,-3,"2,000",0,"2,000",-,0,,?0.00,8,20,0,https://www.tiktok.com/@shelleofficial1
155,7491030163065405457,OFF,GO,-1,,,,LA,,Y,1.00,,0%,7,7,0,15,15,0,0,1,,,#N/A,,,0,0,213,-1,-1,,0,0,0,#N/A,,,?0.00,8,20,0,https://www.tiktok.com/@OFF
156,7548763772069003280,kingqueenkemitv,GO,-1,,@kingqueenkemi,,Eliza,0,N,1.00,0,0%,7,7,0,15,15,0,0,1,"100,000","100,000",Down,1,,0,0,0,-1,-1,-3,500,0,500,-,0,,?0.00,8,20,0,https://www.tiktok.com/@kingqueenkemitv
157,7455692449789558800,nickthedecorator,GO,-1,,,,Eliza,0,Y,1.00,0,0%,7,7,0,15,15,0,0,1,"100,000","100,000",Down,1,,0,0,51,-1,-1,-3,"5,000",0,"5,000",-,0,,?0.00,8,20,0,https://www.tiktok.com/@nickthedecorator
158,7553587368931065873,melwesty,GO,-1,,,,Eliza,0,N,1.00,0,0%,7,7,0,15,15,0,0,1,"100,000","100,000",Down,1,,0,0,0,-1,-1,-3,0,0,0,-,0,,?0.00,8,20,0,https://www.tiktok.com/@melwesty
159,7468347099382579217,miss_leigh_ding,GO,-1,,@miss.leigh.ding,,Eliza,0,N,1.00,0,0%,7,7,0,15,15,0,0,1,"100,000","100,000",Down,1,,0,0,0,-1,-1,-3,0,0,0,-,0,,?0.00,8,20,0,https://www.tiktok.com/@miss_leigh_ding
160,7408848025604489232,zakk_mf,GO,-1,,@fredrick0981,,Eliza,0,Y,1.00,0,0%,7,7,0,15,15,0,0,1,"100,000","100,000",Down,1,,0,0,5,-1,-1,-3,0,0,0,-,0,,?0.00,8,20,0,https://www.tiktok.com/@zakk_mf
161,7511373604722851856,itsprismatical,GO,-1,,,,Eliza,3,Y,1.00,1,35%,7,6,4,15,11,0,0,1,"100,000","100,000",Down,1,,20,20,55,-1,1,0,0,0,0,-,0,,?0.00,8,20,0,https://www.tiktok.com/@itsprismatical
162,7662468887098753041,mimis.art.designs,GO,-1,4,@mimi0385,,,0,N,1.00,0,0%,7,7,0,15,15,0,0,1,"100,000","100,000",Down,1,,0,0,0,-1,-1,-3,0,0,0,-,0,,?0.00,8,20,0,https://www.tiktok.com/@mimis.art.designs
163,7661774337783152647,path3tic.beth,GO,-1,4,,,,0,Y,1.00,0,0%,7,7,0,15,15,0,0,1,"100,000","100,000",Down,1,,0,0,23,-1,-1,-3,0,0,0,-,0,,?0.00,8,20,0,https://www.tiktok.com/@path3tic.beth
164,7663265306210549776,zuxoliveacc,GO,-1,4,,,,0,N,1.00,0,0%,7,7,0,15,15,0,0,1,"100,000","100,000",Down,1,,0,0,0,-1,-1,-3,0,0,0,-,0,,?0.00,8,20,0,https://www.tiktok.com/@zuxoliveacc
165,7662894980599578640,fynleegmer,GO,-1,4,,,,0,Y,1.00,0,0%,7,7,0,15,15,0,0,1,"100,000","100,000",Down,1,,0,0,122,-1,-1,-3,0,0,0,-,0,,?0.00,8,20,0,https://www.tiktok.com/@fynleegmer
166,7664899211481350164,oneofusiscrocheting,GO,-1,4,,,,0,N,1.00,0,0%,7,7,0,15,15,0,0,1,"100,000","100,000",Down,1,,0,0,0,-1,-1,-3,0,0,0,-,0,,?0.00,8,20,0,https://www.tiktok.com/@oneofusiscrocheting
167,7667856906786062344,brookhaventok2,GO,-1,4,@danny_26real,,,0,Y,1.00,0,0%,7,7,0,15,15,0,0,1,"100,000","100,000",Down,1,,0,0,4,-1,-1,-3,0,0,0,-,0,,?0.00,8,20,0,https://www.tiktok.com/@brookhaventok2
168,7493920503741284369,shelby.d3st1ny,GO,-1,,,,LA,0,N,1.00,0,0%,7,7,0,15,15,0,0,1,"100,000","100,000",Down,1,,0,0,0,-1,-1,-3,0,0,0,-,0,,?0.00,8,20,0,https://www.tiktok.com/@shelby.d3st1ny
169,7386542166048260112,call_itmusic,GO,-1,,@call_itmusic,,Eliza,0,N,1.00,0,0%,7,7,0,15,15,0,0,1,"100,000","100,000",Down,1,,0,0,0,-1,-1,-3,"3,500",0,"3,500",-,0,,?0.00,8,20,0,https://www.tiktok.com/@call_itmusic
170,7451058922187669505,dylanrhyswalsh,GO,-1,,,,,0,N,1.00,0,0%,7,7,0,15,15,0,0,1,"100,000","100,000",Down,1,,0,0,0,-1,-1,-3,0,0,0,-,0,,?0.00,8,20,0,https://www.tiktok.com/@dylanrhyswalsh
171,7556663150247051265,eviejones3,GO,-1,,,,Eliza,0,Y,1.00,0,0%,7,7,0,15,15,0,0,1,"100,000","100,000",Down,1,,0,261,963,-1,-1,-3,0,0,0,-,0,,?0.00,8,20,0,https://www.tiktok.com/@eviejones3
172,7473114416809050128,allhailsarah,GO,-1,,,,LA,0,Y,1.00,0,0%,7,7,0,15,15,0,0,1,"100,000","100,000",Down,1,,6,13,2,0,-1,-2,0,0,0,-,0,,?0.00,8,20,0,https://www.tiktok.com/@allhailsarah
229,7539187112411725841,olivercordingley,GO,-1,,@olivercordingley,,Eliza,0,N,1.00,0,0%,7,7,0,15,15,0,0,1,"100,000","100,000",Down,1,,0,0,0,-1,-1,-3,0,0,0,-,0,,?0.00,8,20,0,https://www.tiktok.com/@olivercordingley
174,7393779588561747985,a.dingles.story,GO,-1,,@adinglesstory,,Eliza,0,N,1.00,0,0%,7,7,0,15,15,0,0,1,"100,000","100,000",Down,1,,0,0,0,-1,-1,-3,"240,000",0,"101,802",-,0,,?0.00,8,20,0,https://www.tiktok.com/@a.dingles.story
175,7485426339571400720,tashafultonnnnn,GO,-1,,,,LA,0,N,1.00,0,0%,7,7,0,15,15,0,0,1,"100,000","100,000",Down,1,,0,0,0,-1,-1,-3,0,0,0,-,0,,?0.00,8,20,0,https://www.tiktok.com/@tashafultonnnnn
176,7466008135627587600,pbxjatt.co,GO,-1,,,,LA,0,Y,1.00,2,70%,7,5,0,15,15,0,0,1,"100,000","100,000",Down,1,,91,551,614,2,1,6,0,0,0,-,0,,?0.00,15,40,0,https://www.tiktok.com/@pbxjatt.co
177,7563657409001062416,justpamellaxo,GO,-1,,@justpamella27,,Eliza,0,Y,1.00,0,0%,7,7,0,15,15,0,0,1,"100,000","100,000",Down,1,,0,0,1,-1,-1,-3,0,0,0,-,0,,?0.00,8,20,0,https://www.tiktok.com/@justpamellaxo
178,7574405883812380688,marriedmrsrichards,GO,-1,,@helsvamp,,Eliza,0,Y,1.00,0,0%,7,7,0,15,15,0,0,1,"100,000","100,000",Down,1,,0,0,2,-1,-1,-3,0,0,0,-,0,,?0.00,8,20,0,https://www.tiktok.com/@marriedmrsrichards
70,7417432222963187728,sleepyjam14,GO,-1,,,,Eliza,2,Y,1.00,0,0%,7,7,0,15,15,6,47,1,"100,000","99,994",Down,1,,6,0,0,-1,-1,-3,0,0,0,-,0,,?0.02,8,20,0,https://www.tiktok.com/@sleepyjam14
179,7599036603755134993,joefranco746,GO,-1,,,,Eliza,0,N,1.00,0,0%,7,7,0,15,15,0,0,1,"100,000","100,000",Down,1,,0,0,0,-1,-1,-3,0,0,0,-,0,,?0.00,8,20,0,https://www.tiktok.com/@joefranco746
180,7484227171913859088,adhdromainsounds,GO,-1,,@adhdromainsounds,,LA,0,N,1.00,0,0%,7,7,0,15,15,0,0,1,"100,000","100,000",Down,1,,0,0,0,-1,-1,-3,0,0,0,-,0,,?0.00,8,20,0,https://www.tiktok.com/@adhdromainsounds
181,7457198766941077521,soulbowlsheffield,GO,-1,,,,LA,0,Y,1.00,0,0%,7,7,0,15,15,0,0,1,"100,000","100,000",Down,1,,4,4,0,-1,-1,-3,"9,500",0,"9,500",-,0,,?0.00,8,20,0,https://www.tiktok.com/@soulbowlsheffield
182,7502051454908203009,sargonapparel,GO,-1,,@sparkygodcr,,Eliza,0,N,1.00,0,0%,7,7,0,15,15,0,0,1,"100,000","100,000",Down,1,,0,0,0,-1,-1,-3,0,0,0,-,0,,?0.00,8,20,0,https://www.tiktok.com/@sargonapparel
183,7477537828491247632,xiro_will_become_famous,GO,-1,,,,Eliza,0,Y,1.00,0,0%,7,7,0,15,15,0,0,1,"100,000","100,000",Down,1,,0,592,0,-1,-1,-3,0,0,0,-,0,,?0.00,8,20,0,https://www.tiktok.com/@xiro_will_become_famous
184,7470482714571882513,sophieullyart,GO,-1,,,,LA,0,N,1.00,0,0%,7,7,0,15,15,0,0,1,"100,000","100,000",Down,1,,0,0,0,-1,-1,-3,0,0,0,-,0,,?0.00,8,20,0,https://www.tiktok.com/@sophieullyart
185,7545536910274576401,nainzjunior,GO,-1,,,,Eliza,0,Y,1.00,0,0%,7,7,0,15,15,0,0,1,"100,000","100,000",Down,1,,1,1,2,-1,-1,-3,0,0,0,-,0,,?0.00,8,20,0,https://www.tiktok.com/@nainzjunior
186,7417178442334191633,dailysleen,GO,-1,,,,Ruta,0,N,1.00,0,0%,7,7,0,15,15,0,0,1,"100,000","100,000",Down,1,,0,0,0,-1,-1,-3,0,0,0,-,0,,?0.00,8,20,0,https://www.tiktok.com/@dailysleen
187,7449441407359647745,the.twisted.muse,GO,-1,,,,LA,0,N,1.00,0,0%,7,7,0,15,15,0,0,1,"100,000","100,000",Down,1,,0,0,0,-1,-1,-3,0,0,0,-,0,,?0.00,8,20,0,https://www.tiktok.com/@the.twisted.muse
188,7448691249156145153,xxholliemaexx,GO,-1,,,,LA,0,Y,1.00,0,0%,7,7,0,15,15,0,0,1,"100,000","100,000",Down,1,,0,0,3,-1,-1,-3,0,0,0,-,0,,?0.00,8,20,0,https://www.tiktok.com/@xxholliemaexx
189,7528159887386509313,ren.shelter,GO,-1,,,,Eliza,0,Y,1.00,0,0%,7,7,0,15,15,0,0,1,"100,000","100,000",Down,1,,29,29,0,-1,-1,-3,0,0,0,-,0,,?0.00,8,20,0,https://www.tiktok.com/@ren.shelter
190,7527366978319728641,skyelou19,GO,-1,,,,Eliza,0,N,1.00,0,0%,7,7,0,15,15,0,0,1,"100,000","100,000",Down,1,,0,0,0,-1,-1,-3,0,0,0,-,0,,?0.00,8,20,0,https://www.tiktok.com/@skyelou19
191,7428514488120557585,amzyisthelordsown,GO,-1,,,,Eliza,0,N,1.00,0,0%,7,7,0,15,15,0,0,1,"100,000","100,000",Down,1,,0,0,0,-1,-1,-3,0,0,0,-,0,,?0.00,8,20,0,https://www.tiktok.com/@amzyisthelordsown
192,7570774000566026241,OFF,GO,-1,,,,Eliza,,N,1.00,,0%,7,7,0,15,15,0,0,1,,,#N/A,,,0,0,0,-1,-1,,0,0,0,#N/A,,,?0.00,8,20,0,https://www.tiktok.com/@OFF
64,7491010481055072273,shaunharuk,GO,-1,,@boxerbeat6783,,LA,2,Y,1.00,0,0%,7,7,0,15,15,15,116,1,"100,000","99,985",Down,1,,35,20,42,-1,-1,-3,0,0,0,-,0,,?0.05,8,20,0,https://www.tiktok.com/@shaunharuk
193,7402656225546256400,bethanyyxx1,GO,-1,,@bethanyyyy0503,,Eliza,0,N,1.00,0,0%,7,7,0,15,15,0,0,1,"100,000","100,000",Down,1,,0,0,0,-1,-1,-3,"18,000",0,"18,000",-,0,,?0.00,8,20,0,https://www.tiktok.com/@bethanyyxx1
194,7480302651985559553,lavinia17x,GO,-1,,,,LA,0,Y,1.00,0,0%,7,7,0,15,15,0,0,1,"100,000","100,000",Down,1,,8,22,0,-1,-1,-3,0,0,0,-,0,,?0.00,8,20,0,https://www.tiktok.com/@lavinia17x
195,7514082817203044369,queenhyiah,GO,-1,,,,Eliza,0,N,1.00,0,0%,7,7,0,15,15,0,0,1,"100,000","100,000",Down,1,,0,0,0,-1,-1,-3,0,0,0,-,0,,?0.00,8,20,0,https://www.tiktok.com/@queenhyiah
196,7475469947607580673,sophieliveseyy,GO,-1,,,,LA,0,N,1.00,0,0%,7,7,0,15,15,0,0,1,"100,000","100,000",Down,1,,0,0,0,-1,-1,-3,0,0,0,-,0,,?0.00,8,20,0,https://www.tiktok.com/@sophieliveseyy
58,7566355620954259457,furryrolvo01,GO,-1,,@furry_rolvo,,Eliza,59,Y,1.00,3,106%,7,4,4,15,11,46,357,1,"100,000","99,954",Down,1,,226,180,214,-1,-1,-3,"1,000",0,"1,000",-,0,,?0.16,8,20,0,https://www.tiktok.com/@furryrolvo01
197,7592633401816055809,OFF,GO,-1,,@ifylove_25697,,Eliza,,N,1.00,,0%,7,7,0,15,15,0,0,1,,,#N/A,,,0,0,0,-1,-1,,0,0,0,#N/A,,,?0.00,8,20,0,https://www.tiktok.com/@OFF
198,7460168652885835777,jayjay224229,GO,-1,,,,LA,0,Y,1.00,0,0%,7,7,0,15,15,0,0,1,"100,000","100,000",Down,1,,141,286,29,-1,-1,-3,0,0,0,-,0,,?0.00,8,20,0,https://www.tiktok.com/@jayjay224229
199,7577150753148665872,nyxens4,GO,-1,,,,Eliza,0,N,1.00,0,0%,7,7,0,15,15,0,0,1,"100,000","100,000",Down,1,,0,0,0,-1,-1,-3,0,0,0,-,0,,?0.00,8,20,0,https://www.tiktok.com/@nyxens4
200,7425921334225436673,dannystobo,GO,-1,,@dannystobo,,Ruta,0,N,1.00,0,0%,7,7,0,15,15,0,0,1,"100,000","100,000",Down,1,,0,0,0,-1,-1,-3,"38,000",0,"24,000",-,0,,?0.00,8,20,0,https://www.tiktok.com/@dannystobo
201,7473480041288974352,emma.kate36,GO,-1,,,,Eliza,0,N,1.00,0,0%,7,7,0,15,15,0,0,1,"100,000","100,000",Down,1,,0,0,0,-1,-1,-3,0,0,0,-,0,,?0.00,8,20,0,https://www.tiktok.com/@emma.kate36
202,7447524120843010064,abstwck,GO,-1,,,,Eliza,0,N,1.00,0,0%,7,7,0,15,15,0,0,1,"100,000","100,000",Down,1,,0,0,0,-1,-1,-3,0,0,0,-,0,,?0.00,8,20,0,https://www.tiktok.com/@abstwck
68,7428877005443153936,teaser.cos,GO,-1,,@teaser.cos,,LA,8,Y,1.00,1,35%,7,6,1,15,14,7,54,1,"100,000","99,993",Down,1,,7,0,0,-1,-1,-3,0,0,0,-,0,,?0.02,8,20,0,https://www.tiktok.com/@teaser.cos
203,7593357198978236432,harry_mortgage_adviser,GO,-1,,,,Eliza,0,Y,1.00,0,0%,7,7,0,15,15,0,0,1,"100,000","100,000",Down,1,,1,9,4,-1,-1,-3,0,0,0,-,0,,?0.00,8,20,0,https://www.tiktok.com/@harry_mortgage_adviser
204,7556371649344323601,gulabo1127,GO,-1,,,,Eliza,0,N,1.00,0,0%,7,7,0,15,15,0,0,1,"100,000","100,000",Down,1,,0,0,0,-1,-1,-3,0,0,0,-,0,,?0.00,8,20,0,https://www.tiktok.com/@gulabo1127
205,7503885234585337872,sophieferiani,GO,-1,,,,Eliza,0,N,1.00,0,0%,7,7,0,15,15,0,0,1,"100,000","100,000",Down,1,,0,0,0,-1,-1,-3,0,0,0,-,0,,?0.00,8,20,0,https://www.tiktok.com/@sophieferiani
206,7553605391222046737,darlington_live,GO,-1,,@darlington_live_03262,,Eliza,0,N,1.00,0,0%,7,7,0,15,15,0,0,1,"100,000","100,000",Down,1,,0,0,0,-1,-1,-3,0,0,0,-,0,,?0.00,8,20,0,https://www.tiktok.com/@darlington_live
207,7442328318726291472,layla.southouse,GO,-1,,,,Ruta,0,N,1.00,0,0%,7,7,0,15,15,0,0,1,"100,000","100,000",Down,1,,0,0,0,-1,-1,-3,0,0,0,-,0,,?0.00,8,20,0,https://www.tiktok.com/@layla.southouse
208,7476484646549585921,kacy_bell,GO,-1,,,,LA,0,N,1.00,0,0%,7,7,0,15,15,0,0,1,"100,000","100,000",Down,1,,0,0,0,-1,-1,-3,0,0,0,-,0,,?0.00,8,20,0,https://www.tiktok.com/@kacy_bell
209,7425948630030385169,cptnmels,GO,-1,,,,Eliza,0,Y,1.00,0,0%,7,7,0,15,15,0,0,1,"100,000","100,000",Down,1,,173,173,0,-1,-1,-3,0,0,0,-,0,,?0.00,8,20,0,https://www.tiktok.com/@cptnmels
256,7478721150844059649,lozzap1230,GO,-1,,,,LA,0,Y,1.00,0,0%,7,7,0,15,15,0,0,1,"100,000","100,000",Down,1,,1,1,5,-1,-1,-3,0,0,0,-,0,,?0.00,8,20,0,https://www.tiktok.com/@lozzap1230
211,7561125988000776209,stefanisweetheart,GO,-1,,@stefaniroseofficial,,Eliza,0,N,1.00,0,0%,7,7,0,15,15,0,0,1,"100,000","100,000",Down,1,,0,0,0,-1,-1,-3,0,0,0,-,0,,?0.00,8,20,0,https://www.tiktok.com/@stefanisweetheart
212,7409752177004036113,_rachelcolton,GO,-1,,@findingrache1,,Eliza,0,N,1.00,0,0%,7,7,0,15,15,0,0,1,"100,000","100,000",Down,1,,0,0,0,-1,-1,-3,"32,000",0,"24,000",-,0,,?0.00,8,20,0,https://www.tiktok.com/@_rachelcolton
213,7551850429613817873,finalclash3161,GO,-1,,@finalclash3161,,Eliza,0,N,1.00,0,0%,7,7,0,15,15,0,0,1,"100,000","100,000",Down,1,,0,0,0,-1,-1,-3,0,0,0,-,0,,?0.00,8,20,0,https://www.tiktok.com/@finalclash3161
214,7567315677682417681,l0la.ugc,GO,-1,,@l0laugc,,Eliza,0,N,1.00,0,0%,7,7,0,15,15,0,0,1,"100,000","100,000",Down,1,,0,0,0,-1,-1,-3,0,0,0,-,0,,?0.00,8,20,0,https://www.tiktok.com/@l0la.ugc
215,7538398513735139344,princ3tonx,GO,-1,,@iamprinceton,,Eliza,0,Y,1.00,0,0%,7,7,0,15,15,0,0,1,"100,000","100,000",Down,1,,0,0,52,-1,-1,-3,0,0,0,-,0,,?0.00,8,20,0,https://www.tiktok.com/@princ3tonx
216,7498730913577205761,ibz.2.0,GO,-1,,,,Eliza,0,Y,1.00,0,0%,7,7,0,15,15,0,0,1,"100,000","100,000",Down,1,,"1,192","3,236","1,550",-1,-1,-3,0,0,0,-,0,,?0.00,8,20,0,https://www.tiktok.com/@ibz.2.0
217,7527366978319794177,aliceorlik,GO,-1,,@aliceorlik,,Eliza,0,N,1.00,0,0%,7,7,0,15,15,0,0,1,"100,000","100,000",Down,1,,0,0,0,-1,-1,-3,0,0,0,-,0,,?0.00,8,20,0,https://www.tiktok.com/@aliceorlik
218,7469080134004277265,aneelmusic,GO,-1,,,,Eliza,0,Y,1.00,0,0%,7,7,0,15,15,0,0,1,"100,000","100,000",Down,1,,339,339,0,-1,-1,-3,0,0,0,-,0,,?0.00,8,20,0,https://www.tiktok.com/@aneelmusic
219,7368785047207297041,mrsscarphace,GO,-1,,,,Eliza,0,N,1.00,0,0%,7,7,0,15,15,0,0,1,"100,000","100,000",Down,1,,0,0,0,-1,-1,-3,0,0,0,-,0,,?0.00,8,20,0,https://www.tiktok.com/@mrsscarphace
220,7488685963074551824,impinkiexpink,GO,-1,,@queen.pinkie,,LA,0,N,1.00,0,0%,7,7,0,15,15,0,0,1,"100,000","100,000",Down,1,,0,0,0,-1,-1,-3,0,0,0,-,0,,?0.00,8,20,0,https://www.tiktok.com/@impinkiexpink
221,7564511124448821249,i.ff.y,GO,-1,,,,Eliza,0,Y,1.00,0,0%,7,7,0,15,15,0,0,1,"100,000","100,000",Down,1,,0,0,32,-1,-1,-3,0,0,0,-,0,,?0.00,8,20,0,https://www.tiktok.com/@i.ff.y
222,7535580367592603649,fee_unique,GO,-1,,,,Eliza,0,N,1.00,0,0%,7,7,0,15,15,0,0,1,"100,000","100,000",Down,1,,0,0,0,-1,-1,-3,0,0,0,-,0,,?0.00,8,20,0,https://www.tiktok.com/@fee_unique
223,7550323329664581633,naomimarie20001,GO,-1,,,,Eliza,0,N,1.00,0,0%,7,7,0,15,15,0,0,1,"100,000","100,000",Down,1,,0,0,0,-1,-1,-3,0,0,0,-,0,,?0.00,8,20,0,https://www.tiktok.com/@naomimarie20001
224,7378871247721250833,epicplaysgtytt,GO,-1,,,,Eliza,0,N,1.00,0,0%,7,7,0,15,15,0,0,1,"100,000","100,000",Down,1,,0,0,0,-1,-1,-3,0,0,0,-,0,,?0.00,8,20,0,https://www.tiktok.com/@epicplaysgtytt
225,7422607140935958545,pixiefolds,GO,-1,,,,Eliza,0,Y,1.00,0,0%,7,7,0,15,15,0,0,1,"100,000","100,000",Down,1,,0,0,199,-1,-1,-3,0,0,0,-,0,,?0.00,8,20,0,https://www.tiktok.com/@pixiefolds
226,7530326141916217361,summermcgreavy21,GO,-1,,@summer21,,LA,0,N,1.00,0,0%,7,7,0,15,15,0,0,1,"100,000","100,000",Down,1,,0,0,0,-1,-1,-3,0,0,0,-,0,,?0.00,8,20,0,https://www.tiktok.com/@summermcgreavy21
227,7484287482352418833,enforcerrr_,GO,-1,,@dark.enforcer,,Eliza,0,N,1.00,0,0%,7,7,0,15,15,0,0,1,"100,000","100,000",Down,1,,0,0,0,-1,-1,-3,0,0,0,-,0,,?0.00,8,20,0,https://www.tiktok.com/@enforcerrr_
228,7400684526520827921,georgie043,GO,-1,,@georgie043,,Eliza,0,Y,1.00,0,0%,7,7,0,15,15,0,0,1,"100,000","100,000",Down,1,,0,0,"1,844",-1,-1,-3,"1,500",0,"1,500",-,0,,?0.00,8,20,0,https://www.tiktok.com/@georgie043
229,7428124624082206736,socillaa,GO,-1,,,,Eliza,0,N,1.00,0,0%,7,7,0,15,15,0,0,1,"100,000","100,000",Down,1,,0,0,0,-1,-1,-3,0,0,0,-,0,,?0.00,8,20,0,https://www.tiktok.com/@socillaa
302,7438337214876188673,mark.maxwell_,GO,-1,,,,Eliza,0,N,1.00,0,0%,7,7,0,15,15,0,0,1,"100,000","100,000",Down,1,,0,0,0,-1,-1,-3,0,0,0,-,0,,?0.00,8,20,0,https://www.tiktok.com/@mark.maxwell_
231,7568995783140491281,that_kerryberry,GO,-1,,@freverindahouse,,Eliza,0,N,1.00,0,0%,7,7,0,15,15,0,0,1,"100,000","100,000",Down,1,,0,0,0,-1,-1,-3,0,0,0,-,0,,?0.00,8,20,0,https://www.tiktok.com/@that_kerryberry
232,7526953878961733649,levm__1,GO,-1,,,,Eliza,0,Y,1.00,0,0%,7,7,0,15,15,0,0,1,"100,000","100,000",Down,1,,21,21,0,-1,-1,-3,0,0,0,-,0,,?0.00,8,20,0,https://www.tiktok.com/@levm__1
233,7406067026885607425,elliecheesmanx,GO,-1,,,,Eliza,0,Y,1.00,0,0%,7,7,0,15,15,0,0,1,"100,000","100,000",Down,1,,0,0,19,-1,-1,-3,0,0,0,-,0,,?0.00,8,20,0,https://www.tiktok.com/@elliecheesmanx
234,7410046110045290497,niyaneeporter,GO,-1,,@niyanee,,Eliza,0,N,1.00,0,0%,7,7,0,15,15,0,0,1,"100,000","100,000",Down,1,,0,0,0,-1,-1,-3,"6,000",0,"6,000",-,0,,?0.00,8,20,0,https://www.tiktok.com/@niyaneeporter
235,7423723599179087889,metalheadjames2005,GO,-1,,,,Eliza,0,N,1.00,0,0%,7,7,0,15,15,0,0,1,"100,000","100,000",Down,1,,0,0,0,-1,-1,-3,0,0,0,-,0,,?0.00,8,20,0,https://www.tiktok.com/@metalheadjames2005
236,7522845711688417296,sophie_mu5ic,GO,-1,,,,Eliza,0,N,1.00,0,0%,7,7,0,15,15,0,0,1,"100,000","100,000",Down,1,,0,0,0,-1,-1,-3,0,0,0,-,0,,?0.00,8,20,0,https://www.tiktok.com/@sophie_mu5ic
237,7549931958965501953,b_j_25_xx_xx,GO,-1,,,,Eliza,0,Y,1.00,0,0%,7,7,0,15,15,0,0,1,"100,000","100,000",Down,1,,1,1,25,-1,-1,-3,0,0,0,-,0,,?0.00,8,20,0,https://www.tiktok.com/@b_j_25_xx_xx
238,7416802326213705744,kyrst_xox,GO,-1,,,,Eliza,0,N,1.00,0,0%,7,7,0,15,15,0,0,1,"100,000","100,000",Down,1,,0,0,0,-1,-1,-3,0,0,0,-,0,,?0.00,8,20,0,https://www.tiktok.com/@kyrst_xox
239,7507306775658430481,shan.ali86816,GO,-1,,,,LA,0,Y,1.00,0,0%,7,7,0,15,15,0,0,1,"100,000","100,000",Down,1,,0,0,1,-1,-1,-3,0,0,0,-,0,,?0.00,8,20,0,https://www.tiktok.com/@shan.ali86816
240,7515518744345706497,rob_officialmusic,GO,-1,,,,Eliza,0,N,1.00,0,0%,7,7,0,15,15,0,0,1,"100,000","100,000",Down,1,,0,0,0,-1,-1,-3,0,0,0,-,0,,?0.00,8,20,0,https://www.tiktok.com/@rob_officialmusic
241,7504649494814834704,its_elizabeth.xxx,GO,-1,,,,Eliza,0,Y,1.00,0,0%,7,7,0,15,15,0,0,1,"100,000","100,000",Down,1,,0,0,119,-1,-1,-3,0,0,0,-,0,,?0.00,8,20,0,https://www.tiktok.com/@its_elizabeth.xxx
242,7565951296805552145,nichols.skye,GO,-1,,,,Eliza,0,N,1.00,0,0%,7,7,0,15,15,0,0,1,"100,000","100,000",Down,1,,0,0,0,-1,-1,-3,0,0,0,-,0,,?0.00,8,20,0,https://www.tiktok.com/@nichols.skye
243,7569676884745650192,nottz_dan75,GO,-1,,,,Eliza,0,N,1.00,0,0%,7,7,0,15,15,0,0,1,"100,000","100,000",Down,1,,0,0,0,-1,-1,-3,0,0,0,-,0,,?0.00,8,20,0,https://www.tiktok.com/@nottz_dan75
244,7568637805337804801,classiclady007,GO,-1,,@classiclady_,,Eliza,0,N,1.00,0,0%,7,7,0,15,15,0,0,1,"100,000","100,000",Down,1,,0,0,0,-1,-1,-3,0,0,0,-,0,,?0.00,8,20,0,https://www.tiktok.com/@classiclady007
245,7455367452050898960,jadeemmacoles_creates,GO,-1,,@jadewellbeing,,Eliza,0,N,1.00,0,0%,7,7,0,15,15,0,0,1,"100,000","100,000",Down,1,,0,0,0,-1,-1,-3,0,0,0,-,0,,?0.00,8,20,0,https://www.tiktok.com/@jadeemmacoles_creates
246,7462761912619565057,jordijeffersonxx,GO,-1,,,,LA,0,N,1.00,0,0%,7,7,0,15,15,0,0,1,"100,000","100,000",Down,1,,0,0,0,-1,-1,-3,0,0,0,-,0,,?0.00,8,20,0,https://www.tiktok.com/@jordijeffersonxx
247,7426045730701443073,zelquid,GO,-1,,@toonpiano.,,LA,0,Y,1.00,0,0%,7,7,0,15,15,0,0,1,"100,000","100,000",Down,1,,0,0,17,-1,-1,-3,0,0,0,-,0,,?0.00,8,20,0,https://www.tiktok.com/@zelquid
248,7498801981813719057,eilidhhamiltonmusic,GO,-1,,@eilidhhamilton,,Eliza,0,N,1.00,0,0%,7,7,0,15,15,0,0,1,"100,000","100,000",Down,1,,0,0,0,-1,-1,-3,0,0,0,-,0,,?0.00,8,20,0,https://www.tiktok.com/@eilidhhamiltonmusic
249,7563829941486485521,OFF,GO,-1,,,,Eliza,,N,1.00,,0%,7,7,0,15,15,0,0,1,,,#N/A,,,0,0,0,-1,-1,,0,0,0,#N/A,,,?0.00,8,20,0,https://www.tiktok.com/@OFF
250,7414050395313553409,nannyxxxxx,GO,-1,,,,Eliza,0,N,1.00,0,0%,7,7,0,15,15,0,0,1,"100,000","100,000",Down,1,,0,0,0,-1,-1,-3,0,0,0,-,0,,?0.00,8,20,0,https://www.tiktok.com/@nannyxxxxx
251,7544868535990992912,yxngjxss,GO,-1,,,,Eliza,0,N,1.00,0,0%,7,7,0,15,15,0,0,1,"100,000","100,000",Down,1,,0,0,0,-1,-1,-3,0,0,0,-,0,,?0.00,8,20,0,https://www.tiktok.com/@yxngjxss
317,7538942500367810561,vedo.ink,GO,-1,,@riixeve,,LA,0,N,1.00,0,0%,7,7,0,15,15,0,0,1,"100,000","100,000",Down,1,,0,0,0,-1,-1,-3,0,0,0,-,0,,?0.00,8,20,0,https://www.tiktok.com/@vedo.ink
253,7397809096700739601,rihannamoore00,GO,-1,,,,LA,0,N,1.00,0,0%,7,7,0,15,15,0,0,1,"100,000","100,000",Down,1,,0,0,0,-1,-1,-3,0,0,0,-,0,,?0.00,8,20,0,https://www.tiktok.com/@rihannamoore00
254,7529624680731492369,k.a.y0x,GO,-1,,,,LA,0,Y,1.00,0,0%,7,7,0,15,15,0,0,1,"100,000","100,000",Down,1,,0,0,34,-1,-1,-3,0,0,0,-,0,,?0.00,8,20,0,https://www.tiktok.com/@k.a.y0x
255,7524074267642806289,elusivewormm,GO,-1,,@elusivewormm,,Eliza,0,N,1.00,0,0%,7,7,0,15,15,0,0,1,"100,000","100,000",Down,1,,0,0,0,-1,-1,-3,"1,000",0,"1,000",-,0,,?0.00,8,20,0,https://www.tiktok.com/@elusivewormm
256,7421792304551428097,kayjay072,GO,-1,,,,Eliza,0,N,1.00,0,0%,7,7,0,15,15,0,0,1,"100,000","100,000",Down,1,,0,0,0,-1,-1,-3,0,0,0,-,0,,?0.00,8,20,0,https://www.tiktok.com/@kayjay072
257,7506615146626744337,layla.may0019,GO,-1,,,,Eliza,0,N,1.00,0,0%,7,7,0,15,15,0,0,1,"100,000","100,000",Down,1,,0,0,0,-1,-1,-3,0,0,0,-,0,,?0.00,8,20,0,https://www.tiktok.com/@layla.may0019
258,7503896906620436496,derekshowman,GO,-1,,@derekshowman,,Eliza,0,Y,1.00,0,0%,7,7,0,15,15,0,0,1,"100,000","100,000",Down,1,,136,136,0,-1,-1,-3,0,0,0,-,0,,?0.00,8,20,0,https://www.tiktok.com/@derekshowman
259,7502411960248664080,retrodarlington,GO,-1,,@retrodarlington,,LA,0,N,1.00,0,0%,7,7,0,15,15,0,0,1,"100,000","100,000",Down,1,,0,0,0,-1,-1,-3,0,0,0,-,0,,?0.00,8,20,0,https://www.tiktok.com/@retrodarlington
260,7408100477667409937,canio2002,GO,-1,,@ytcanio,,Eliza,0,N,1.00,0,0%,7,7,0,15,15,0,0,1,"100,000","100,000",Down,1,,0,0,0,-1,-1,-3,0,0,0,-,0,,?0.00,8,20,0,https://www.tiktok.com/@canio2002
261,7497588087434854417,alex_m1204,GO,-1,,,,LA,0,N,1.00,0,0%,7,7,0,15,15,0,0,1,"100,000","100,000",Down,1,,0,0,0,-1,-1,-3,0,0,0,-,0,,?0.00,8,20,0,https://www.tiktok.com/@alex_m1204
262,7424139547493187600,cutztt,GO,-1,,,,LA,0,Y,1.00,0,0%,7,7,0,15,15,0,0,1,"100,000","100,000",Down,1,,0,0,30,-1,-1,-3,0,0,0,-,0,,?0.00,8,20,0,https://www.tiktok.com/@cutztt
263,7435672049990828048,444j.emimaa,GO,-1,,,,Eliza,0,N,1.00,0,0%,7,7,0,15,15,0,0,1,"100,000","100,000",Down,1,,0,0,0,-1,-1,-3,0,0,0,-,0,,?0.00,8,20,0,https://www.tiktok.com/@444j.emimaa
264,7455241678698446864,dacepiano,GO,-1,,,,Eliza,0,N,1.00,0,0%,7,7,0,15,15,0,0,1,"100,000","100,000",Down,1,,0,0,0,-1,-1,-3,0,0,0,-,0,,?0.00,8,20,0,https://www.tiktok.com/@dacepiano
265,7468315537802723329,eddie_the_expeditor,GO,-1,,@gen_flashbang,,Eliza,0,N,1.00,0,0%,7,7,0,15,15,0,0,1,"100,000","100,000",Down,1,,0,0,0,-1,-1,-3,0,0,0,-,0,,?0.00,8,20,0,https://www.tiktok.com/@eddie_the_expeditor
266,7397732008249819152,l0laxx008,GO,-1,,,,Eliza,0,N,1.00,0,0%,7,7,0,15,15,0,0,1,"100,000","100,000",Down,1,,0,0,0,-1,-1,-3,0,0,0,-,0,,?0.00,8,20,0,https://www.tiktok.com/@l0laxx008
267,7424058272434520081,wotr.music,GO,-1,,@WrenOTR,,Eliza,0,N,1.00,0,0%,7,7,0,15,15,0,0,1,"100,000","100,000",Down,1,,0,0,0,-1,-1,-3,0,0,0,-,0,,?0.00,8,20,0,https://www.tiktok.com/@wotr.music
268,7424040283895201809,thebrozone3,GO,-1,,@belchyhacks,,Eliza,0,N,1.00,0,0%,7,7,0,15,15,0,0,1,"100,000","100,000",Down,1,,0,0,0,-1,-1,-3,"3,000",0,"3,000",-,0,,?0.00,8,20,0,https://www.tiktok.com/@thebrozone3
269,7425932647450378257,chloemoran22,GO,-1,,,,Eliza,0,N,1.00,0,0%,7,7,0,15,15,0,0,1,"100,000","100,000",Down,1,,0,0,0,-1,-1,-3,0,0,0,-,0,,?0.00,8,20,0,https://www.tiktok.com/@chloemoran22
270,7359138398755389445,vgxillusion05,GO,-1,,,,LA,0,N,1.00,0,0%,7,7,0,15,15,0,0,1,"100,000","100,000",Down,1,,0,0,0,-1,-1,-3,0,0,0,-,0,,?0.00,8,20,0,https://www.tiktok.com/@vgxillusion05
271,7467981968244785168,shannonsmythxoxo,GO,-1,,,,LA,0,N,1.00,0,0%,7,7,0,15,15,0,0,1,"100,000","100,000",Down,1,,0,0,0,-1,-1,-3,0,0,0,-,0,,?0.00,8,20,0,https://www.tiktok.com/@shannonsmythxoxo
329,7468792632563597313,danigirl0690,GO,-1,,,,Eliza,0,N,1.00,0,0%,7,7,0,15,15,0,0,1,"100,000","100,000",Down,1,,0,0,0,-1,-1,-3,0,0,0,-,0,,?0.00,8,20,0,https://www.tiktok.com/@danigirl0690
273,7480905683680968705,helenaerm,GO,-1,,,,Eliza,0,N,1.00,0,0%,7,7,0,15,15,0,0,1,"100,000","100,000",Down,1,,0,0,0,-1,-1,-3,0,0,0,-,0,,?0.00,8,20,0,https://www.tiktok.com/@helenaerm
274,7359139055218622469,peapanic,GO,-1,,,,Eliza,0,N,1.00,0,0%,7,7,0,15,15,0,0,1,"100,000","100,000",Down,1,,0,0,0,-1,-1,-3,0,0,0,-,0,,?0.00,8,20,0,https://www.tiktok.com/@peapanic
303,7397017795688644609,els_russell,GO,-1,,@els5558,,Eliza,2,N,1.00,0,0%,7,7,0,15,15,0,0,1,"100,000","100,000",Down,1,,0,0,0,-1,-1,-3,0,0,0,-,0,,?0.00,8,20,0,https://www.tiktok.com/@els_russell
276,7438725973136211969,xciaradorrxngtx,GO,-1,,,,LA,0,N,1.00,0,0%,7,7,0,15,15,0,0,1,"100,000","100,000",Down,1,,0,0,0,-1,-1,-3,0,0,0,-,0,,?0.00,8,20,0,https://www.tiktok.com/@xciaradorrxngtx
277,7408135721783050257,mintyottilie,GO,-1,,@mintyottilie,,Eliza,0,N,1.00,0,0%,7,7,0,15,15,0,0,1,"100,000","100,000",Down,1,,0,0,0,-1,-1,-3,0,0,0,-,0,,?0.00,8,20,0,https://www.tiktok.com/@mintyottilie
278,7440180299855724545,rickeelaa,GO,-1,,,,LA,0,N,1.00,0,0%,7,7,0,15,15,0,0,1,"100,000","100,000",Down,1,,0,0,0,-1,-1,-3,0,0,0,-,0,,?0.00,8,20,0,https://www.tiktok.com/@rickeelaa
279,7425264625639424017,demijanefinch,GO,-1,,,,Eliza,0,N,1.00,0,0%,7,7,0,15,15,0,0,1,"100,000","100,000",Down,1,,0,0,0,-1,-1,-3,0,0,0,-,0,,?0.00,8,20,0,https://www.tiktok.com/@demijanefinch
280,7461005713800937488,girlandhercamera,GO,-1,,@katielaurenly_88870,,LA,2,Y,1.00,0,0%,7,7,0,15,15,0,0,1,"100,000","100,000",Down,1,,17,17,0,-1,-1,-3,0,0,0,-,0,,?0.00,8,20,0,https://www.tiktok.com/@girlandhercamera
281,7433385818175307792,mindful.baller,GO,-1,,,,Eliza,0,N,1.00,0,0%,7,7,0,15,15,0,0,1,"100,000","100,000",Down,1,,0,0,0,-1,-1,-3,0,0,0,-,0,,?0.00,8,20,0,https://www.tiktok.com/@mindful.baller
282,7397351648143786000,kizbozz,GO,-1,,,,Eliza,0,N,1.00,0,0%,7,7,0,15,15,0,0,1,"100,000","100,000",Down,1,,0,0,0,-1,-1,-3,0,0,0,-,0,,?0.00,8,20,0,https://www.tiktok.com/@kizbozz
283,7452140771358064657,stephanie29official,GO,-1,,,,Ruta,0,N,1.00,0,0%,7,7,0,15,15,0,0,1,"100,000","100,000",Down,1,,0,0,0,-1,-1,-3,0,0,0,-,0,,?0.00,8,20,0,https://www.tiktok.com/@stephanie29official
284,7431220176319922192,jessicarosepwd,GO,-1,,,,Ruta,0,N,1.00,0,0%,7,7,0,15,15,0,0,1,"100,000","100,000",Down,1,,0,0,0,-1,-1,-3,0,0,0,-,0,,?0.00,8,20,0,https://www.tiktok.com/@jessicarosepwd
285,7433057645420118032,ispydeadshot,GO,-1,,@ruebenf,,Ruta,0,N,1.00,0,0%,7,7,0,15,15,0,0,1,"100,000","100,000",Down,1,,0,0,0,-1,-1,-3,0,0,0,-,0,,?0.00,8,20,0,https://www.tiktok.com/@ispydeadshot
286,7462792926553391121,jadeanderson17,GO,-1,,,,Eliza,0,N,1.00,0,0%,7,7,0,15,15,0,0,1,"100,000","100,000",Down,1,,0,0,0,-1,-1,-3,0,0,0,-,0,,?0.00,8,20,0,https://www.tiktok.com/@jadeanderson17
287,7459849283098050561,gaillewis7,GO,-1,,@gail018913,,LA,0,N,1.00,0,0%,7,7,0,15,15,0,0,1,"100,000","100,000",Down,1,,0,0,0,-1,-1,-3,0,0,0,-,0,,?0.00,8,20,0,https://www.tiktok.com/@gaillewis7
288,7460884353250476049,rosiejaynerose,GO,-1,,,,LA,0,N,1.00,0,0%,7,7,0,15,15,0,0,1,"100,000","100,000",Down,1,,0,0,0,-1,-1,-3,0,0,0,-,0,,?0.00,8,20,0,https://www.tiktok.com/@rosiejaynerose
289,7437812980793868304,cosyhome_ed,GO,-1,,,,Eliza,0,N,1.00,0,0%,7,7,0,15,15,0,0,1,"100,000","100,000",Down,1,,0,0,0,-1,-1,-3,0,0,0,-,0,,?0.00,8,20,0,https://www.tiktok.com/@cosyhome_ed
290,7381393588564803585,georgiaem23,GO,-1,,,,LA,0,N,1.00,0,0%,7,7,0,15,15,0,0,1,"100,000","100,000",Down,1,,0,0,0,-1,-1,-3,0,0,0,-,0,,?0.00,8,20,0,https://www.tiktok.com/@georgiaem23
291,7423964681326575632,shuvyluvy,GO,-1,,,,Eliza,0,N,1.00,0,0%,7,7,0,15,15,0,0,1,"100,000","100,000",Down,1,,0,0,0,-1,-1,-3,0,0,0,-,0,,?0.00,8,20,0,https://www.tiktok.com/@shuvyluvy
292,7403406695717781521,allyada_,GO,-1,,,,Eliza,0,N,1.00,0,0%,7,7,0,15,15,0,0,1,"100,000","100,000",Down,1,,0,0,0,-1,-1,-3,0,0,0,-,0,,?0.00,8,20,0,https://www.tiktok.com/@allyada_
293,7364374728733310992,edwin.todd,GO,-1,,@edwinmindmagician_79517,,Eliza,0,N,1.00,0,0%,7,7,0,15,15,0,0,1,"100,000","100,000",Down,1,,0,0,0,-1,-1,-3,0,0,0,-,0,,?0.00,8,20,0,https://www.tiktok.com/@edwin.todd
294,7411085035362697232,skxiste.x,GO,-1,,@skaiste04_,,Eliza,0,N,1.00,0,0%,7,7,0,15,15,0,0,1,"100,000","100,000",Down,1,,0,0,0,-1,-1,-3,"21,500",0,"10,750",-,0,,?0.00,8,20,0,https://www.tiktok.com/@skxiste.x
295,7437196772134436865,kay.louise06,GO,-1,,,,LA,0,N,1.00,0,0%,7,7,0,15,15,0,0,1,"100,000","100,000",Down,1,,0,0,0,-1,-1,-3,0,0,0,-,0,,?0.00,8,20,0,https://www.tiktok.com/@kay.louise06
296,7442730520917835793,that.goode.stuff,GO,-1,,,,Ruta,0,N,1.00,0,0%,7,7,0,15,15,0,0,1,"100,000","100,000",Down,1,,0,0,0,-1,-1,-3,0,0,0,-,0,,?0.00,8,20,0,https://www.tiktok.com/@that.goode.stuff
297,7401955184798318609,lastrequestband,GO,-1,,@devonjenkin,,Eliza,0,N,1.00,0,0%,7,7,0,15,15,0,0,1,"100,000","100,000",Down,1,,0,0,0,-1,-1,-3,"2,500",0,"2,500",-,0,,?0.00,8,20,0,https://www.tiktok.com/@lastrequestband
298,7457192014036254736,c3zdav,GO,-1,,,,LA,0,N,1.00,0,0%,7,7,0,15,15,0,0,1,"100,000","100,000",Down,1,,0,0,0,-1,-1,-3,0,0,0,-,0,,?0.00,8,20,0,https://www.tiktok.com/@c3zdav
299,7419024763202322448,camerondcostaa,GO,-1,,@cameron.dc9627 ,,Eliza,0,N,1.00,0,0%,7,7,0,15,15,0,0,1,"100,000","100,000",Down,1,,0,0,0,-1,-1,-3,0,0,0,-,0,,?0.00,8,20,0,https://www.tiktok.com/@camerondcostaa
300,7403242183450509313,msslayx,GO,-1,,,,Eliza,0,N,1.00,0,0%,7,7,0,15,15,0,0,1,"100,000","100,000",Down,1,,0,0,0,-1,-1,-3,0,0,0,-,0,,?0.00,8,20,0,https://www.tiktok.com/@msslayx
301,7408103378573688833,xkatrissekershawx,GO,-1,,,,Eliza,0,N,1.00,0,0%,7,7,0,15,15,0,0,1,"100,000","100,000",Down,1,,0,0,0,-1,-1,-3,0,0,0,-,0,,?0.00,8,20,0,https://www.tiktok.com/@xkatrissekershawx
302,7400697408113655825,katieandersonwhite,GO,-1,,@katieandersonwhite,,Eliza,0,N,1.00,0,0%,7,7,0,15,15,0,0,1,"100,000","100,000",Down,1,,0,0,0,-1,-1,-3,"2,500",0,"2,500",-,0,,?0.00,8,20,0,https://www.tiktok.com/@katieandersonwhite
303,7427453485550944272,jace944444,GO,-1,,,,Eliza,0,N,1.00,0,0%,7,7,0,15,15,0,0,1,"100,000","100,000",Down,1,,0,0,0,-1,-1,-3,0,0,0,-,0,,?0.00,8,20,0,https://www.tiktok.com/@jace944444
304,7437667430488571905,xxx_.s._xx,GO,-1,,,,LA,0,N,1.00,0,0%,7,7,0,15,15,0,0,1,"100,000","100,000",Down,1,,0,0,0,-1,-1,-3,"7,000",0,"7,000",-,0,,?0.00,8,20,0,https://www.tiktok.com/@xxx_.s._xx
305,7408950989614645264,phoebesim18,GO,-1,,@phoebesim18,,Eliza,0,Y,1.00,0,0%,7,7,0,15,15,0,0,1,"100,000","100,000",Down,1,,0,0,2,-1,-1,-3,0,0,0,-,0,,?0.00,8,20,0,https://www.tiktok.com/@phoebesim18
306,7425367645014261776,yvsminbashir,GO,-1,,,,LA,0,N,1.00,0,0%,7,7,0,15,15,0,0,1,"100,000","100,000",Down,1,,0,0,0,-1,-1,-3,0,0,0,-,0,,?0.00,8,20,0,https://www.tiktok.com/@yvsminbashir
307,7449103585759150096,chloecampbellll,GO,-1,,,,Eliza,0,N,1.00,0,0%,7,7,0,15,15,0,0,1,"100,000","100,000",Down,1,,0,0,0,-1,-1,-3,0,0,0,-,0,,?0.00,8,20,0,https://www.tiktok.com/@chloecampbellll
308,7414018504438906881,yourbreakingme,GO,-1,,,,Ruta,0,N,1.00,0,0%,7,7,0,15,15,0,0,1,"100,000","100,000",Down,1,,0,0,0,-1,-1,-3,0,0,0,-,0,,?0.00,8,20,0,https://www.tiktok.com/@yourbreakingme
309,7405115246811299856,therealthatoreynolds,GO,-1,,@thator0542,,Eliza,0,N,1.00,0,0%,7,7,0,15,15,0,0,1,"100,000","100,000",Down,1,,0,0,0,-1,-1,-3,"10,000",0,"7,000",-,0,,?0.00,8,20,0,https://www.tiktok.com/@therealthatoreynolds
310,7453453525046231056,maddison_h18,GO,-1,,,,LA,0,N,1.00,0,0%,7,7,0,15,15,0,0,1,"100,000","100,000",Down,1,,0,0,0,-1,-1,-3,0,0,0,-,0,,?0.00,8,20,0,https://www.tiktok.com/@maddison_h18
311,7473597933913456641,anyalace,GO,-1,,,,LA,0,N,1.00,0,0%,7,7,0,15,15,0,0,1,"100,000","100,000",Down,1,,0,0,0,-1,-1,-3,0,0,0,-,0,,?0.00,8,20,0,https://www.tiktok.com/@anyalace
312,7468588799468011537,ps.ldnx,GO,-1,,,,LA,0,N,1.00,0,0%,7,7,0,15,15,0,0,1,"100,000","100,000",Down,1,,0,0,0,-1,-1,-3,0,0,0,-,0,,?0.00,8,20,0,https://www.tiktok.com/@ps.ldnx
313,7421777847435608081,angeleyes1830,GO,-1,,,,Ruta,0,N,1.00,0,0%,7,7,0,15,15,0,0,1,"100,000","100,000",Down,1,,0,0,0,-1,-1,-3,"15,000",0,"15,000",-,0,,?0.00,8,20,0,https://www.tiktok.com/@angeleyes1830
314,7476937005738508289,annabelelouise,GO,-1,,@annabelelouise,,LA,0,N,1.00,0,0%,7,7,0,15,15,0,0,1,"100,000","100,000",Down,1,,0,0,0,-1,-1,-3,0,0,0,-,0,,?0.00,8,20,0,https://www.tiktok.com/@annabelelouise
315,7474974619720597521,ironkittie,GO,-1,,,,Eliza,0,N,1.00,0,0%,7,7,0,15,15,0,0,1,"100,000","100,000",Down,1,,0,0,0,-1,-1,-3,0,0,0,-,0,,?0.00,8,20,0,https://www.tiktok.com/@ironkittie
316,7474956192163545089,thecrinaway,GO,-1,,,,Eliza,0,N,1.00,0,0%,7,7,0,15,15,0,0,1,"100,000","100,000",Down,1,,0,0,0,-1,-1,-3,0,0,0,-,0,,?0.00,8,20,0,https://www.tiktok.com/@thecrinaway
317,7474973861868552193,madi__thomson,GO,-1,,,,LA,0,N,1.00,0,0%,7,7,0,15,15,0,0,1,"100,000","100,000",Down,1,,0,0,0,-1,-1,-3,0,0,0,-,0,,?0.00,8,20,0,https://www.tiktok.com/@madi__thomson
318,7449107094650830864,royale11111111,GO,-1,,,,LA,0,N,1.00,0,0%,7,7,0,15,15,0,0,1,"100,000","100,000",Down,1,,0,0,0,-1,-1,-3,0,0,0,-,0,,?0.00,8,20,0,https://www.tiktok.com/@royale11111111
319,7461664158312923152,josephdewhurst9,GO,-1,,,,Eliza,0,N,1.00,0,0%,7,7,0,15,15,0,0,1,"100,000","100,000",Down,1,,0,0,0,-1,-1,-3,0,0,0,-,0,,?0.00,8,20,0,https://www.tiktok.com/@josephdewhurst9
320,7477659269962203137,andreacwg,GO,-1,,,,Eliza,0,N,1.00,0,0%,7,7,0,15,15,0,0,1,"100,000","100,000",Down,1,,0,0,0,-1,-1,-3,0,0,0,-,0,,?0.00,8,20,0,https://www.tiktok.com/@andreacwg
321,7469074330190790673,vikkihay,GO,-1,,@Vikz25,,LA,0,N,1.00,0,0%,7,7,0,15,15,0,0,1,"100,000","100,000",Down,1,,0,0,0,-1,-1,-3,0,0,0,-,0,,?0.00,8,20,0,https://www.tiktok.com/@vikkihay
322,7390791070147428369,mr_t_phoenix,GO,-1,,@t_phoenix_,,Ruta,0,N,1.00,0,0%,7,7,0,15,15,0,0,1,"100,000","100,000",Down,1,,0,0,0,-1,-1,-3,"29,500",0,"29,500",-,0,,?0.00,8,20,0,https://www.tiktok.com/@mr_t_phoenix
323,7470593183785893889,caintheoricle,GO,-1,,,,Eliza,0,N,1.00,0,0%,7,7,0,15,15,0,0,1,"100,000","100,000",Down,1,,0,0,0,-1,-1,-3,0,0,0,-,0,,?0.00,8,20,0,https://www.tiktok.com/@caintheoricle
324,7404073688846450705,oblivion_dnb,GO,-1,,,,Eliza,0,N,1.00,0,0%,7,7,0,15,15,0,0,1,"100,000","100,000",Down,1,,0,0,0,-1,-1,-3,0,0,0,-,0,,?0.00,8,20,0,https://www.tiktok.com/@oblivion_dnb
325,7485083616540672017,key.motivation2,GO,-1,,,,Eliza,0,N,1.00,0,0%,7,7,0,15,15,0,0,1,"100,000","100,000",Down,1,,0,0,0,-1,-1,-3,0,0,0,-,0,,?0.00,8,20,0,https://www.tiktok.com/@key.motivation2
326,7371449205770043408,cambullofficial,GO,-1,,,,Eliza,0,N,1.00,0,0%,7,7,0,15,15,0,0,1,"100,000","100,000",Down,1,,0,0,0,-1,-1,-3,"6,000",0,"6,000",-,0,,?0.00,8,20,0,https://www.tiktok.com/@cambullofficial
327,7464982246513098769,agonyauntemxoxo,GO,-1,,,,LA,0,N,1.00,0,0%,7,7,0,15,15,0,0,1,"100,000","100,000",Down,1,,0,0,0,-1,-1,-3,0,0,0,-,0,,?0.00,8,20,0,https://www.tiktok.com/@agonyauntemxoxo
328,7429260584820146192,hollyrobinson03,GO,-1,,,,Eliza,0,N,1.00,0,0%,7,7,0,15,15,0,0,1,"100,000","100,000",Down,1,,0,0,0,-1,-1,-3,0,0,0,-,0,,?0.00,8,20,0,https://www.tiktok.com/@hollyrobinson03
329,7437291038382915585,ashantililyx,GO,-1,,,,LA,0,N,1.00,0,0%,7,7,0,15,15,0,0,1,"100,000","100,000",Down,1,,0,0,0,-1,-1,-3,0,0,0,-,0,,?0.00,8,20,0,https://www.tiktok.com/@ashantililyx
330,7408862487409590289,megskatee,GO,-1,,,,Eliza,0,N,1.00,0,0%,7,7,0,15,15,0,0,1,"100,000","100,000",Down,1,,0,0,0,-1,-1,-3,0,0,0,-,0,,?0.00,8,20,0,https://www.tiktok.com/@megskatee
331,7436749694006591504,annie_1066,GO,-1,,,,LA,0,N,1.00,0,0%,7,7,0,15,15,0,0,1,"100,000","100,000",Down,1,,0,0,0,-1,-1,-3,0,0,0,-,0,,?0.00,8,20,0,https://www.tiktok.com/@annie_1066
332,7470581716596326416,fairydust1998,GO,-1,,,,LA,0,N,1.00,0,0%,7,7,0,15,15,0,0,1,"100,000","100,000",Down,1,,0,0,0,-1,-1,-3,0,0,0,-,0,,?0.00,8,20,0,https://www.tiktok.com/@fairydust1998
333,7480707511847452673,,GO,-1,,@beccaallan,,Eliza,,N,1.00,,0%,7,7,0,15,15,0,0,1,"100,000","100,000",#N/A,1,,0,0,0,-1,-1,,0,0,0,#N/A,,,?0.00,8,20,0,
334,7436546969092358161,,GO,-1,,,,LA,,N,1.00,,0%,7,7,0,15,15,0,0,1,"100,000","100,000",#N/A,1,,0,0,0,-1,-1,,0,0,0,#N/A,,,?0.00,8,20,0,
335,7386979465433399313,taboost.uk,GO,-1,,@taboost,,Ruta,0,Y,1.00,0,0%,7,7,0,15,15,0,0,1,"100,000","100,000",Down,1,,3,3,0,-1,-1,-3,0,0,0,-,0,,?0.00,8,20,0,https://www.tiktok.com/@taboost.uk
336,7417862793346629649,scottyfella,GO,-1,,,,Ruta,0,N,1.00,0,0%,7,7,0,15,15,0,0,1,"100,000","100,000",Down,1,,0,0,0,-1,-1,-3,0,0,0,-,0,,?0.00,8,20,0,https://www.tiktok.com/@scottyfella
337,7437165859631759377,pollyanna.eve,GO,-1,,,,LA,0,N,1.00,0,0%,7,7,0,15,15,0,0,1,"100,000","100,000",Down,1,,0,0,0,-1,-1,-3,0,0,0,-,0,,?0.00,8,20,0,https://www.tiktok.com/@pollyanna.eve
338,7417902667126685712,thearchicreator,GO,-1,,,,Eliza,0,N,1.00,0,0%,7,7,0,15,15,0,0,1,"100,000","100,000",Down,1,,0,0,0,-1,-1,-3,0,0,0,-,0,,?0.00,8,20,0,https://www.tiktok.com/@thearchicreator
339,7464969502166581249,bridielouise97,GO,-1,,,,LA,0,N,1.00,0,0%,7,7,0,15,15,0,0,1,"100,000","100,000",Down,1,,0,0,0,-1,-1,-3,0,0,0,-,0,,?0.00,8,20,0,https://www.tiktok.com/@bridielouise97
366,7491006844547317776,_fredd0_,GO,-1,,,,Eliza,0,N,1.00,0,0%,7,7,0,15,15,0,0,1,"100,000","100,000",Down,1,,0,0,0,-1,-1,-3,0,0,0,-,0,,?0.00,8,20,0,https://www.tiktok.com/@_fredd0_
341,7402594457440337937,carmencooksss,GO,-1,,@cathmorgan,,Eliza,0,N,1.00,0,0%,7,7,0,15,15,0,0,1,"100,000","100,000",Down,1,,0,0,0,-1,-1,-3,0,0,0,-,0,,?0.00,8,20,0,https://www.tiktok.com/@carmencooksss
342,7476184188438413313,noahdc.priv,GO,-1,,,,Eliza,0,N,1.00,0,0%,7,7,0,15,15,0,0,1,"100,000","100,000",Down,1,,0,0,0,-1,-1,-3,0,0,0,-,0,,?0.00,8,20,0,https://www.tiktok.com/@noahdc.priv
343,7401811487871778833,aniimx,GO,-1,,@anii1993,,Eliza,0,N,1.00,0,0%,7,7,0,15,15,0,0,1,"100,000","100,000",Down,1,,0,0,0,-1,-1,-3,"15,000",0,"15,000",-,0,,?0.00,8,20,0,https://www.tiktok.com/@aniimx
344,7386970723098705936,OFF,GO,-1,,@anetesalinieka,,Eliza,,N,1.00,,0%,7,7,0,15,15,0,0,1,,,#N/A,,,0,0,0,-1,-1,,"59,500",0,"21,750",#N/A,,,?0.00,8,20,0,https://www.tiktok.com/@OFF
345,7389341960156266513,anyagoelofficial,GO,-1,,,,Eliza,0,N,1.00,0,0%,7,7,0,15,15,0,0,1,"100,000","100,000",Down,1,,0,0,0,-1,-1,-3,0,0,0,-,0,,?0.00,8,20,0,https://www.tiktok.com/@anyagoelofficial
346,7411964813141639184,ollyvert,GO,-1,,@olly.vert,,Eliza,0,N,1.00,0,0%,7,7,0,15,15,0,0,1,"100,000","100,000",Down,1,,0,0,0,-1,-1,-3,"89,000",0,"12,000",-,0,,?0.00,8,20,0,https://www.tiktok.com/@ollyvert
347,7359137923083599878,stormmariah,GO,-1,,,,LA,0,N,1.00,0,0%,7,7,0,15,15,0,0,1,"100,000","100,000",Down,1,,0,0,0,-1,-1,-3,0,0,0,-,0,,?0.00,8,20,0,https://www.tiktok.com/@stormmariah
348,7439136420012425217,azzabeaks697,GO,-1,,,,LA,0,N,1.00,0,0%,7,7,0,15,15,0,0,1,"100,000","100,000",Down,1,,0,0,0,-1,-1,-3,0,0,0,-,0,,?0.00,8,20,0,https://www.tiktok.com/@azzabeaks697
349,7418122857613672465,gordanforlife,GO,-1,,@gordanforlife,,Eliza,0,N,1.00,0,0%,7,7,0,15,15,0,0,1,"100,000","100,000",Down,1,,0,0,0,-1,-1,-3,0,0,0,-,0,,?0.00,8,20,0,https://www.tiktok.com/@gordanforlife
350,7473131980293455889,beccaavallis31,GO,-1,,@Beccalfc33,,Eliza,0,N,1.00,0,0%,7,7,0,15,15,0,0,1,"100,000","100,000",Down,1,,0,0,0,-1,-1,-3,0,0,0,-,0,,?0.00,8,20,0,https://www.tiktok.com/@beccaavallis31
351,7485017386937040912,offendiii,GO,-1,,@fprivv10,,Eliza,0,N,1.00,0,0%,7,7,0,15,15,0,0,1,"100,000","100,000",Down,1,,0,0,0,-1,-1,-3,0,0,0,-,0,,?0.00,8,20,0,https://www.tiktok.com/@offendiii
352,7368010209177976849,OFF,GO,-1,,@singalongwithpetetiktok,,Eliza,,N,1.00,,0%,7,7,0,15,15,0,0,1,,,#N/A,,,0,0,0,-1,-1,,"53,000",0,0,#N/A,,,?0.00,8,20,0,https://www.tiktok.com/@OFF
353,7565137393679122433,richard.blackwell01,GO,-1,,,,Eliza,0,N,1.00,0,0%,7,7,0,15,15,0,0,1,"100,000","100,000",Down,1,,0,0,0,-1,-1,-3,0,0,0,-,0,,?0.00,8,20,0,https://www.tiktok.com/@richard.blackwell01
354,7560805982574624785,totes777,GO,-1,,,,Eliza,0,N,1.00,0,0%,7,7,0,15,15,0,0,1,"100,000","100,000",Down,1,,0,0,0,-1,-1,-3,0,0,0,-,0,,?0.00,8,20,0,https://www.tiktok.com/@totes777
355,7502438330483621905,milliekay8,GO,-1,,,,LA,0,N,1.00,0,0%,7,7,0,15,15,0,0,1,"100,000","100,000",Down,1,,0,0,0,-1,-1,-3,0,0,0,-,0,,?0.00,8,20,0,https://www.tiktok.com/@milliekay8
356,7472523171841818641,asadbaddie,GO,-1,,,,LA,0,Y,1.00,0,0%,7,7,0,15,15,0,0,1,"100,000","100,000",Down,1,,0,0,1,-1,-1,-3,0,0,0,-,0,,?0.00,8,20,0,https://www.tiktok.com/@asadbaddie
357,7473133285292572673,lyndseyw0,GO,-1,,,,LA,0,N,1.00,0,0%,7,7,0,15,15,0,0,1,"100,000","100,000",Down,1,,0,0,0,-1,-1,-3,0,0,0,-,0,,?0.00,8,20,0,https://www.tiktok.com/@lyndseyw0
358,7484220762862272513,huntbecca,GO,-1,,@beccanuht,,LA,0,N,1.00,0,0%,7,7,0,15,15,0,0,1,"100,000","100,000",Down,1,,0,0,0,-1,-1,-3,0,0,0,-,0,,?0.00,8,20,0,https://www.tiktok.com/@huntbecca
359,7375111581560012801,cacdaddyknax,GO,-1,,@cactusknax,,Ruta,0,N,1.00,0,0%,7,7,0,15,15,0,0,1,"100,000","100,000",Down,1,,0,0,0,-1,-1,-3,"7,000",0,"7,000",-,0,,?0.00,8,20,0,https://www.tiktok.com/@cacdaddyknax
360,7493248940150784016,tiffanyball908,GO,-1,,@tiff2025,,LA,0,N,1.00,0,0%,7,7,0,15,15,0,0,1,"100,000","100,000",Down,1,,0,0,0,-1,-1,-3,0,0,0,-,0,,?0.00,8,20,0,https://www.tiktok.com/@tiffanyball908
361,7425891447464853520,mariobtw0,GO,-1,,,,Eliza,0,Y,1.00,0,0%,7,7,0,15,15,0,0,1,"100,000","100,000",Down,1,,2,2,20,-1,-1,-3,0,0,0,-,0,,?0.00,8,20,0,https://www.tiktok.com/@mariobtw0
362,7544731090267930640,withsukani,GO,-1,,,,Eliza,0,N,1.00,0,0%,7,7,0,15,15,0,0,1,"100,000","100,000",Down,1,,0,0,0,-1,-1,-3,0,0,0,-,0,,?0.00,8,20,0,https://www.tiktok.com/@withsukani
363,7431944298314170384,13evadav,GO,-1,,,,Eliza,0,N,1.00,0,0%,7,7,0,15,15,0,0,1,"100,000","100,000",Down,1,,0,0,0,-1,-1,-3,0,0,0,-,0,,?0.00,8,20,0,https://www.tiktok.com/@13evadav
364,7456534278600540161,bbydoll4lifee,GO,-1,,@bbydoll4lifee,,LA,0,N,1.00,0,0%,7,7,0,15,15,0,0,1,"100,000","100,000",Down,1,,0,0,0,-1,-1,-3,0,0,0,-,0,,?0.00,8,20,0,https://www.tiktok.com/@bbydoll4lifee
365,7359138749097312262,theliberatedsoul,GO,-1,,,,Eliza,0,N,1.00,0,0%,7,7,0,15,15,0,0,1,"100,000","100,000",Down,1,,0,0,0,-1,-1,-3,"2,000",0,"2,000",-,0,,?0.00,8,20,0,https://www.tiktok.com/@theliberatedsoul
366,7553991137481228289,cleona_divine,GO,-1,,,,Eliza,0,N,1.00,0,0%,7,7,0,15,15,0,0,1,"100,000","100,000",Down,1,,0,0,0,-1,-1,-3,0,0,0,-,0,,?0.00,8,20,0,https://www.tiktok.com/@cleona_divine
25,7524473804756631569,whispermuseasmr,GO,-1,,@whispermuseasmr,,Eliza,32,Y,1.00,1,35%,7,6,1,15,14,"1,239","9,602",1,"100,000","98,761",Down,1,,"6,018","5,495","1,808",-1,-1,-2,0,0,0,-,0,,?4.18,8,20,0,https://www.tiktok.com/@whispermuseasmr
367,7555888715881611280,shiann.johnhenry,GO,-1,,@shelbyjanes.,,Eliza,0,N,1.00,0,0%,7,7,0,15,15,0,0,1,"100,000","100,000",Down,1,,0,0,0,-1,-1,-3,0,0,0,-,0,,?0.00,8,20,0,https://www.tiktok.com/@shiann.johnhenry
368,7552936321606713345,ovuosgoody,GO,-1,,@ovuosgoody,,Eliza,0,N,1.00,0,0%,7,7,0,15,15,0,0,1,"100,000","100,000",Down,1,,0,0,0,-1,-1,-3,0,0,0,-,0,,?0.00,8,20,0,https://www.tiktok.com/@ovuosgoody
369,7504350643155599377,OFF,GO,-1,,@millierose_16392,,Eliza,,N,1.00,,0%,7,7,0,15,15,0,0,1,,,#N/A,,,0,0,0,-1,-1,,"3,000",0,0,#N/A,,,?0.00,8,20,0,https://www.tiktok.com/@OFF
370,7537753110169518096,emily_luckyfinds,GO,-1,,@emilyt22_o,,Eliza,0,N,1.00,0,0%,7,7,0,15,15,0,0,1,"100,000","100,000",Down,1,,0,0,0,-1,-1,-3,0,0,0,-,0,,?0.00,8,20,0,https://www.tiktok.com/@emily_luckyfinds
371,7542952574803001360,..jasminep,GO,-1,,,,Eliza,0,N,1.00,0,0%,7,7,0,15,15,0,0,1,"100,000","100,000",Down,1,,0,0,0,-1,-1,-3,0,0,0,-,0,,?0.00,8,20,0,https://www.tiktok.com/@..jasminep
372,7562965220340170769,martadoesmusic,GO,-1,,,,Eliza,0,Y,1.00,0,0%,7,7,0,15,15,0,0,1,"100,000","100,000",Down,1,,0,0,3,-1,-1,-3,0,0,0,-,0,,?0.00,8,20,0,https://www.tiktok.com/@martadoesmusic
373,7584935662508490753,oliviachurcher_,GO,-1,,,,Eliza,0,N,1.00,0,0%,7,7,0,15,15,0,0,1,"100,000","100,000",Down,1,,0,0,0,-1,-1,-3,0,0,0,-,0,,?0.00,8,20,0,https://www.tiktok.com/@oliviachurcher_
374,7586259163341373457,naz23xox,GO,-1,,@naz23xox,,Eliza,0,N,1.00,0,0%,7,7,0,15,15,0,0,1,"100,000","100,000",Down,1,,0,0,0,-1,-1,-3,0,0,0,-,0,,?0.00,8,20,0,https://www.tiktok.com/@naz23xox
375,7591892296887582721,meganleighxox,GO,-1,,@megan_leigh188,,Eliza,0,N,1.00,0,0%,7,7,0,15,15,0,0,1,"100,000","100,000",Down,1,,0,0,0,-1,-1,-3,0,0,0,-,0,,?0.00,8,20,0,https://www.tiktok.com/@meganleighxox
495,7593105311939051537,rue_styleedits,GO,-1,,,,Eliza,0,N,1.00,0,0%,7,7,0,15,15,0,0,1,"100,000","100,000",Down,1,,0,0,0,-1,-1,-3,0,0,0,-,0,,?0.00,8,20,0,https://www.tiktok.com/@rue_styleedits
377,7593855768248582160,OFF,GO,-1,,,,Eliza,,N,1.00,,0%,7,7,0,15,15,0,0,1,,,#N/A,,,0,0,0,-1,-1,,0,0,0,#N/A,,,?0.00,8,20,0,https://www.tiktok.com/@OFF
378,7575167721852272657,realmissbalmain,GO,-1,,@missbalmain,,Eliza,0,N,1.00,0,0%,7,7,0,15,15,0,0,1,"100,000","100,000",Down,1,,0,0,0,-1,-1,-3,0,0,0,-,0,,?0.00,8,20,0,https://www.tiktok.com/@realmissbalmain
379,7608296293735235585,,GO,-1,,@Lil234ash567,,Eliza,,N,1.00,,0%,7,7,0,15,15,0,0,1,"100,000","100,000",#N/A,1,,10,0,0,-1,-1,,0,0,0,#N/A,,,?0.00,8,20,0,
380,7454700894580473872,irwmain,GO,-1,,@irwlive,,Eliza,0,N,1.00,0,0%,7,7,0,15,15,0,0,1,"100,000","100,000",Down,1,,0,0,0,-1,-1,-3,0,0,0,-,0,,?0.00,8,20,0,https://www.tiktok.com/@irwmain
381,7478464891448279057,_sarrareidd,GO,-1,,@sarrareid123,,Eliza,0,N,1.00,0,0%,7,7,0,15,15,0,0,1,"100,000","100,000",Down,1,,0,0,0,-1,-1,-3,0,0,0,-,0,,?0.00,8,20,0,https://www.tiktok.com/@_sarrareidd
382,7425612266881433617,kidchinyere,GO,-1,,,,Eliza,0,N,1.00,0,0%,7,7,0,15,15,0,0,1,"100,000","100,000",Down,1,,0,0,0,-1,-1,-3,0,0,0,-,0,,?0.00,8,20,0,https://www.tiktok.com/@kidchinyere
383,7581583532783517712,foundbyheidi,GO,-1,,@wkdpink,,LA,0,N,1.00,0,0%,7,7,0,15,15,0,0,1,"100,000","100,000",Down,1,,0,0,0,-1,-1,-3,0,0,0,-,0,,?0.00,8,20,0,https://www.tiktok.com/@foundbyheidi
384,7579222923618189329,emmalouisemc1,GO,-1,,,,Eliza,0,N,1.00,0,0%,7,7,0,15,15,0,0,1,"100,000","100,000",Down,1,,0,0,0,-1,-1,-3,0,0,0,-,0,,?0.00,8,20,0,https://www.tiktok.com/@emmalouisemc1
385,7480575084210651137,shaylawrence4,GO,-1,,,,Eliza,0,N,1.00,0,0%,7,7,0,15,15,0,0,1,"100,000","100,000",Down,1,,0,0,0,-1,-1,-3,0,0,0,-,0,,?0.00,8,20,0,https://www.tiktok.com/@shaylawrence4
386,7568587220219707393,bigm4ttyboy,GO,-1,,,,Eliza,0,N,1.00,0,0%,7,7,0,15,15,0,0,1,"100,000","100,000",Down,1,,0,0,0,-1,-1,-3,0,0,0,-,0,,?0.00,8,20,0,https://www.tiktok.com/@bigm4ttyboy
387,7611980341091418129,guruleekeys,GO,-1,,,,Eliza,0,N,1.00,0,0%,7,7,0,15,15,0,0,1,"100,000","100,000",Down,1,,0,0,0,-1,-1,-3,0,0,0,-,0,,?0.00,8,20,0,https://www.tiktok.com/@guruleekeys
388,7460226199030366209,ourspooky_home,GO,-1,,,,LA,0,N,1.00,0,0%,7,7,0,15,15,0,0,1,"100,000","100,000",Down,1,,0,0,0,-1,-1,-3,0,0,0,-,0,,?0.00,8,20,0,https://www.tiktok.com/@ourspooky_home
389,7549901475690971153,believer6470,GO,-1,,@sumaiya04895,,Eliza,0,N,1.00,0,0%,7,7,0,15,15,0,0,1,"100,000","100,000",Down,1,,0,0,0,-1,-1,-3,0,0,0,-,0,,?0.00,8,20,0,https://www.tiktok.com/@believer6470
390,7420693261460865041,whimsical_witch13,GO,-1,,@Cre,,LA,0,N,1.00,0,0%,7,7,0,15,15,0,0,1,"100,000","100,000",Down,1,,0,0,0,-1,-1,-3,0,0,0,-,0,,?0.00,8,20,0,https://www.tiktok.com/@whimsical_witch13
391,7545611389042458641,jayzontopcl,GO,-1,,,,Eliza,0,N,1.00,0,0%,7,7,0,15,15,0,0,1,"100,000","100,000",Down,1,,0,0,0,-1,-1,-3,0,0,0,-,0,,?0.00,8,20,0,https://www.tiktok.com/@jayzontopcl
392,7594853240475402257,gooodness93,GO,-1,,,,Eliza,0,N,1.00,0,0%,7,7,0,15,15,0,0,1,"100,000","100,000",Down,1,,0,0,0,-1,-1,-3,0,0,0,-,0,,?0.00,8,20,0,https://www.tiktok.com/@gooodness93
393,7538132304020144129,mrjoey0319,GO,-1,,,,Eliza,0,N,1.00,0,0%,7,7,0,15,15,0,0,1,"100,000","100,000",Down,1,,0,0,0,-1,-1,-3,0,0,0,-,0,,?0.00,8,20,0,https://www.tiktok.com/@mrjoey0319
394,7513862866395611152,tubzy1v,GO,-1,,,,Eliza,0,N,1.00,0,0%,7,7,0,15,15,0,0,1,"100,000","100,000",Down,1,,0,0,0,-1,-1,-3,0,0,0,-,0,,?0.00,8,20,0,https://www.tiktok.com/@tubzy1v
395,7595572355787751440,hairbyaimee21,GO,-1,4,,,,0,N,1.00,0,0%,7,7,0,15,15,0,0,1,"100,000","100,000",Down,1,,0,0,0,-1,-1,-3,0,0,0,-,0,,?0.00,8,20,0,https://www.tiktok.com/@hairbyaimee21
396,7471983623739129873,,GO,-1,,,,LA,,N,1.00,,0%,7,7,0,15,15,0,0,1,"100,000","100,000",#N/A,1,,0,0,0,-1,-1,,0,0,0,#N/A,,,?0.00,8,20,0,
397,7663616736654049301,pathankingkhan302,GO,-1,4,,,,0,Y,1.00,0,0%,7,7,0,15,15,0,0,1,"100,000","100,000",Down,1,,0,0,57,-1,-1,-3,0,0,0,-,0,,?0.00,8,20,0,https://www.tiktok.com/@pathankingkhan302
398,7663116153107300359,luthfaloves,GO,-1,4,,,,0,N,1.00,0,0%,7,7,0,15,15,0,0,1,"100,000","100,000",Down,1,,0,0,0,-1,-1,-3,0,0,0,-,0,,?0.00,8,20,0,https://www.tiktok.com/@luthfaloves
399,7662772650724409352,erincosgrove26,GO,-1,4,@eringaffney.,,,0,N,1.00,0,0%,7,7,0,15,15,0,0,1,"100,000","100,000",Down,1,,0,0,0,-1,-1,-3,0,0,0,-,0,,?0.00,8,20,0,https://www.tiktok.com/@erincosgrove26
400,7664320561857773585,constanceozioma,GO,-1,4,,,,0,N,1.00,0,0%,7,7,0,15,15,0,0,1,"100,000","100,000",Down,1,,0,0,0,-1,-1,-3,0,0,0,-,0,,?0.00,8,20,0,https://www.tiktok.com/@constanceozioma
401,7662759900174467088,deadex0,GO,-1,4,@Reece5319,,,0,N,1.00,0,0%,7,7,0,15,15,0,0,1,"100,000","100,000",Down,1,,0,0,0,-1,-1,-3,0,0,0,-,0,,?0.00,8,20,0,https://www.tiktok.com/@deadex0
402,7664244377354567696,clioquinn,GO,-1,4,,,,0,N,1.00,0,0%,7,7,0,15,15,0,0,1,"100,000","100,000",Down,1,,0,0,0,-1,-1,-3,0,0,0,-,0,,?0.00,8,20,0,https://www.tiktok.com/@clioquinn
403,7663135396217389077,elainegrice21,GO,-1,4,,,,0,Y,1.00,0,0%,7,7,0,15,15,0,0,1,"100,000","100,000",Down,1,,4,4,12,-1,-1,-3,0,0,0,-,0,,?0.00,8,20,0,https://www.tiktok.com/@elainegrice21
404,7663195236696555528,n.jurek1,GO,-1,4,,,,0,Y,1.00,0,0%,7,7,0,15,15,0,0,1,"100,000","100,000",Down,1,,3,7,104,-1,-1,-3,0,0,0,-,0,,?0.00,8,20,0,https://www.tiktok.com/@n.jurek1
405,7664269548970917908,mimo_adv,GO,-1,4,,,,0,Y,1.00,0,0%,7,7,0,15,15,0,0,1,"100,000","100,000",Down,1,,0,5,9,-1,-1,-3,0,0,0,-,0,,?0.00,8,20,0,https://www.tiktok.com/@mimo_adv
47,7663082656548159489,fire_r.s219,GO,-1,4,,,,1,Y,1.00,1,35%,7,6,1,15,14,124,961,1,"100,000","99,876",Down,1,,196,72,"1,149",-1,-1,-3,0,0,0,-,0,,?0.42,8,20,0,https://www.tiktok.com/@fire_r.s219
406,7662496461833191441,babymamawithoutthedrama,GO,-1,4,,,,0,Y,1.00,0,0%,7,7,0,15,15,0,0,1,"100,000","100,000",Down,1,,0,0,5,-1,-1,-3,0,0,0,-,0,,?0.00,8,20,0,https://www.tiktok.com/@babymamawithoutthedrama
407,7666215033080348690,walters_03,GO,-1,4,,,,0,N,1.00,0,0%,7,7,0,15,15,0,0,1,"100,000","100,000",Down,1,,0,0,0,-1,-1,-3,0,0,0,-,0,,?0.00,8,20,0,https://www.tiktok.com/@walters_03
408,7666407977532014599,carlykearsey,GO,-1,4,,,,0,N,1.00,0,0%,7,7,0,15,15,0,0,1,"100,000","100,000",Down,1,,0,0,0,-1,-1,-3,0,0,0,-,0,,?0.00,8,20,0,https://www.tiktok.com/@carlykearsey
409,7666008137207644168,terrazoom18,GO,-1,4,,,,0,N,1.00,0,0%,7,7,0,15,15,0,0,1,"100,000","100,000",Down,1,,0,0,0,-1,-1,-3,0,0,0,-,0,,?0.00,8,20,0,https://www.tiktok.com/@terrazoom18
410,7666115637676179463,relia1275,GO,-1,4,,,,1,Y,1.00,0,0%,7,7,0,15,15,0,0,1,"100,000","100,000",Down,1,,0,0,101,-1,-1,-3,0,0,0,-,0,,?0.00,8,20,0,https://www.tiktok.com/@relia1275
411,7666792977607704597,mentalhealth03,GO,-1,4,,,,0,N,1.00,0,0%,7,7,0,15,15,0,0,1,"100,000","100,000",Down,1,,0,0,0,-1,-1,-3,0,0,0,-,0,,?0.00,8,20,0,https://www.tiktok.com/@mentalhealth03
412,7666885502850826260,footballhighlights70,GO,-1,4,@jackt100566,,,0,N,1.00,0,0%,7,7,0,15,15,0,0,1,"100,000","100,000",Down,1,,0,0,0,-1,-1,-3,0,0,0,-,0,,?0.00,8,20,0,https://www.tiktok.com/@footballhighlights70
413,7584023923529039889,jenparanormal,GO,-1,4,,,,0,Y,1.00,0,0%,7,7,0,15,15,0,0,1,"100,000","100,000",Down,1,,0,8,1,-1,-1,-3,0,0,0,-,0,,?0.00,8,20,0,https://www.tiktok.com/@jenparanormal
414,7493933242354090000,charli.li,GO,-1,,@mushroomheart444,,LA,0,N,1.00,0,0%,7,7,0,15,15,0,0,1,"100,000","100,000",Down,1,,0,0,0,-1,-1,-3,0,0,0,-,0,,?0.00,8,20,0,https://www.tiktok.com/@charli.li
67,7668464017245224981,wolvesrich82,GO,-1,,#N/A,,#N/A,2,Y,1.00,2,70%,7,5,2,15,13,12,93,1,"100,000","99,988",Down,1,,277,265,169,-1,-1,-3,0,0,0,-,0,,?0.04,8,20,0,https://www.tiktok.com/@wolvesrich82
415,7667979622566412296,o_rashley,GO,-1,4,,,,0,N,1.00,0,0%,7,7,0,15,15,0,0,1,"100,000","100,000",Down,1,,0,0,0,-1,-1,-3,0,0,0,-,0,,?0.00,8,20,0,https://www.tiktok.com/@o_rashley
416,7668283620412030997,jo.noele,GO,-1,4,,,,0,N,1.00,0,0%,7,7,0,15,15,0,0,1,"100,000","100,000",Down,1,,0,0,0,-1,-1,-3,0,0,0,-,0,,?0.00,8,20,0,https://www.tiktok.com/@jo.noele
417,7668181853530177544,silvia_alves35,GO,-1,4,,,,0,N,1.00,0,0%,7,7,0,15,15,0,0,1,"100,000","100,000",Down,1,,0,0,0,-1,-1,-3,0,0,0,-,0,,?0.00,8,20,0,https://www.tiktok.com/@silvia_alves35
418,7667989165451214855,beatrice_gauca,GO,-1,4,,,,0,N,1.00,0,0%,7,7,0,15,15,0,0,1,"100,000","100,000",Down,1,,0,0,0,-1,-1,-3,0,0,0,-,0,,?0.00,8,20,0,https://www.tiktok.com/@beatrice_gauca
419,7668245514961534984,riaspam231,GO,-1,4,,,,0,Y,1.00,0,0%,7,7,0,15,15,0,0,1,"100,000","100,000",Down,1,,0,0,169,-1,-1,-3,0,0,0,-,0,,?0.00,8,20,0,https://www.tiktok.com/@riaspam231
420,7662106922090430482,victorkhan13177,GO,-1,4,,,,0,Y,1.00,0,0%,7,7,0,15,15,0,0,1,"100,000","100,000",Down,1,,0,0,1,-1,-1,-3,0,0,0,-,0,,?0.00,8,20,0,https://www.tiktok.com/@victorkhan13177
421,7669176335318679560,pakuk38,GO,-1,4,,,,0,Y,1.00,0,0%,7,7,0,15,15,0,0,1,"100,000","100,000",Down,1,,0,0,4,-1,-1,-3,0,0,0,-,0,,?0.00,8,20,0,https://www.tiktok.com/@pakuk38
422,7669926791808843783,OFF,GO,-1,3,@crypto0410,,,,Y,1.00,,0%,7,7,0,15,15,0,0,1,,,#N/A,,,0,0,"5,467",-1,3,,0,0,0,#N/A,,,?0.00,8,20,0,https://www.tiktok.com/@OFF
423,7669107960013946888,mrs_k2222,GO,-1,3,,,,0,N,1.00,0,0%,7,7,0,15,15,0,0,1,"100,000","100,000",Down,1,,0,0,0,-1,-1,-3,0,0,0,-,0,,?0.00,8,20,0,https://www.tiktok.com/@mrs_k2222
424,7668704832261341202,peak_eraaa,GO,-1,4,,,,0,N,1.00,0,0%,7,7,0,15,15,0,0,1,"100,000","100,000",Down,1,,0,0,0,-1,-1,-3,0,0,0,-,0,,?0.00,8,20,0,https://www.tiktok.com/@peak_eraaa
425,7669371478642606100,angelvanillacupcakess,GO,-1,4,,,,0,Y,1.00,0,0%,7,7,0,15,15,0,0,1,"100,000","100,000",Down,1,,6,23,17,-1,2,2,0,0,0,-,0,,?0.00,8,20,0,https://www.tiktok.com/@angelvanillacupcakess
37,7670937502663999496,kinseae,GO,-1,4,@kinsella._._,,,10,Y,1.00,0,0%,7,7,1,15,14,282,"2,186",1,"100,000","99,718",Down,1,,"6,251","5,969","2,826",2,-1,3,0,0,0,-,0,,?0.95,15,40,0,https://www.tiktok.com/@kinseae
426,7668960038085574674,evanora_1414,GO,-1,4,,,,0,Y,1.00,0,0%,7,7,0,15,15,0,0,1,"100,000","100,000",Down,1,,"1,134","1,134","1,395",-1,-1,-3,0,0,0,-,0,,?0.00,8,20,0,https://www.tiktok.com/@evanora_1414
427,7670900455958102024,alee0000m,GO,-1,4,,,,0,Y,1.00,0,0%,7,7,0,15,15,0,0,1,"100,000","100,000",Down,1,,0,0,804,-1,-1,-3,0,0,0,-,0,,?0.00,8,20,0,https://www.tiktok.com/@alee0000m
57,7670915165906436116,mortal_obsession,GO,-1,3,,,,17,Y,1.00,4,141%,7,3,19,15,-4,48,372,1,"100,000","99,952",Down,1,,"7,760","7,824","2,607",5,5,26,0,0,0,-,0,,?0.16,22,80,0,https://www.tiktok.com/@mortal_obsession
81,7670102370205974546,h.arthur7,GO,-1,3,,,,7,Y,1.00,1,35%,7,6,3,15,12,1,8,1,"100,000","99,999",Down,1,,292,291,855,-1,5,11,0,0,0,-,0,,?0.00,8,20,0,https://www.tiktok.com/@h.arthur7
428,7670869658853130261,melody.moo2,GO,-1,3,,,,0,Y,1.00,0,0%,7,7,0,15,15,0,0,1,"100,000","100,000",Down,1,,0,0,155,-1,2,2,0,0,0,-,0,,?0.00,8,20,0,https://www.tiktok.com/@melody.moo2
429,7669960390922567687,bluedomess,GO,-1,3,,,,0,Y,1.00,0,0%,7,7,0,15,15,0,0,1,"100,000","100,000",Down,1,,302,302,73,-1,-1,-3,0,0,0,-,0,,?0.00,8,20,0,https://www.tiktok.com/@bluedomess
430,7671731582457315349,OFF,GO,-1,3,@ratedbyrichie,,,,Y,1.00,,0%,7,7,0,15,15,0,0,1,,,#N/A,,,0,0,"7,592",-1,5,,0,0,0,#N/A,,,?0.00,8,20,0,https://www.tiktok.com/@OFF
431,7670270277531582484,jackontiktokk,GO,-1,3,@jackychan4891,,,0,Y,1.00,0,0%,7,7,0,15,15,0,0,1,"100,000","100,000",Down,1,,0,0,532,-1,5,11,0,0,0,-,0,,?0.00,8,20,0,https://www.tiktok.com/@jackontiktokk
432,7671044042716659730,zoe.fangirlforlife,GO,-1,3,,,,0,Y,1.00,0,0%,7,7,0,15,15,0,0,1,"100,000","100,000",Down,1,,3,3,9,-1,-1,-3,0,0,0,-,0,,?0.00,8,20,0,https://www.tiktok.com/@zoe.fangirlforlife
433,7671756924102361109,goneeee054,GO,-1,3,,,,0,N,1.00,0,0%,7,7,0,15,15,0,0,1,"100,000","100,000",Down,1,,0,0,0,-1,-1,-3,0,0,0,-,0,,?0.00,8,20,0,https://www.tiktok.com/@goneeee054
434,7671753220397645831,kylephilippe34,GO,-1,3,,,,0,N,1.00,0,0%,7,7,0,15,15,0,0,1,"100,000","100,000",Down,1,,0,0,0,-1,-1,-3,0,0,0,-,0,,?0.00,8,20,0,https://www.tiktok.com/@kylephilippe34
435,7667639046054658068,jenny.dee00,GO,-1,4,,,,0,Y,1.00,0,0%,7,7,0,15,15,0,0,1,"100,000","100,000",Down,1,,126,159,154,-1,-1,-3,0,0,0,-,0,,?0.00,8,20,0,https://www.tiktok.com/@jenny.dee00
436,7672460615222378504,verysecretxxxxx,GO,-1,3,,,,0,Y,1.00,0,0%,7,7,0,15,15,0,0,1,"100,000","100,000",Down,1,,0,0,48,-1,-1,-3,0,0,0,-,0,,?0.00,8,20,0,https://www.tiktok.com/@verysecretxxxxx
437,7672434007933616136,ajamsiin,GO,-1,3,,,,0,Y,1.00,0,0%,7,7,0,15,15,0,0,1,"100,000","100,000",Down,1,,97,104,1,-1,-1,-3,0,0,0,-,0,,?0.00,8,20,0,https://www.tiktok.com/@ajamsiin
438,7508011859509870609,akifkhan6465,GO,-1,3,,,,0,N,1.00,0,0%,7,7,0,15,15,0,0,1,"100,000","100,000",Down,1,,0,0,0,-1,-1,-3,0,0,0,-,0,,?0.00,8,20,0,https://www.tiktok.com/@akifkhan6465
439,7672894569201238034,stevosings,GO,-1,3,,,,0,N,1.00,0,0%,7,7,0,15,15,0,0,1,"100,000","100,000",Down,1,,0,0,0,-1,-1,-3,0,0,0,-,0,,?0.00,8,20,0,https://www.tiktok.com/@stevosings
440,7672462600348909575,kojanbekova.s,GO,-1,3,,,,0,Y,1.00,0,0%,7,7,0,15,15,0,0,1,"100,000","100,000",Down,1,,58,63,438,-1,-1,-3,0,0,0,-,0,,?0.00,8,20,0,https://www.tiktok.com/@kojanbekova.s
441,7672837078048243719,OFF,GO,-1,3,,,,,N,1.00,,0%,7,7,0,15,15,0,0,1,,,#N/A,,,0,0,0,-1,,,0,0,0,#N/A,,,?0.00,8,20,0,https://www.tiktok.com/@OFF
442,7672895156718288917,samjhanaghimire75,GO,-1,3,,,,0,N,1.00,0,0%,7,7,0,15,15,0,0,1,"100,000","100,000",Down,1,,0,0,0,-1,-1,-3,0,0,0,-,0,,?0.00,8,20,0,https://www.tiktok.com/@samjhanaghimire75
443,7668754915136831495,jojos_shitposts,GO,-1,4,@hexaduck,,,0,N,1.00,0,0%,7,7,0,15,15,0,0,1,"100,000","100,000",Down,1,,0,0,0,-1,-1,-3,0,0,0,-,0,,?0.00,8,20,0,https://www.tiktok.com/@jojos_shitposts
444,7489514653966401537,ikhtiarkhan5761,GO,-1,3,,,,0,Y,1.00,0,0%,7,7,0,15,15,0,0,1,"100,000","100,000",Down,1,,0,0,801,-1,5,11,0,0,0,-,0,,?0.00,8,20,0,https://www.tiktok.com/@ikhtiarkhan5761
445,7673044611631431701,OFF,GO,-1,3,@welsh_gsd_adventures,,,,Y,1.00,,0%,7,7,0,15,15,0,0,1,,,#N/A,,,0,0,5,-1,4,,0,0,0,#N/A,,,?0.00,8,20,0,https://www.tiktok.com/@OFF
446,7673570410633379858,healthymammy34xx,GO,-1,3,,,,0,Y,1.00,0,0%,7,7,0,15,15,0,0,1,"100,000","100,000",Down,1,,0,0,1,-1,2,2,0,0,0,-,0,,?0.00,8,20,0,https://www.tiktok.com/@healthymammy34xx
447,7673463078377422869,pavementsandpeaks,GO,-1,3,@pavementsandpeaks,,,0,N,1.00,0,0%,7,7,0,15,15,0,0,1,"100,000","100,000",Down,1,,0,0,0,-1,-1,-3,0,0,0,-,0,,?0.00,8,20,0,https://www.tiktok.com/@pavementsandpeaks
448,7673434575196127250,official_luke_bennett,GO,-1,3,@o_50588,,,0,N,1.00,0,0%,7,7,0,15,15,0,0,1,"100,000","100,000",Down,1,,0,0,0,-1,-1,-3,0,0,0,-,0,,?0.00,8,20,0,https://www.tiktok.com/@official_luke_bennett
449,7675115840727007253,.rylixx,GO,-1,3,,,,0,Y,1.00,0,0%,7,7,0,15,15,0,0,1,"100,000","100,000",Down,1,,32,32,487,-1,3,5,0,0,0,-,0,,?0.00,8,20,0,https://www.tiktok.com/@.rylixx
450,7674412764743581703,hadieditor01,GO,-1,3,,,,0,Y,1.00,0,0%,7,7,0,15,15,0,0,1,"100,000","100,000",Down,1,,0,0,882,-1,-1,-3,0,0,0,-,0,,?0.00,8,20,0,https://www.tiktok.com/@hadieditor01
451,7674985484904333333,w1ntaa.tech,GO,-1,3,,,,0,Y,1.00,0,0%,7,7,0,15,15,0,0,1,"100,000","100,000",Down,1,,30,30,195,-1,1,0,0,0,0,-,0,,?0.00,8,20,0,https://www.tiktok.com/@w1ntaa.tech
452,7673948862876499989,ellamulvaney,GO,-1,3,@ella03527,,,0,Y,1.00,0,0%,7,7,0,15,15,0,0,1,"100,000","100,000",Down,1,,0,0,36,-1,-1,-3,0,0,0,-,0,,?0.00,8,20,0,https://www.tiktok.com/@ellamulvaney
453,7665837954308309008,OFF,GO,-1,3,,,,,N,1.00,,0%,7,7,0,15,15,0,0,1,,,#N/A,,,0,0,0,-1,,,0,0,0,#N/A,,,?0.00,8,20,0,https://www.tiktok.com/@OFF
454,7673565766322634760,robertlovesjesus5,GO,-1,3,,,,0,Y,1.00,0,0%,7,7,0,15,15,0,0,1,"100,000","100,000",Down,1,,0,0,29,-1,-1,-3,0,0,0,-,0,,?0.00,8,20,0,https://www.tiktok.com/@robertlovesjesus5
455,7675245764569776148,asboafricangreyparrots,GO,-1,3,,,,0,Y,1.00,0,0%,7,7,0,15,15,0,0,1,"100,000","100,000",Down,1,,53,54,161,-1,-1,-3,0,0,0,-,0,,?0.00,8,20,0,https://www.tiktok.com/@asboafricangreyparrots
456,7674648953744506900,unknowhd3,GO,-1,3,,,,0,Y,1.00,0,0%,7,7,0,15,15,0,0,1,"100,000","100,000",Down,1,,0,9,26,-1,-1,-3,0,0,0,-,0,,?0.00,8,20,0,https://www.tiktok.com/@unknowhd3
457,7674743212468207623,tkd653,GO,-1,3,,,,0,N,1.00,0,0%,7,7,0,15,15,0,0,1,"100,000","100,000",Down,1,,0,0,0,-1,-1,-3,0,0,0,-,0,,?0.00,8,20,0,https://www.tiktok.com/@tkd653
55,7675130200904187924,abasher00,GO,-1,3,,,,4,Y,1.00,1,35%,7,6,5,15,10,61,473,1,"100,000","99,939",Down,1,,199,156,148,-1,-1,-3,0,0,0,-,0,,?0.21,8,20,0,https://www.tiktok.com/@abasher00
458,7675006233409224722,seb_lacko,GO,-1,3,,,,0,N,1.00,0,0%,7,7,0,15,15,0,0,1,"100,000","100,000",Down,1,,0,0,0,-1,-1,-3,0,0,0,-,0,,?0.00,8,20,0,https://www.tiktok.com/@seb_lacko
459,7674282536134115335,maa_tildaa,GO,-1,3,@mati_lda,,,0,Y,1.00,0,0%,7,7,0,15,15,0,0,1,"100,000","100,000",Down,1,,0,0,134,-1,5,11,0,0,0,-,0,,?0.00,8,20,0,https://www.tiktok.com/@maa_tildaa
460,7675050781946462229,babyjaykay,GO,-1,3,,,,0,N,1.00,0,0%,7,7,0,15,15,0,0,1,"100,000","100,000",Down,1,,0,0,0,-1,-1,-3,0,0,0,-,0,,?0.00,8,20,0,https://www.tiktok.com/@babyjaykay
461,7678051139224453141,kathleennn.x,GO,-1,3,,,,0,N,1.00,0,0%,7,7,0,15,15,0,0,1,"100,000","100,000",Down,1,,0,0,0,-1,-1,-3,0,0,0,-,0,,?0.00,8,20,0,https://www.tiktok.com/@kathleennn.x
462,7677729542278103058,thechriseffectgameing,GO,-1,3,@thechriseffect91,,,0,Y,1.00,0,0%,7,7,0,15,15,0,0,1,"100,000","100,000",Down,1,,2,314,202,-1,-1,-3,0,0,0,-,0,,?0.00,8,20,0,https://www.tiktok.com/@thechriseffectgameing
463,7675686373302763528,OFF,GO,-1,3,,,,,Y,1.00,,0%,7,7,0,15,15,0,0,1,,,#N/A,,,0,0,368,-1,-1,,0,0,0,#N/A,,,?0.00,8,20,0,https://www.tiktok.com/@OFF
464,7677202822169133064,OFF,GO,-1,3,,,,,N,1.00,,0%,7,7,0,15,15,0,0,1,,,#N/A,,,0,0,0,-1,,,0,0,0,#N/A,,,?0.00,8,20,0,https://www.tiktok.com/@OFF
465,7674739786195795989,sonnierobinson8,GO,-1,3,,,,0,Y,1.00,0,0%,7,7,0,15,15,0,0,1,"100,000","100,000",Down,1,,486,486,"1,987",-1,-1,-3,0,0,0,-,0,,?0.00,8,20,0,https://www.tiktok.com/@sonnierobinson8
466,7678387318276767765,kp.official07,GO,-1,3,,,,0,Y,1.00,0,0%,7,7,0,15,15,0,0,1,"100,000","100,000",Down,1,,0,81,66,-1,-1,-3,0,0,0,-,0,,?0.00,8,20,0,https://www.tiktok.com/@kp.official07
21,7441371288381177857,believeme561,GO,-1,3,,,,6,Y,1.00,0,0%,7,7,1,15,14,"1,509","11,695",1,"100,000","98,491",Down,1,,"46,084","49,857","12,247",1,-1,3,500,0,500,-,0,,?5.09,11,30,0,https://www.tiktok.com/@believeme561
467,7678992724726038548,cititraindrivingrecordi,GO,-1,3,,,,0,Y,1.00,0,0%,7,7,0,15,15,0,0,1,"100,000","100,000",Down,1,,5,5,"3,383",-1,-1,-3,0,0,0,-,0,,?0.00,8,20,0,https://www.tiktok.com/@cititraindrivingrecordi
50,7430480391179354128,sigma999a,GO,-1,3,@sigma778a_44443,,,7,Y,1.00,2,70%,7,5,5,15,10,113,876,1,"100,000","99,887",Down,1,,"4,451","4,346","2,352",2,-1,3,0,0,0,-,0,,?0.38,15,40,0,https://www.tiktok.com/@sigma999a
468,7662267986467848213,jayjay23118,GO,-1,4,,,,0,Y,1.00,0,0%,7,7,0,15,15,0,0,1,"100,000","100,000",Down,1,,0,0,616,-1,-1,-3,0,0,0,-,0,,?0.00,8,20,0,https://www.tiktok.com/@jayjay23118
19,7679566846584045586,ryanthezionist9,GO,-1,3,@ryansays.,,,17,Y,1.00,3,106%,7,4,8,15,7,"1,665","12,904",1,"100,000","98,335",Down,1,,"13,430","14,471",244,2,-1,4,0,0,0,-,0,,?5.62,15,40,0,https://www.tiktok.com/@ryanthezionist9
38,7681214159807234069,quote.hub27,GO,-1,2,@gracie06928,,,0,Y,1.00,0,0%,7,7,0,15,15,268,"2,077",1,"100,000","99,732",Down,1,,"74,695","80,579",,5,,16,"1,000",0,"1,000",-,0,,?0.90,22,80,0,https://www.tiktok.com/@quote.hub27
469,7682245535876562951,kashamalondon_,GO,-1,2,@@kashamalondon,,,0,Y,1.00,0,0%,7,7,0,15,15,0,0,1,"100,000","100,000",Down,1,,299,299,,5,,12,0,0,0,-,0,,?0.00,22,80,0,https://www.tiktok.com/@kashamalondon_
470,7681762945679982613,lemark3xxbackup,GO,-1,3,,,,0,Y,1.00,0,0%,7,7,0,15,15,0,0,1,"100,000","100,000",Down,1,,0,219,-2,-1,,-3,0,0,0,-,0,,?0.00,8,20,0,https://www.tiktok.com/@lemark3xxbackup
471,7682245535876562951,kashamalondon_,GO,-1,2,@kashamalondon,,,0,Y,1.00,0,0%,7,7,0,15,15,0,0,1,"100,000","100,000",Down,1,,299,299,,5,,12,0,0,0,-,0,,?0.00,22,80,0,https://www.tiktok.com/@kashamalondon_
472,7663082068942962706,lucafrl0,GO,-1,4,,,,0,Y,1.00,0,0%,7,7,0,15,15,0,0,1,"100,000","100,000",Down,1,,4,109,-2,-1,,-3,0,0,0,-,0,,?0.00,8,20,0,https://www.tiktok.com/@lucafrl0
473,7666100313694224392,clo.e761,GO,-1,4,,,,0,Y,1.00,0,0%,7,7,0,15,15,0,0,1,"100,000","100,000",Down,1,,0,70,-2,-1,,-3,0,0,0,-,0,,?0.00,8,20,0,https://www.tiktok.com/@clo.e761
474,7620923826867716097,,GO,-1,8,,,Eliza,,Y,1.00,,0%,7,7,0,15,15,0,0,1,"100,000","100,000",#N/A,1,,0,0,-2,-1,,,0,0,0,#N/A,,,?0.00,8,20,0,
475,7675425512432517127,amyalexandersings,GO,-1,3,,,,0,Y,1.00,0,0%,7,7,0,15,15,0,0,1,"100,000","100,000",Down,1,,5,5,-2,-1,,-3,0,0,0,-,0,,?0.00,8,20,0,https://www.tiktok.com/@amyalexandersings
39,7683292994983755797,datbritishbabe,GO,-1,2,,,,17,Y,1.00,1,35%,7,6,4,15,11,227,"1,759",1,"100,000","99,773",Down,1,,"1,079",852,,-1,,-3,0,0,0,-,0,,?0.77,8,20,0,https://www.tiktok.com/@datbritishbabe
18,7684951059055542279,ainamir_7,GO,-1,2,,,,7,Y,1.00,2,70%,7,5,10,15,5,"2,054","15,919",1,"100,000","97,946",Down,1,,"27,430","25,376",,4,,11,0,0,0,-,0,,?6.93,22,80,0,https://www.tiktok.com/@ainamir_7
476,7684626560713572359,OFF,GO,-1,2,,,,,Y,1.00,,0%,7,7,0,15,15,0,0,1,,,#N/A,,,0,0,,,,,0,0,0,#N/A,,,?0.00,8,20,0,https://www.tiktok.com/@OFF
8,7591089764997087233,danleesmith2,GO,-1,2,,,,0,Y,1.00,0,0%,7,7,0,15,15,"10,149","78,655",1,"100,000","89,851",Down,1,,"11,899","1,750",,-1,,-2,0,0,0,-,0,,?34.25,8,20,0,https://www.tiktok.com/@danleesmith2
20,7686147138715254804,yahmaring92,GO,-1,2,,,,11,Y,1.00,1,35%,7,6,5,15,10,"1,541","11,943",1,"100,000","98,459",Down,1,,"3,677","2,136",,3,,7,0,0,0,-,0,,?5.20,18,60,0,https://www.tiktok.com/@yahmaring92
75,7686587433860775957,little_spicy_nug,GO,-1,2,,,,0,Y,1.00,0,0%,7,7,1,15,14,2,16,1,"100,000","99,998",Down,1,,"6,775","6,773",,5,,12,0,0,0,-,0,,?0.01,22,80,0,https://www.tiktok.com/@little_spicy_nug
36,7446298719504433153,babyfaceshak13,GO,-1,2,,,,1,Y,1.00,1,35%,7,6,1,15,14,342,"2,651",1,"100,000","99,658",Down,1,,411,69,,-1,,-3,0,0,0,-,0,,?1.15,8,20,0,https://www.tiktok.com/@babyfaceshak13
41,7688206987368153109,babygirl_20281,GO,-1,2,,,,0,Y,1.00,2,70%,7,5,2,15,13,201,"1,558",1,"100,000","99,799",Down,1,,"1,258","1,057",,-1,,-3,0,0,0,-,0,,?0.68,8,20,0,https://www.tiktok.com/@babygirl_20281
477,7583381323927273488,OFF,GO,-1,2,,,,,Y,1.00,,0%,7,7,0,15,15,0,0,1,,,#N/A,,,0,0,,,,,0,0,0,#N/A,,,?0.00,8,20,0,https://www.tiktok.com/@OFF
478,7686605904204005384,ameliaxbx,GO,-1,2,,,,0,Y,1.00,0,0%,7,7,0,15,15,0,0,1,"100,000","100,000",Down,1,,"1,347","1,347",,-1,,-3,0,0,0,-,0,,?0.00,8,20,0,https://www.tiktok.com/@ameliaxbx
479,7545123463791591441,saint_1940,GO,-1,2,,,,0,Y,1.00,0,0%,7,7,0,15,15,0,0,1,"100,000","100,000",Down,1,,500,500,,2,,3,0,0,0,-,0,,?0.00,15,40,0,https://www.tiktok.com/@saint_1940
480,7688100870759677972,mr__s3f,GO,-1,2,,,,0,Y,1.00,0,0%,7,7,0,15,15,0,0,1,"100,000","100,000",Down,1,,"3,142","3,142",,2,,3,0,0,0,-,0,,?0.00,15,40,0,https://www.tiktok.com/@mr__s3f
51,7688255810622865416,suhana_rayamajhi,GO,-1,2,@suhana00465,,,32,Y,1.00,3,106%,7,4,5,15,10,110,853,1,"100,000","99,890",Down,1,,476,366,,-1,,-3,0,0,0,-,0,,?0.37,8,20,0,https://www.tiktok.com/@suhana_rayamajhi
481,7688371271914274823,kaynan21zo,GO,-1,2,@daniel21zo,,,0,Y,1.00,0,0%,7,7,0,15,15,0,0,1,"100,000","100,000",Down,1,,882,882,,3,,6,0,0,0,-,0,,?0.00,18,60,0,https://www.tiktok.com/@kaynan21zo
482,7542839903118213121,noah.cc28,GO,-1,4,@kob3s.,,,0,Y,1.00,0,0%,7,7,0,15,15,0,0,1,"100,000","100,000",Down,1,,2,2,-2,-1,,-3,0,0,0,-,0,,?0.00,8,20,0,https://www.tiktok.com/@noah.cc28
483,7689068024820678676,kelsiecartier,GO,-1,2,,,,0,Y,1.00,0,0%,7,7,0,15,15,0,0,1,"100,000","100,000",Down,1,,"7,619","7,619",,5,,12,0,0,0,-,0,,?0.00,22,80,0,https://www.tiktok.com/@kelsiecartier
484,7688582955488247829,malik.danish4552,GO,-1,2,,,,0,Y,1.00,0,0%,7,7,0,15,15,0,0,1,"100,000","100,000",Down,1,,547,547,,-1,,-3,0,0,0,-,0,,?0.00,8,20,0,https://www.tiktok.com/@malik.danish4552
24,7689129733048680468,paddyvlogs0121,GO,-1,2,@paddyvlogs,,,7,Y,1.00,2,70%,7,5,2,15,13,"1,249","9,680",1,"100,000","98,751",Down,1,,"2,987","1,738",,1,,1,0,0,0,-,0,,?4.22,11,30,0,https://www.tiktok.com/@paddyvlogs0121
13,7688885240206589970,geminibby04,GO,-1,2,@geminibaby04,,,1,Y,1.00,2,70%,7,5,2,15,13,"3,834","29,714",1,"100,000","96,166",Down,1,,"19,877","16,043",,5,,13,0,0,0,-,0,,?12.94,22,80,0,https://www.tiktok.com/@geminibby04
485,7429043148908920833,ava.lov,GO,-1,,,,Eliza,0,Y,1.00,0,0%,7,7,0,15,15,0,0,1,"100,000","100,000",Down,1,,"4,960","4,960",-2,-1,,-3,0,0,0,-,0,,?0.00,8,20,0,https://www.tiktok.com/@ava.lov
486,7689132265640804373,charlestaylorofficial,GO,-1,2,,,,0,Y,1.00,0,0%,7,7,0,15,15,0,0,1,"100,000","100,000",Down,1,,0,0,,-1,,-3,0,0,0,-,0,,?0.00,8,20,0,https://www.tiktok.com/@charlestaylorofficial
22,7688654813533487122,lexiplayzadoptme0,GO,-1,2,,,,11,Y,1.00,1,35%,7,6,2,15,13,"1,503","11,648",1,"100,000","98,497",Down,1,,"1,827",324,,5,,13,0,0,0,-,0,,?5.07,22,80,0,https://www.tiktok.com/@lexiplayzadoptme0
487,7689443157464989717,coreydvis,GO,-1,2,,,,0,Y,1.00,0,0%,7,7,0,15,15,0,0,1,"100,000","100,000",Down,1,,4,4,,-1,,-3,0,0,0,-,0,,?0.00,8,20,0,https://www.tiktok.com/@coreydvis
4,7689813298157764616,mkloafer4,GO,-1,2,,,,2,Y,1.00,0,0%,7,7,0,15,15,"15,971","123,775",1,"100,000","84,029",Down,1,,"29,011","13,040",,-1,,-2,0,0,0,-,0,,?53.90,8,20,0,https://www.tiktok.com/@mkloafer4
488,7690134946035531794,OFF,GO,-1,2,,,,,Y,1.00,,0%,7,7,0,15,15,0,0,1,,,#N/A,,,0,0,,,,,0,0,0,#N/A,,,?0.00,8,20,0,https://www.tiktok.com/@OFF
53,7689136721971331092,_afg__1,GO,-1,2,,,,0,Y,1.00,2,70%,7,5,3,15,12,95,736,1,"100,000","99,905",Down,1,,"5,043","4,948",,-1,,-3,0,0,0,-,0,,?0.32,8,20,0,https://www.tiktok.com/@_afg__1
489,7423840867888316432,musicaleigh,GO,-1,,#N/A,,#N/A,0,Y,1.00,0,0%,7,7,0,15,15,0,0,1,"100,000","100,000",Down,1,,0,0,-2,-1,,-3,0,0,0,-,0,,?0.00,8,20,0,https://www.tiktok.com/@musicaleigh
82,7690168518226018322,_essyman_,GO,-1,2,,,,0,Y,1.00,1,35%,7,6,1,15,14,1,8,1,"100,000","99,999",Down,1,,158,157,,5,,12,0,0,0,-,0,,?0.00,22,80,0,https://www.tiktok.com/@_essyman_
27,7690218194446909461,tobiasbats0,GO,-1,2,@tobiasbatis,,,10,Y,1.00,1,35%,7,6,1,15,14,"1,066","8,262",1,"100,000","98,934",Down,1,,"3,661","2,595",,5,,13,0,0,0,-,0,,?3.60,22,80,0,https://www.tiktok.com/@tobiasbats0
490,7550110415808921616,franky_boysupahot6,GO,-1,2,,,,0,Y,1.00,0,0%,7,7,0,15,15,0,0,1,"100,000","100,000",Down,1,,0,0,,-1,,-3,0,0,0,-,0,,?0.00,8,20,0,https://www.tiktok.com/@franky_boysupahot6
491,7690537391748268050,lewisjaxxs_97,GO,-1,2,,,,0,Y,1.00,0,0%,7,7,0,15,15,0,0,1,"100,000","100,000",Down,1,,0,0,,-1,,-3,0,0,0,-,0,,?0.00,8,20,0,https://www.tiktok.com/@lewisjaxxs_97
492,7549931958965501953,b_j_25_xx_xx,GO,-1,,,,Eliza,0,Y,1.00,0,0%,7,7,0,15,15,0,0,1,"100,000","100,000",Down,1,,1,1,25,-1,-1,-3,0,0,0,-,0,,?0.00,8,20,0,https://www.tiktok.com/@b_j_25_xx_xx
493,7690537391748268050,lewisjaxxs_97,GO,-1,2,,,,0,Y,1.00,0,0%,7,7,0,15,15,0,0,1,"100,000","100,000",Down,1,,0,0,,-1,,-3,0,0,0,-,0,,?0.00,8,20,0,https://www.tiktok.com/@lewisjaxxs_97
494,7690105337973882887,zorvex321,GO,-1,2,,,,0,Y,1.00,0,0%,7,7,0,15,15,0,0,1,"100,000","100,000",Down,1,,69,69,,5,,12,0,0,0,-,0,,?0.00,22,80,0,https://www.tiktok.com/@zorvex321
10,7690958542378909717,yesiamhere111,GO,-1,2,,,,0,Y,1.00,1,35%,7,6,1,15,14,"6,570","50,918",1,"100,000","93,430",Down,1,,"14,950","8,380",,-1,,-2,0,0,0,-,0,,?22.17,8,20,0,https://www.tiktok.com/@yesiamhere111
9,7690984703310020628,iamcosgrove,GO,-1,2,,,,"3,690",Y,1.00,2,70%,7,5,4,15,11,"8,271","64,100",1,"100,000","91,729",Down,1,,"14,379","6,108",,-1,,-2,0,0,0,-,0,,?27.91,8,20,0,https://www.tiktok.com/@iamcosgrove
42,7691429371193688072,charlie_sokell,GO,-1,2,,,,7,Y,1.00,1,35%,7,6,1,15,14,200,"1,550",1,"100,000","99,800",Down,1,,200,-1,,,,-3,0,0,0,-,0,,?0.68,8,20,0,https://www.tiktok.com/@charlie_sokell
44,7692116187169177652,phoebelangthorne12,GO,-1,1,@phoebeprimrose,,,17,Y,0.58,2,70%,5,3,3,9,6,195,"1,511",1,"100,000","99,805",Down,1,,195,,,,,-3,0,0,0,-,0,,?0.66,5,12,0,https://www.tiktok.com/@phoebelangthorne12
45,7691799198051876884,charllive5,GO,5,1,,,,10,Y,0.03,1,35%,,,3,,,157,"1,217",1,"100,000","99,843",Down,1,,157,,,,,15,0,0,0,-,0,,?0.53,1,1,0,https://www.tiktok.com/@charllive5
495,7690956033761476615,dr_n.e.n.i.n,GO,-1,2,@n.e.n.i.n,,,0,Y,1.00,0,0%,7,7,0,15,15,0,0,1,"100,000","100,000",Down,1,,0,-1,,,,-3,0,0,0,-,0,,?0.00,8,20,0,https://www.tiktok.com/@dr_n.e.n.i.n
43,7535856334281981953,kennyyasser,GO,-1,1,,,,4,Y,0.84,1,35%,6,5,3,13,10,200,"1,550",1,"100,000","99,800",Down,1,,200,,,,,-3,0,0,0,-,0,,?0.68,7,17,0,https://www.tiktok.com/@kennyyasser
49,7692312994092613650,farterboy0915,GO,2,1,,,,6,Y,0.13,2,70%,2,0,4,6,2,121,938,1,"100,000","99,879",Down,1,,121,,,,,6,0,0,0,-,0,,?0.41,2,3,0,https://www.tiktok.com/@farterboy0915
63,7691002146103525384,bmcr0161.com.uk,GO,-1,2,,,,2,Y,1.00,0,0%,7,7,0,15,15,20,155,1,"100,000","99,980",Down,1,,20,-1,,,,-3,0,0,0,-,0,,?0.07,8,20,0,https://www.tiktok.com/@bmcr0161.com.uk
73,7691956317463855111,official_kaciebrain,GO,-1,1,,,,10,Y,0.94,3,106%,7,4,6,15,9,4,31,1,"100,000","99,996",Down,1,,4,,,,,-3,0,0,0,-,0,,?0.01,8,19,0,https://www.tiktok.com/@official_kaciebrain
76,7538105059155116033,fusionprints.3d,GO,-1,4,@fusionprints,,,0,Y,1.00,0,0%,7,7,0,15,15,2,16,1,"100,000","99,998",Down,1,,2,-1,-2,,,-3,0,0,0,-,0,,?0.01,8,20,0,https://www.tiktok.com/@fusionprints.3d
,,,,,,,,,,,,,,,,,,,,,,,,,,,,,,,,,,,,,,,,0,0,0,
,,,,,,,,,,,,,,,,,,,,,,,,,,,,,,,,,,,,,,,,0,0,0,
,,,,,,,,,,,,,,,,,,,,,,,,,,,,,,,,,,,,,,,,0,0,0,
,,,,,,,,,,,,,,,,,,,,,,,,,,,,,,,,,,,,,,,,0,0,0,