UID,9/3,DIAMONDS,Aug 2026,Jul 2026,Jun 2026,May 2026,Apr 2026,Mar 2026,,TIER,Aug 2026,Jul 2026,Jun 2026,May 2026,Apr 2026,Mar 2026,,LEVEL,Aug 2026,Jul 2026,Jun 2026,May 2026,Apr 2026,Mar 2026,,REWARDS,Aug 2026,Jul 2026,Jun 2026,May 2026,Apr 2026,Mar 2026,,REVENUE,Aug 2026,Jul 2026,Jun 2026,May 2026,Apr 2026,Mar 2026
7401047742329470977,stiansings,"109,799","1,929,039","692,950","2,333,667","652,620","1,057,266","1,165,436",,2,7,5,7,9,,,,-1,5,3,5,3,4,5,,"23,000","22,000",0,"20,000","10,000","10,000","24,000",,?370.57,"?6,510.51","?2,338.71","?7,876.13","?2,202.59","?3,568.27","?3,933.35"
7457160386807332881,lex_therapy,"30,069","380,411","317,973","334,715","218,329","428,393","423,079",,1,4,4,4,3,,,,-1,3,3,4,2,4,5,,"8,500","4,500",0,"1,000","9,000","9,000","11,000",,?101.48,"?1,283.89","?1,073.16","?1,129.66",?736.86,"?1,445.83","?1,427.89"
7574151038060593169,lucamusicuk,"5,252","101,760","34,054","97,040","183,920","111,040","39,823",,1,2,1,1,1,,,,-1,2,0,1,3,1,-1,,"4,500","2,000",0,"2,000","2,000",0,0,,?17.73,?343.44,?114.93,?327.51,?620.73,?374.76,?134.40
7559193040137486337,glitterzbyashleigh,"3,002","36,301","217,939","50,681","35,248","45,132","60,025",,1,1,3,1,1,,,,-1,1,3,2,4,4,5,,0,"2,000",0,0,0,0,0,,?10.13,?122.52,?735.54,?171.05,?118.96,?152.32,?202.58
7404012779482464257,ironladyontt,0,0,"31,463","4,924","34,613","132,222","42,465",,1,1,1,1,1,,,,-1,-1,1,-1,0,4,3,,0,0,0,0,"3,000",0,0,,?0.00,?0.00,?106.19,?16.62,?116.82,?446.25,?143.32
7359135227828011013,courtneycyrus123,0,0,"10,183",0,"30,683","65,470","274,678",,1,1,1,1,1,,,,-1,-1,-1,-1,-1,-1,2,,0,0,0,0,0,"7,000","4,500",,?0.00,?0.00,?34.37,?0.00,?103.56,?220.96,?927.04
7493920503741284369,shelby.d3st1ny,0,0,0,"4,906","6,585","5,927","16,152",,1,1,1,1,1,,,,-1,-1,-1,-1,0,2,3,,0,0,0,0,0,0,0,,?0.00,?0.00,?0.00,?16.56,?22.22,?20.00,?54.51
7406620553374646289,strength_byalex,"2,231","5,564","6,510","20,873","13,234","24,439","24,545",,1,1,1,1,1,,,,-1,0,2,2,2,1,2,,0,0,0,"1,000",0,0,0,,?7.53,?18.78,?21.97,?70.45,?44.66,?82.48,?82.84
7359137203303317510,misskirsteab,697,"4,319","7,060","6,003","20,720","20,856","8,343",,1,1,1,1,1,,,,-1,-1,-1,-1,-1,-1,-1,,0,0,0,0,0,0,0,,?2.35,?14.58,?23.83,?20.26,?69.93,?70.39,?28.16
7424421480626225169,official_gonul,0,"6,421","4,447","3,937","8,732","18,430","18,693",,1,1,1,1,1,,,,-1,2,2,-1,3,4,3,,0,0,0,0,0,0,0,,?0.00,?21.67,?15.01,?13.29,?29.47,?62.20,?63.09
7401799282707415041,evolutionguidance,"2,086","8,125","12,333","42,870","19,466","25,039","21,443",,1,1,1,1,1,,,,-1,4,3,1,2,4,5,,0,0,0,"2,000",0,0,0,,?7.04,?27.42,?41.62,?144.69,?65.70,?84.51,?72.37
7500922616144871440,marcusjosephsax,264,"16,116","9,538","9,640","7,568","7,607","12,808",,1,1,1,1,1,,,,-1,3,1,2,1,2,3,,0,0,0,0,0,0,0,,?0.89,?54.39,?32.19,?32.54,?25.54,?25.67,?43.23
7359138562056617990,clairewaldo1,155,"2,884","2,004",268,"3,062","11,213","3,296",,1,1,1,1,1,,,,-1,-1,-1,-1,-1,-1,-1,,0,0,0,0,0,0,0,,?0.52,?9.73,?6.76,?0.90,?10.33,?37.84,?11.12
7455670427764129809,caenhillcc,23,531,78,534,"2,139","1,047",630,,1,1,1,1,1,,,,-1,-1,-1,-1,-1,-1,-1,,0,0,0,0,0,0,0,,?0.08,?1.79,?0.26,?1.80,?7.22,?3.53,?2.13
7386542166048260112,call_itmusic,0,0,0,"1,317","11,424",4,150,,1,1,1,1,1,,,,-1,-1,-1,-1,-1,-1,-1,,0,0,0,0,0,0,0,,?0.00,?0.00,?0.00,?4.44,?38.56,?0.01,?0.51
7513287079821000721,thewalkingbusker,"2,818","5,805",491,0,"6,794","9,831","26,028",,1,1,1,1,1,,,,-1,1,-1,-1,1,3,2,,0,0,0,0,0,0,0,,?9.51,?19.59,?1.66,?0.00,?22.93,?33.18,?87.84
7378871247721250833,epicplaysgtytt,0,0,0,0,"1,388",0,0,,1,1,1,1,1,,,,-1,-1,-1,-1,-1,-1,-1,,0,0,0,0,0,0,0,,?0.00,?0.00,?0.00,?0.00,?4.68,?0.00,?0.00
7425485491497304081,sxjayx5,55,862,"1,318","2,370","1,369","1,397","2,273",,1,1,1,1,1,,,,-1,3,3,4,4,4,4,,0,0,0,0,0,0,0,,?0.19,?2.91,?4.45,?8.00,?4.62,?4.71,?7.67
7563974554528546817,natalieanderson60,3,"1,066",521,"5,461",987,"4,541","6,774",,1,1,1,1,1,,,,-1,2,-1,-1,-1,-1,1,,0,0,0,0,0,0,0,,?0.01,?3.60,?1.76,?18.43,?3.33,?15.33,?22.86
7629140935636598801,jackmacleodmusic,0,"3,938","2,667","1,050",,,,,1,1,1,1,,,,,-1,-1,-1,-1,,,,,0,0,0,0,0,0,0,,?0.00,?13.29,?9.00,?3.54,?0.00,?0.00,?0.00
7548763772069003280,kingqueenkemitv,0,0,1,6,"1,020","2,015","1,475",,1,1,1,1,1,,,,-1,-1,-1,-1,-1,-1,-1,,0,0,0,0,0,0,0,,?0.00,?0.00,?0.00,?0.02,?3.44,?6.80,?4.98
7457198766941077521,soulbowlsheffield,0,0,0,6,"1,217","1,299","1,359",,1,1,1,1,1,,,,-1,-1,-1,-1,0,-1,1,,0,0,0,0,0,0,0,,?0.00,?0.00,?0.00,?0.02,?4.11,?4.38,?4.59
7456790095128199169,chef.yk,0,"1,681",382,692,"1,594",636,711,,1,1,1,1,1,,,,-1,-1,-1,-1,-1,-1,-1,,0,0,0,0,0,0,0,,?0.00,?5.67,?1.29,?2.34,?5.38,?2.15,?2.40
7397527387480670224,patrickkimberguitar,0,"5,838","3,276","2,412","6,237","2,412","1,192",,1,1,1,1,1,,,,-1,-1,-1,-1,-1,-1,-1,,0,0,0,0,0,0,0,,?0.00,?19.70,?11.06,?8.14,?21.05,?8.14,?4.02
7484227171913859088,adhdromainsounds,0,0,0,7,0,"1,360",0,,1,1,1,1,1,,,,-1,-1,-1,-1,-1,-1,-1,,0,0,0,0,0,0,0,,?0.00,?0.00,?0.00,?0.02,?0.00,?4.59,?0.00
7608296293735235585,lilylovesfia,0,0,0,0,642,0,32,,1,1,1,1,1,,,,-1,-1,-1,-1,-1,-1,-1,,0,0,0,0,0,0,0,,?0.00,?0.00,?0.00,?0.00,?2.17,?0.00,?0.11
7502089548202147857,funkendoscoop,0,0,"3,763",722,661,5,0,,1,1,1,1,1,,,,-1,-1,-1,-1,-1,-1,-1,,0,0,0,0,0,0,0,,?0.00,?0.00,?12.70,?2.44,?2.23,?0.02,?0.00
7435079276774539280,cjkonnichiwaa,0,111,166,500,,,,,1,1,1,1,,,,,-1,-1,-1,-1,,,,,0,0,0,0,0,0,0,,?0.00,?0.37,?0.56,?1.69,?0.00,?0.00,?0.00
7536956005125472273,brandonfletchermusic,0,0,3,0,608,"1,089","3,311",,1,1,1,1,1,,,,-1,-1,-1,-1,-1,-1,-1,,0,0,0,0,0,0,0,,?0.00,?0.00,?0.01,?0.00,?2.05,?3.68,?11.17
7454199645766467600,edensedits0,0,1,34,62,683,19,290,,1,1,1,1,1,,,,-1,-1,-1,-1,-1,-1,-1,,0,0,0,0,0,0,0,,?0.00,?0.00,?0.11,?0.21,?2.31,?0.06,?0.98
7433101771305648144,btrbrian,1,146,28,735,"1,069",145,164,,1,1,1,1,1,,,,-1,-1,-1,2,-1,-1,0,,0,0,0,0,0,0,0,,?0.00,?0.49,?0.09,?2.48,?3.61,?0.49,?0.55
7454700894580473872,irwmain,0,0,0,0,,,,,1,1,1,1,,,,,-1,-1,-1,-1,,,,,0,0,0,0,0,0,0,,?0.00,?0.00,?0.00,?0.00,?0.00,?0.00,?0.00
7359136943508291589,harmonicaboy4,21,366,490,193,669,457,382,,1,1,1,1,1,,,,-1,-1,-1,-1,-1,-1,-1,,0,0,0,0,0,0,0,,?0.07,?1.24,?1.65,?0.65,?2.26,?1.54,?1.29
7515518744345706497,rob_officialmusic,0,0,0,0,505,0,0,,1,1,1,1,1,,,,-1,-1,-1,-1,-1,-1,-1,,0,0,0,0,0,0,0,,?0.00,?0.00,?0.00,?0.00,?1.70,?0.00,?0.00
7451696074924015632,cristinacarryon,0,0,101,6,486,0,646,,1,1,1,1,1,,,,-1,-1,-1,-1,-1,-1,-1,,0,0,0,0,0,0,0,,?0.00,?0.00,?0.34,?0.02,?1.64,?0.00,?2.18
7564701711827435537,godwin_je,0,"2,028","6,924","2,625",410,"13,467",0,,1,1,1,1,1,,,,-1,-1,-1,-1,-1,-1,-1,,0,0,0,0,0,0,0,,?0.00,?6.84,?23.37,?8.86,?1.38,?45.45,?0.00
7555797036826886161,joltik.jrdn,0,"1,144",13,748,334,"1,745",520,,1,1,1,1,1,,,,-1,-1,2,1,4,3,4,,0,0,0,0,0,0,0,,?0.00,?3.86,?0.04,?2.52,?1.13,?5.89,?1.76
7460229802427940881,thelegendarynutjob,0,327,350,"1,137",0,0,40,,1,1,1,1,1,,,,-1,-1,-1,-1,-1,-1,-1,,0,0,0,0,0,0,0,,?0.00,?1.10,?1.18,?3.84,?0.00,?0.00,?0.14
7471238655693275153,the0nlyella_,26,44,386,1,322,140,8,,1,1,1,1,1,,,,-1,-1,-1,-1,-1,-1,-1,,0,0,0,0,0,0,0,,?0.09,?0.15,?1.30,?0.00,?1.09,?0.47,?0.03
7459732425032302609,calmcreatives,0,0,260,0,504,953,"2,682",,1,1,1,1,1,,,,-1,-1,1,-1,-1,0,1,,0,0,0,0,0,0,0,,?0.00,?0.00,?0.88,?0.00,?1.70,?3.22,?9.05
7560597496783716368,#N/A,0,0,207,864,265,155,15,,1,1,1,1,1,,,,-1,-1,0,2,1,2,-1,,0,0,0,0,0,0,0,,?0.00,?0.00,?0.70,?2.92,?0.89,?0.52,?0.05
7517579358937300993,barbiedoom,0,113,122,"2,050",341,0,510,,1,1,1,1,1,,,,-1,-1,-1,-1,-1,-1,-1,,0,0,0,0,0,0,0,,?0.00,?0.38,?0.41,?6.92,?1.15,?0.00,?1.72
7439175327164792833,markiza618sagittarius,15,157,33,130,830,896,275,,1,1,1,1,1,,,,-1,1,-1,-1,-1,-1,-1,,0,0,0,0,0,0,0,,?0.05,?0.53,?0.11,?0.44,?2.80,?3.02,?0.93
7602712379830566913,#N/A,0,0,"1,729",517,"1,297","6,764",0,,1,1,1,1,1,,,,-1,-1,2,-1,0,2,-1,,0,0,0,0,0,0,0,,?0.00,?0.00,?5.84,?1.74,?4.38,?22.83,?0.00
7491010481055072273,shaunharuk,0,42,0,39,279,122,126,,1,1,1,1,1,,,,-1,-1,-1,-1,-1,-1,-1,,0,0,0,0,0,0,0,,?0.00,?0.14,?0.00,?0.13,?0.94,?0.41,?0.43
7504741588686585872,karlenelee34,0,240,981,686,163,48,391,,1,1,1,1,1,,,,-1,-1,-1,-1,-1,-1,-1,,0,0,0,0,0,0,0,,?0.00,?0.81,?3.31,?2.32,?0.55,?0.16,?1.32
7359138398755389445,vgxillusion05,0,0,0,0,145,0,0,,1,1,1,1,1,,,,-1,-1,-1,-1,-1,-1,-1,,0,0,0,0,0,0,0,,?0.00,?0.00,?0.00,?0.00,?0.49,?0.00,?0.00
7510159837490151425,,0,0,520,7,142,149,93,,1,1,1,1,1,,,,-1,-1,-1,-1,-1,-1,-1,,0,0,0,0,0,0,0,,?0.00,?0.00,?1.76,?0.02,?0.48,?0.50,?0.31
7535449571028189200,simplyracheljack,0,205,619,85,137,161,37,,1,1,1,1,1,,,,-1,1,3,-1,-1,-1,-1,,0,0,0,0,0,0,0,,?0.00,?0.69,?2.09,?0.29,?0.46,?0.54,?0.12
7391802279017332752,shelleofficial1,0,0,1,2,92,161,16,,1,1,1,1,1,,,,-1,-1,-1,-1,-1,-1,-1,,0,0,0,0,0,0,0,,?0.00,?0.00,?0.00,?0.01,?0.31,?0.54,?0.05
7408512779071782913,robert_artus,1,"4,446",386,22,90,0,62,,1,1,1,1,1,,,,-1,2,-1,-1,-1,-1,-1,,0,0,0,0,0,0,0,,?0.00,?15.01,?1.30,?0.07,?0.30,?0.00,?0.21
7406067026885607425,elliecheesmanx,0,19,0,0,0,0,0,,1,1,1,1,1,,,,-1,-1,-1,-1,-1,-1,-1,,0,0,0,0,0,0,0,,?0.00,?0.06,?0.00,?0.00,?0.00,?0.00,?0.00
7568562881596456977,kiarabl31,0,14,"1,071",0,72,38,319,,1,1,1,1,1,,,,-1,-1,-1,-1,-1,-1,-1,,0,0,0,0,0,0,0,,?0.00,?0.05,?3.61,?0.00,?0.24,?0.13,?1.08
7517771065578340368,cabquiz,0,0,110,82,0,0,0,,1,1,1,1,1,,,,-1,-1,-1,-1,-1,-1,-1,,0,0,0,0,0,0,0,,?0.00,?0.00,?0.37,?0.28,?0.00,?0.00,?0.00
7417364405400387600,anka.1100,0,179,13,420,282,145,605,,1,1,1,1,1,,,,-1,-1,-1,-1,-1,-1,-1,,0,0,0,0,0,0,0,,?0.00,?0.60,?0.04,?1.42,?0.95,?0.49,?2.04
7423054473775316993,onitriaz,0,0,1,20,60,0,0,,1,1,1,1,1,,,,-1,-1,-1,1,2,-1,-1,,0,0,0,0,0,0,0,,?0.00,?0.00,?0.00,?0.07,?0.20,?0.00,?0.00
7422607140935958545,pixiefolds,0,199,0,0,63,0,106,,1,1,1,1,1,,,,-1,-1,-1,-1,-1,-1,-1,,0,0,0,0,0,0,0,,?0.00,?0.67,?0.00,?0.00,?0.21,?0.00,?0.36
7494237972632551425,marky_ttr,0,"1,183",7,0,441,43,0,,1,1,1,1,1,,,,-1,2,-1,-1,1,-1,-1,,0,0,0,0,0,0,0,,?0.00,?3.99,?0.02,?0.00,?1.49,?0.15,?0.00
7556663150247051265,eviejones3,261,963,0,25,202,13,"1,403",,1,1,1,1,1,,,,-1,-1,-1,-1,-1,-1,-1,,0,0,0,0,0,0,0,,?0.88,?3.25,?0.00,?0.08,?0.68,?0.04,?4.74
7484287482352418833,enforcerrr_,0,0,0,0,0,0,0,,1,1,1,1,1,,,,-1,-1,-1,-1,-1,-1,-1,,0,0,0,0,0,0,0,,?0.00,?0.00,?0.00,?0.00,?0.00,?0.00,?0.00
7514829787777744897,georgeroffeart,0,593,68,459,276,"1,200","1,294",,1,1,1,1,1,,,,-1,-1,-1,-1,-1,-1,1,,0,0,0,0,0,0,0,,?0.00,?2.00,?0.23,?1.55,?0.93,?4.05,?4.37
7570774000566026241,#N/A,0,0,0,6,0,133,0,,1,1,1,1,1,,,,-1,-1,-1,-1,-1,-1,-1,,0,0,0,0,0,0,0,,?0.00,?0.00,?0.00,?0.02,?0.00,?0.45,?0.00
7499232263918354449,theresonly0neme,0,6,154,55,0,0,0,,1,1,1,1,1,,,,-1,-1,-1,-1,-1,-1,-1,,0,0,0,0,0,0,0,,?0.00,?0.02,?0.52,?0.19,?0.00,?0.00,?0.00
7428514488120557585,amzyisthelordsown,0,0,0,0,75,138,373,,1,1,1,1,1,,,,-1,-1,-1,-1,-1,-1,0,,0,0,0,0,0,0,0,,?0.00,?0.00,?0.00,?0.00,?0.25,?0.47,?1.26
7451058922187669505,dylanrhyswalsh,0,0,0,45,0,0,0,,1,1,1,1,1,,,,-1,-1,-1,-1,-1,-1,-1,,0,0,0,0,0,0,0,,?0.00,?0.00,?0.00,?0.15,?0.00,?0.00,?0.00
7410046110045290497,niyaneeporter,0,0,0,0,31,0,0,,1,1,1,1,1,,,,-1,-1,-1,-1,-1,-1,-1,,0,0,0,0,0,0,0,,?0.00,?0.00,?0.00,?0.00,?0.10,?0.00,?0.00
7435672049990828048,444.jemima,0,0,0,0,43,0,0,,1,1,1,1,1,,,,-1,-1,-1,-1,-1,-1,-1,,0,0,0,0,0,0,0,,?0.00,?0.00,?0.00,?0.00,?0.15,?0.00,?0.00
7463512646000754705,ixxjvsh,0,52,"3,000",30,0,0,0,,1,1,1,1,1,,,,-1,-1,-1,-1,-1,-1,-1,,0,0,0,0,0,0,0,,?0.00,?0.18,?10.13,?0.10,?0.00,?0.00,?0.00
7453824472156782593,reanashaa,0,11,2,"1,167",15,53,"1,204",,1,1,1,1,1,,,,-1,-1,-1,-1,-1,-1,-1,,0,0,0,0,0,0,0,,?0.00,?0.04,?0.01,?3.94,?0.05,?0.18,?4.06
7485426339571400720,tashafultonnnnn,0,0,0,11,19,3,1,,1,1,1,1,1,,,,-1,-1,-1,-1,-1,-1,-1,,0,0,0,0,0,0,0,,?0.00,?0.00,?0.00,?0.04,?0.06,?0.01,?0.00
7522547802002472976,jackcampbell_live,352,0,10,0,22,2,101,,1,1,1,1,1,,,,-1,-1,-1,-1,-1,-1,-1,,0,0,0,0,0,0,0,,?1.19,?0.00,?0.03,?0.00,?0.07,?0.01,?0.34
7425891447464853520,mariobtw0,0,20,0,"3,173",21,0,0,,1,1,1,1,1,,,,-1,-1,-1,-1,-1,-1,-1,,0,0,0,0,0,0,0,,?0.00,?0.07,?0.00,?10.71,?0.07,?0.00,?0.00
7477905644465438737,rosemixing,0,1,33,4,20,177,179,,1,1,1,1,1,,,,-1,-1,-1,-1,-1,-1,-1,,0,0,0,0,0,0,0,,?0.00,?0.00,?0.11,?0.01,?0.07,?0.60,?0.60
7593357198978236432,harry_mortgage_adviser,8,4,0,6,12,7,152,,1,1,1,1,1,,,,-1,-1,-1,-1,-1,-1,-1,,0,0,0,0,0,0,0,,?0.03,?0.01,?0.00,?0.02,?0.04,?0.02,?0.51
7539187112411725841,olivercordingley,0,0,0,6,3,0,0,,1,1,1,1,1,,,,-1,-1,-1,-1,-1,-1,-1,,0,0,0,0,0,0,0,,?0.00,?0.00,?0.00,?0.02,?0.01,?0.00,?0.00
7466008135627587600,juttbrothers.co,326,614,0,5,8,0,532,,1,1,1,1,1,,,,-1,1,-1,1,4,1,-1,,0,0,0,0,0,0,0,,?1.10,?2.07,?0.00,?0.02,?0.03,?0.00,?1.80
7469080134004277265,aneelmusic,0,0,0,0,0,0,0,,1,1,1,1,1,,,,-1,-1,-1,-1,-1,-1,-1,,0,0,0,0,0,0,0,,?0.00,?0.00,?0.00,?0.00,?0.00,?0.00,?0.00
7438337214876188673,mark.maxwell_,0,0,0,0,7,0,0,,1,1,1,1,1,,,,-1,-1,-1,-1,-1,-1,-1,,0,0,0,0,0,0,0,,?0.00,?0.00,?0.00,?0.00,?0.02,?0.00,?0.00
7480302651985559553,lavinia17x,0,0,0,530,7,76,213,,1,1,1,1,1,,,,-1,-1,-1,-1,-1,-1,-1,,0,0,0,0,0,0,0,,?0.00,?0.00,?0.00,?1.79,?0.02,?0.26,?0.72
7473114416809050128,allhailsarah,1,2,0,7,0,1,3,,1,1,1,1,1,,,,-1,-1,-1,-1,-1,-1,-1,,0,0,0,0,0,0,0,,?0.00,?0.01,?0.00,?0.02,?0.00,?0.00,?0.01
7611980341091418129,guruleekeys,0,0,0,0,,,,,1,1,1,1,,,,,-1,-1,-1,-1,,,,,0,0,0,0,0,0,0,,?0.00,?0.00,?0.00,?0.00,?0.00,?0.00,?0.00
7417178442334191633,dailysleen,0,0,0,0,6,401,0,,1,1,1,1,1,,,,-1,-1,-1,-1,-1,-1,-1,,0,0,0,0,0,0,0,,?0.00,?0.00,?0.00,?0.00,?0.02,?1.35,?0.00
7405122753059242000,the.jaynathan,0,0,22,0,0,0,0,,1,1,1,1,1,,,,-1,-1,-1,-1,-1,-1,-1,,0,0,0,0,0,0,0,,?0.00,?0.00,?0.07,?0.00,?0.00,?0.00,?0.00
7393779588561747985,a.dingles.story,0,0,0,8,334,"1,974","12,508",,1,1,1,1,1,,,,-1,-1,-1,-1,-1,-1,1,,0,0,0,0,0,0,0,,?0.00,?0.00,?0.00,?0.03,?1.13,?6.66,?42.21
7618692374247686145,maiahewardmills,0,3,39,0,37,4,100,,1,1,1,1,1,,,,-1,-1,-1,-1,-1,-1,-1,,0,0,0,0,0,0,0,,?0.00,?0.01,?0.13,?0.00,?0.12,?0.01,?0.34
7472838737081188368,nickgermanacos,0,51,19,1,15,86,0,,1,1,1,1,1,,,,-1,-1,-1,-1,-1,-1,-1,,0,0,0,0,0,0,0,,?0.00,?0.17,?0.06,?0.00,?0.05,?0.29,?0.00
7478721150844059649,lozzap1230,0,5,0,117,3,0,1,,1,1,1,1,1,,,,-1,-1,-1,-1,-1,-1,-1,,0,0,0,0,0,0,0,,?0.00,?0.02,?0.00,?0.39,?0.01,?0.00,?0.00
7472352964137762832,ja5m13._,0,297,87,110,0,295,169,,1,1,1,1,1,,,,-1,-1,-1,-1,-1,-1,-1,,0,0,0,0,0,0,0,,?0.00,?1.00,?0.29,?0.37,?0.00,?1.00,?0.57
7545536910274576401,nainzjunior,0,2,0,3,0,652,0,,1,1,1,1,1,,,,-1,-1,-1,-1,-1,-1,-1,,0,0,0,0,0,0,0,,?0.00,?0.01,?0.00,?0.01,?0.00,?2.20,?0.00
7486636093568188417,dannybastable,0,0,4,33,0,0,0,,1,1,1,1,1,,,,-1,-1,-1,-1,-1,-1,-1,,0,0,0,0,0,0,0,,?0.00,?0.00,?0.01,?0.11,?0.00,?0.00,?0.00
7491030163065405457,dianamariemummaof3,0,213,1,4,6,0,87,,1,1,1,1,1,,,,-1,-1,-1,-1,-1,-1,-1,,0,0,0,0,0,0,0,,?0.00,?0.72,?0.00,?0.01,?0.02,?0.00,?0.29
7425948630030385169,cptnmels,0,0,0,0,2,0,258,,1,1,1,1,1,,,,-1,-1,-1,-1,-1,-1,-1,,0,0,0,0,0,0,0,,?0.00,?0.00,?0.00,?0.00,?0.01,?0.00,?0.87
7563657409001062416,justpamellaxo,0,1,0,38,1,10,0,,1,1,1,1,1,,,,-1,-1,-1,-1,-1,-1,-1,,0,0,0,0,0,0,0,,?0.00,?0.00,?0.00,?0.13,?0.00,?0.03,?0.00
7553587368931065873,melwesty,0,0,1,15,14,9,32,,1,1,1,1,1,,,,-1,-1,-1,-1,-1,-1,-1,,0,0,0,0,0,0,0,,?0.00,?0.00,?0.00,?0.05,?0.05,?0.03,?0.11
7574405883812380688,marriedmrsrichards,0,2,0,1,5,4,0,,1,1,1,1,1,,,,-1,-1,-1,-1,-1,-1,-1,,0,0,0,0,0,0,0,,?0.00,?0.01,?0.00,?0.00,?0.02,?0.01,?0.00
7386970723098705936,#N/A,0,0,0,0,1,0,0,,1,1,1,1,1,,,,-1,-1,-1,-1,-1,-1,-1,,0,0,0,0,0,0,0,,?0.00,?0.00,?0.00,?0.00,?0.00,?0.00,?0.00
7531232605170302992,tayaw,0,426,118,0,1,0,20,,1,1,1,1,1,,,,-1,-1,-1,-1,-1,-1,-1,,0,0,0,0,0,0,0,,?0.00,?1.44,?0.40,?0.00,?0.00,?0.00,?0.07
7537753110169518096,emily_luckyfinds,0,0,0,1,0,0,0,,1,1,1,1,1,,,,-1,-1,-1,-1,-1,-1,-1,,0,0,0,0,0,0,0,,?0.00,?0.00,?0.00,?0.00,?0.00,?0.00,?0.00
7442064241701699585,itslex_uk,223,"6,033","1,981",0,224,215,560,,1,1,1,1,1,,,,-1,-1,-1,-1,-1,-1,-1,,0,0,0,0,0,0,0,,?0.75,?20.36,?6.69,?0.00,?0.76,?0.73,?1.89
7448553021497360400,sera_wynn,0,0,3,42,1,0,4,,1,1,1,1,1,,,,-1,-1,-1,-1,-1,-1,-1,,0,0,0,0,0,0,0,,?0.00,?0.00,?0.01,?0.14,?0.00,?0.00,?0.01
7477537828491247632,xiro_will_become_famous,592,0,0,0,1,900,3,,1,1,1,1,1,,,,-1,-1,-1,-1,-1,-1,-1,,0,0,0,0,0,0,0,,?2.00,?0.00,?0.00,?0.00,?0.00,?3.04,?0.01
7468418987521769489,kairichardson,0,0,4,0,0,0,0,,1,1,1,1,1,,,,-1,-1,-1,-1,-1,-1,-1,,0,0,0,0,0,0,0,,?0.00,?0.00,?0.01,?0.00,?0.00,?0.00,?0.00
7468588799468011537,ps.ldnx,0,0,0,0,0,0,0,,1,1,1,1,1,,,,-1,-1,-1,-1,-1,-1,-1,,0,0,0,0,0,0,0,,?0.00,?0.00,?0.00,?0.00,?0.00,?0.00,?0.00
7547501656385077265,jessyordxxx,0,0,30,0,,,,,1,1,1,1,,,,,-1,-1,-1,-1,,,,,0,0,0,0,0,0,0,,?0.00,?0.00,?0.10,?0.00,?0.00,?0.00,?0.00
7449441407359647745,the.twisted.muse,0,0,0,0,0,303,0,,1,1,1,1,1,,,,-1,-1,-1,-1,-1,-1,-1,,0,0,0,0,0,0,0,,?0.00,?0.00,?0.00,?0.00,?0.00,?1.02,?0.00
7414018504438906881,yourbreakingme,0,0,0,0,0,0,0,,1,1,1,1,1,,,,-1,-1,-1,-1,-1,-1,-1,,0,0,0,0,0,0,0,,?0.00,?0.00,?0.00,?0.00,?0.00,?0.00,?0.00
7584549770518233105,chloelynnbrown,0,0,14,330,54,254,0,,1,1,1,1,1,,,,-1,-1,-1,-1,-1,-1,-1,,0,0,0,0,0,0,0,,?0.00,?0.00,?0.05,?1.11,?0.18,?0.86,?0.00
7591892296887582721,meganleighxox,0,0,0,0,0,0,0,,1,1,1,1,1,,,,-1,-1,-1,-1,-1,-1,-1,,0,0,0,0,0,0,0,,?0.00,?0.00,?0.00,?0.00,?0.00,?0.00,?0.00
7449103585759150096,chloecampbellll,0,0,0,0,0,0,0,,1,1,1,1,1,,,,-1,-1,-1,-1,-1,-1,-1,,0,0,0,0,0,0,0,,?0.00,?0.00,?0.00,?0.00,?0.00,?0.00,?0.00
7425367645014261776,yvsminbashir,0,0,0,0,0,0,0,,1,1,1,1,1,,,,-1,-1,-1,-1,-1,-1,-1,,0,0,0,0,0,0,0,,?0.00,?0.00,?0.00,?0.00,?0.00,?0.00,?0.00
7474973861868552193,madi__thomson,0,0,0,0,0,0,176,,1,1,1,1,1,,,,-1,-1,-1,-1,-1,-1,-1,,0,0,0,0,0,0,0,,?0.00,?0.00,?0.00,?0.00,?0.00,?0.00,?0.59
7584935662508490753,oliviachurcher_,0,0,0,0,0,0,0,,1,1,1,1,1,,,,-1,-1,-1,-1,-1,-1,-1,,0,0,0,0,0,0,0,,?0.00,?0.00,?0.00,?0.00,?0.00,?0.00,?0.00
7401811487871778833,aniimx,0,0,0,0,0,0,0,,1,1,1,1,1,,,,-1,-1,-1,-1,-1,-1,-1,,0,0,0,0,0,0,0,,?0.00,?0.00,?0.00,?0.00,?0.00,?0.00,?0.00
7481214759870676993,majesticmindsets,0,0,135,0,0,685,912,,1,1,1,1,1,,,,-1,-1,-1,-1,-1,-1,-1,,0,0,0,0,0,0,0,,?0.00,?0.00,?0.46,?0.00,?0.00,?2.31,?3.08
7408950989614645264,phoebesim18,0,2,0,0,0,0,0,,1,1,1,1,1,,,,-1,-1,-1,-1,-1,-1,-1,,0,0,0,0,0,0,0,,?0.00,?0.01,?0.00,?0.00,?0.00,?0.00,?0.00
7429260584820146192,hollyrobinson03,0,0,0,0,0,0,0,,1,1,1,1,1,,,,-1,-1,-1,-1,-1,-1,-1,,0,0,0,0,0,0,0,,?0.00,?0.00,?0.00,?0.00,?0.00,?0.00,?0.00
7504649494814834704,its_elizabeth.xxx,0,119,0,0,0,0,28,,1,1,1,1,1,,,,-1,-1,-1,-1,-1,-1,-1,,0,0,0,0,0,0,0,,?0.00,?0.40,?0.00,?0.00,?0.00,?0.00,?0.09
7399908457643687952,hf0901,0,292,799,0,35,210,127,,1,1,1,1,1,,,,-1,3,3,-1,-1,1,-1,,0,0,0,0,0,0,0,,?0.00,?0.99,?2.70,?0.00,?0.12,?0.71,?0.43
7502438330483621905,milliekay8,0,0,0,0,0,0,0,,1,1,1,1,1,,,,-1,-1,-1,-1,-1,-1,-1,,0,0,0,0,0,0,0,,?0.00,?0.00,?0.00,?0.00,?0.00,?0.00,?0.00
7471983623739129873,,0,0,0,,,,,,1,1,1,,,,,,-1,-1,-1,,,,,,0,0,0,0,0,0,0,,?0.00,?0.00,?0.00,?0.00,?0.00,?0.00,?0.00
7466130610474663953,dominob2k3official,0,0,3,1,0,2,4,,1,1,1,1,1,,,,-1,-1,-1,-1,-1,-1,-1,,0,0,0,0,0,0,0,,?0.00,?0.00,?0.01,?0.00,?0.00,?0.01,?0.01
7437667430488571905,xxx_.s._xx,0,0,0,0,0,0,0,,1,1,1,1,1,,,,-1,-1,-1,-1,-1,-1,-1,,0,0,0,0,0,0,0,,?0.00,?0.00,?0.00,?0.00,?0.00,?0.00,?0.00
7427453485550944272,jace944444,0,0,0,0,0,0,0,,1,1,1,1,1,,,,-1,-1,-1,-1,-1,-1,-1,,0,0,0,0,0,0,0,,?0.00,?0.00,?0.00,?0.00,?0.00,?0.00,?0.00
7464982246513098769,agonyauntemxoxo,0,0,0,0,0,0,0,,1,1,1,1,1,,,,-1,-1,-1,-1,-1,-1,-1,,0,0,0,0,0,0,0,,?0.00,?0.00,?0.00,?0.00,?0.00,?0.00,?0.00
7400697408113655825,katieandersonwhite,0,0,0,0,0,0,0,,1,1,1,1,1,,,,-1,-1,-1,-1,-1,-1,-1,,0,0,0,0,0,0,0,,?0.00,?0.00,?0.00,?0.00,?0.00,?0.00,?0.00
7408103378573688833,xkatrissekershawx,0,0,0,0,0,0,0,,1,1,1,1,1,,,,-1,-1,-1,-1,-1,-1,-1,,0,0,0,0,0,0,0,,?0.00,?0.00,?0.00,?0.00,?0.00,?0.00,?0.00
7.49393E+18,#N/A,,,,,0,0,0,,,,,,1,,,,,,,,-1,-1,-1,,0,0,0,0,0,0,0,,?0.00,?0.00,?0.00,?0.00,?0.00,?0.00,?0.00
7497588087434854417,alex_m1204,0,0,0,0,0,0,0,,1,1,1,1,1,,,,-1,-1,-1,-1,-1,-1,-1,,0,0,0,0,0,0,0,,?0.00,?0.00,?0.00,?0.00,?0.00,?0.00,?0.00
7403242183450509313,msslayx,0,0,0,0,0,0,0,,1,1,1,1,1,,,,-1,-1,-1,-1,-1,-1,-1,,0,0,0,0,0,0,0,,?0.00,?0.00,?0.00,?0.00,?0.00,?0.00,?0.00
7437165859631759377,pollyanna.eve,0,0,0,0,0,0,0,,1,1,1,1,1,,,,-1,-1,-1,-1,-1,-1,-1,,0,0,0,0,0,0,0,,?0.00,?0.00,?0.00,?0.00,?0.00,?0.00,?0.00
7408848025604489232,zakk_mf,0,5,1,1,0,0,0,,1,1,1,1,1,,,,-1,-1,-1,-1,-1,-1,-1,,0,0,0,0,0,0,0,,?0.00,?0.02,?0.00,?0.00,?0.00,?0.00,?0.00
7419024763202322448,camerondcostaa,0,0,0,0,0,0,0,,1,1,1,1,1,,,,-1,-1,-1,-1,-1,-1,-1,,0,0,0,0,0,0,0,,?0.00,?0.00,?0.00,?0.00,?0.00,?0.00,?0.00
7473597933913456641,anyalace,0,0,0,0,0,0,0,,1,1,1,1,1,,,,-1,-1,-1,-1,-1,-1,-1,,0,0,0,0,0,0,0,,?0.00,?0.00,?0.00,?0.00,?0.00,?0.00,?0.00
7423723599179087889,metalheadjames2005,0,0,0,0,0,0,175,,1,1,1,1,1,,,,-1,-1,-1,-1,-1,-1,-1,,0,0,0,0,0,0,0,,?0.00,?0.00,?0.00,?0.00,?0.00,?0.00,?0.59
7371449205770043408,cambullofficial,0,0,0,0,0,0,0,,1,1,1,1,1,,,,-1,-1,-1,-1,-1,-1,-1,,0,0,0,0,0,0,0,,?0.00,?0.00,?0.00,?0.00,?0.00,?0.00,?0.00
7404073688846450705,oblivion_dnb,0,0,0,0,0,0,0,,1,1,1,1,1,,,,-1,-1,-1,-1,-1,-1,-1,,0,0,0,0,0,0,0,,?0.00,?0.00,?0.00,?0.00,?0.00,?0.00,?0.00
7535580367592603649,fee_unique,0,0,0,0,0,0,0,,1,1,1,1,1,,,,-1,-1,-1,-1,-1,-1,-1,,0,0,0,0,0,0,0,,?0.00,?0.00,?0.00,?0.00,?0.00,?0.00,?0.00
7457192014036254736,c3zdav,0,0,0,0,0,0,0,,1,1,1,1,1,,,,-1,-1,-1,-1,-1,-1,-1,,0,0,0,0,0,0,0,,?0.00,?0.00,?0.00,?0.00,?0.00,?0.00,?0.00
7401955184798318609,lastrequestband,0,0,0,0,0,0,0,,1,1,1,1,1,,,,-1,-1,-1,-1,-1,-1,-1,,0,0,0,0,0,0,0,,?0.00,?0.00,?0.00,?0.00,?0.00,?0.00,?0.00
7472490135750377488,leticiafreire.lf,0,47,18,0,0,0,0,,1,1,1,1,1,,,,-1,-1,-1,-1,-1,-1,-1,,0,0,0,0,0,0,0,,?0.00,?0.16,?0.06,?0.00,?0.00,?0.00,?0.00
7442730520917835793,that.goode.stuff,0,0,0,0,0,0,0,,1,1,1,1,1,,,,-1,-1,-1,-1,-1,-1,-1,,0,0,0,0,0,0,0,,?0.00,?0.00,?0.00,?0.00,?0.00,?0.00,?0.00
7527366978319728641,skyelou19,0,0,0,0,0,181,594,,1,1,1,1,1,,,,-1,-1,-1,-1,-1,-1,-1,,0,0,0,0,0,0,0,,?0.00,?0.00,?0.00,?0.00,?0.00,?0.61,?2.00
7594117292531826705,cherrydietcoke02,0,3,4,0,0,1,4,,1,1,1,1,1,,,,-1,-1,-1,-1,-1,-1,-1,,0,0,0,0,0,0,0,,?0.00,?0.01,?0.01,?0.00,?0.00,?0.00,?0.01
7442328318726291472,layla.southouse,0,0,0,0,0,1,0,,1,1,1,1,1,,,,-1,-1,-1,-1,-1,-1,-1,,0,0,0,0,0,0,0,,?0.00,?0.00,?0.00,?0.00,?0.00,?0.00,?0.00
7359137923083599878,stormmariah,0,0,0,0,0,0,0,,1,1,1,1,1,,,,-1,-1,-1,-1,-1,-1,-1,,0,0,0,0,0,0,0,,?0.00,?0.00,?0.00,?0.00,?0.00,?0.00,?0.00
7437196772134436865,kay.louise06,0,0,0,0,0,0,0,,1,1,1,1,1,,,,-1,-1,-1,-1,-1,-1,-1,,0,0,0,0,0,0,0,,?0.00,?0.00,?0.00,?0.00,?0.00,?0.00,?0.00
7506233568432177153,busdude1997,0,0,3,0,0,0,0,,1,1,1,1,1,,,,-1,-1,-1,-1,-1,-1,-1,,0,0,0,0,0,0,0,,?0.00,?0.00,?0.01,?0.00,?0.00,?0.00,?0.00
7498801981813719057,eilidhhamiltonmusic,0,0,0,0,0,0,4,,1,1,1,1,1,,,,-1,-1,-1,-1,-1,-1,-1,,0,0,0,0,0,0,0,,?0.00,?0.00,?0.00,?0.00,?0.00,?0.00,?0.01
7411085035362697232,skxiste.x,0,0,0,0,0,0,0,,1,1,1,1,1,,,,-1,-1,-1,-1,-1,-1,-1,,0,0,0,0,0,0,0,,?0.00,?0.00,?0.00,?0.00,?0.00,?0.00,?0.00
7563829941486485521,#N/A,0,0,0,0,0,0,0,,1,1,1,1,1,,,,-1,-1,-1,-1,-1,-1,-1,,0,0,0,0,0,0,0,,?0.00,?0.00,?0.00,?0.00,?0.00,?0.00,?0.00
7476937005738508289,annabelelouise,0,0,0,0,0,0,2,,1,1,1,1,1,,,,-1,-1,-1,-1,-1,-1,-1,,0,0,0,0,0,0,0,,?0.00,?0.00,?0.00,?0.00,?0.00,?0.00,?0.01
7478464891448279057,_sarrareidd,0,0,0,0,,,,,1,1,1,1,,,,,-1,-1,-1,-1,,,,,0,0,0,0,0,0,0,,?0.00,?0.00,?0.00,?0.00,?0.00,?0.00,?0.00
7435227794231017473,onomushi,0,4,222,11,0,0,21,,1,1,1,1,1,,,,-1,-1,-1,-1,-1,-1,-1,,0,0,0,0,0,0,0,,?0.00,?0.01,?0.75,?0.04,?0.00,?0.00,?0.07
7475469947607580673,sophieliveseyy,0,0,0,0,0,46,"4,569",,1,1,1,1,1,,,,-1,-1,-1,-1,-1,-1,-1,,0,0,0,0,0,0,0,,?0.00,?0.00,?0.00,?0.00,?0.00,?0.16,?15.42
7447524120843010064,abstwck,0,0,0,0,0,15,0,,1,1,1,1,1,,,,-1,-1,-1,-1,-1,-1,-1,,0,0,0,0,0,0,0,,?0.00,?0.00,?0.00,?0.00,?0.00,?0.05,?0.00
7565951296805552145,nichols.skye,0,0,0,0,0,0,0,,1,1,1,1,1,,,,-1,-1,-1,-1,-1,-1,-1,,0,0,0,0,0,0,0,,?0.00,?0.00,?0.00,?0.00,?0.00,?0.00,?0.00
7364374728733310992,edwin.todd,0,0,0,0,0,0,0,,1,1,1,1,1,,,,-1,-1,-1,-1,-1,-1,-1,,0,0,0,0,0,0,0,,?0.00,?0.00,?0.00,?0.00,?0.00,?0.00,?0.00
7403406695717781521,allyada_,0,0,0,0,0,0,0,,1,1,1,1,1,,,,-1,-1,-1,-1,-1,-1,-1,,0,0,0,0,0,0,0,,?0.00,?0.00,?0.00,?0.00,?0.00,?0.00,?0.00
7464969502166581249,bridielouise97,0,0,0,0,0,0,0,,1,1,1,1,1,,,,-1,-1,-1,-1,-1,-1,-1,,0,0,0,0,0,0,0,,?0.00,?0.00,?0.00,?0.00,?0.00,?0.00,?0.00
7423964681326575632,shuvyluvy,0,0,0,0,0,0,0,,1,1,1,1,1,,,,-1,-1,-1,-1,-1,-1,-1,,0,0,0,0,0,0,0,,?0.00,?0.00,?0.00,?0.00,?0.00,?0.00,?0.00
7511373604722851856,itsprismatical,0,55,1,2,0,0,0,,1,1,1,1,1,,,,-1,1,-1,-1,-1,-1,-1,,0,0,0,0,0,0,0,,?0.00,?0.19,?0.00,?0.01,?0.00,?0.00,?0.00
7474974619720597521,ironkittie,0,0,0,0,0,0,0,,1,1,1,1,1,,,,-1,-1,-1,-1,-1,-1,-1,,0,0,0,0,0,0,0,,?0.00,?0.00,?0.00,?0.00,?0.00,?0.00,?0.00
7470482714571882513,sophieullyart,0,0,0,0,9,686,0,,1,1,1,1,1,,,,-1,-1,-1,-1,-1,-1,-1,,0,0,0,0,0,0,0,,?0.00,?0.00,?0.00,?0.00,?0.03,?2.32,?0.00
7417862793346629649,scottyfella,0,0,0,0,0,0,0,,1,1,1,1,1,,,,-1,-1,-1,-1,-1,-1,-1,,0,0,0,0,0,0,0,,?0.00,?0.00,?0.00,?0.00,?0.00,?0.00,?0.00
7381393588564803585,georgiaem23,0,0,0,0,0,0,0,,1,1,1,1,1,,,,-1,-1,-1,-1,-1,-1,-1,,0,0,0,0,0,0,0,,?0.00,?0.00,?0.00,?0.00,?0.00,?0.00,?0.00
7553605391222046737,darlington_live,0,0,0,0,0,3,72,,1,1,1,1,1,,,,-1,-1,-1,-1,-1,-1,-1,,0,0,0,0,0,0,0,,?0.00,?0.00,?0.00,?0.00,?0.00,?0.01,?0.24
7414050395313553409,nannyxxxxx,0,0,0,0,0,0,0,,1,1,1,1,1,,,,-1,-1,-1,-1,-1,-1,-1,,0,0,0,0,0,0,0,,?0.00,?0.00,?0.00,?0.00,?0.00,?0.00,?0.00
7498730913577205761,ibz.2.0,0,"1,550",0,0,0,0,381,,1,1,1,1,1,,,,-1,-1,-1,-1,-1,-1,-1,,0,0,0,0,0,0,0,,?0.00,?5.23,?0.00,?0.00,?0.00,?0.00,?1.29
7456534278600540161,bbydoll4lifee,0,0,0,0,0,0,0,,1,1,1,1,1,,,,-1,-1,-1,-1,-1,-1,-1,,0,0,0,0,0,0,0,,?0.00,?0.00,?0.00,?0.00,?0.00,?0.00,?0.00
7453453525046231056,maddison_h18,0,0,0,0,0,0,0,,1,1,1,1,1,,,,-1,-1,-1,-1,-1,-1,-1,,0,0,0,0,0,0,0,,?0.00,?0.00,?0.00,?0.00,?0.00,?0.00,?0.00
7468347099382579217,miss_leigh_ding,0,0,1,0,0,3,0,,1,1,1,1,1,,,,-1,-1,-1,-1,-1,-1,-1,,0,0,0,0,0,0,0,,?0.00,?0.00,?0.00,?0.00,?0.00,?0.01,?0.00
7553991137481228289,cleona_divine,0,0,0,0,0,0,0,,1,1,1,1,1,,,,-1,-1,-1,-1,-1,-1,-1,,0,0,0,0,0,0,0,,?0.00,?0.00,?0.00,?0.00,?0.00,?0.00,?0.00
7527366978319794177,aliceorlik,0,0,0,0,0,0,0,,1,1,1,1,1,,,,-1,-1,-1,-1,-1,-1,-1,,0,0,0,0,0,0,0,,?0.00,?0.00,?0.00,?0.00,?0.00,?0.00,?0.00
7488685963074551824,impinkiexpink,0,0,0,0,0,0,0,,1,1,1,1,1,,,,-1,-1,-1,-1,-1,-1,-1,,0,0,0,0,0,0,0,,?0.00,?0.00,?0.00,?0.00,?0.00,?0.00,?0.00
7504350643155599377,#N/A,0,0,0,0,0,0,1,,1,1,1,1,1,,,,-1,-1,-1,-1,-1,-1,-1,,0,0,0,0,0,0,0,,?0.00,?0.00,?0.00,?0.00,?0.00,?0.00,?0.00
7437812980793868304,cosyhome_ed,0,0,0,0,0,0,0,,1,1,1,1,1,,,,-1,-1,-1,-1,-1,-1,-1,,0,0,0,0,0,0,0,,?0.00,?0.00,?0.00,?0.00,?0.00,?0.00,?0.00
7471262221516095505,ginabutmusical,0,22,29,0,27,17,0,,1,1,1,1,1,,,,-1,-1,-1,-1,-1,-1,-1,,0,0,0,0,0,0,0,,?0.00,?0.07,?0.10,?0.00,?0.09,?0.06,?0.00
7460884353250476049,rosiejaynerose,0,0,0,0,0,0,0,,1,1,1,1,1,,,,-1,-1,-1,-1,-1,-1,-1,,0,0,0,0,0,0,0,,?0.00,?0.00,?0.00,?0.00,?0.00,?0.00,?0.00
7368785047207297041,mrsscarphace,0,0,0,0,0,0,0,,1,1,1,1,1,,,,-1,-1,-1,-1,-1,-1,-1,,0,0,0,0,0,0,0,,?0.00,?0.00,?0.00,?0.00,?0.00,?0.00,?0.00
7425612266881433617,kidchinyere,0,0,0,0,,,,,1,1,1,1,,,,,-1,-1,-1,-1,,,,,0,0,0,0,0,0,0,,?0.00,?0.00,?0.00,?0.00,?0.00,?0.00,?0.00
7417810182169903121,isangeluractualname,0,0,359,0,212,0,0,,1,1,1,1,1,,,,-1,-1,-1,-1,-1,-1,-1,,0,0,0,0,0,0,0,,?0.00,?0.00,?1.21,?0.00,?0.72,?0.00,?0.00
7620923826867716097,,,,,,0,1,0,,,,,,1,,,,,,,,-1,-1,,,0,0,0,0,0,0,0,,?0.00,?0.00,?0.00,?0.00,?0.00,?0.00,?0.00
7581583532783517712,foundbyheidi,0,0,0,0,,,,,1,1,1,1,,,,,-1,-1,-1,-1,,,,,0,0,0,0,0,0,0,,?0.00,?0.00,?0.00,?0.00,?0.00,?0.00,?0.00
7428877005443153936,teaser.cos,0,0,0,0,5,7,0,,1,1,1,1,1,,,,-1,-1,-1,-1,-1,-1,-1,,0,0,0,0,0,0,0,,?0.00,?0.00,?0.00,?0.00,?0.02,?0.02,?0.00
7469074330190790673,vikkihay,0,0,0,0,0,0,0,,1,1,1,1,1,,,,-1,-1,-1,-1,-1,-1,-1,,0,0,0,0,0,0,0,,?0.00,?0.00,?0.00,?0.00,?0.00,?0.00,?0.00
7459849283098050561,gaillewis7,0,0,0,0,0,0,0,,1,1,1,1,1,,,,-1,-1,-1,-1,-1,-1,-1,,0,0,0,0,0,0,0,,?0.00,?0.00,?0.00,?0.00,?0.00,?0.00,?0.00
7411964813141639184,ollyvert,0,0,0,0,0,0,0,,1,1,1,1,1,,,,-1,-1,-1,-1,-1,-1,-1,,0,0,0,0,0,0,0,,?0.00,?0.00,?0.00,?0.00,?0.00,?0.00,?0.00
7586259163341373457,naz23xox,0,0,0,0,0,0,0,,1,1,1,1,1,,,,-1,-1,-1,-1,-1,-1,-1,,0,0,0,0,0,0,0,,?0.00,?0.00,?0.00,?0.00,?0.00,?0.00,?0.00
7462792926553391121,jadeanderson17,0,0,0,0,0,0,0,,1,1,1,1,1,,,,-1,-1,-1,-1,-1,-1,-1,,0,0,0,0,0,0,0,,?0.00,?0.00,?0.00,?0.00,?0.00,?0.00,?0.00
7433057645420118032,ispydeadshot,0,0,0,0,0,0,0,,1,1,1,1,1,,,,-1,-1,-1,-1,-1,-1,-1,,0,0,0,0,0,0,0,,?0.00,?0.00,?0.00,?0.00,?0.00,?0.00,?0.00
7423840867888316432,,,,,,,,,,,,,,,,,,,,,,,,,,0,0,0,0,0,0,0,,?0.00,?0.00,?0.00,?0.00,?0.00,?0.00,?0.00
7418122857613672465,gordanforlife,0,0,0,0,0,0,0,,1,1,1,1,1,,,,-1,-1,-1,-1,-1,-1,-1,,0,0,0,0,0,0,0,,?0.00,?0.00,?0.00,?0.00,?0.00,?0.00,?0.00
7569676884745650192,nottz_dan75,0,0,0,0,0,0,0,,1,1,1,1,1,,,,-1,-1,-1,-1,-1,-1,-1,,0,0,0,0,0,0,0,,?0.00,?0.00,?0.00,?0.00,?0.00,?0.00,?0.00
7564511124448821249,i.ff.y,0,32,0,0,0,0,0,,1,1,1,1,1,,,,-1,-1,-1,-1,-1,-1,-1,,0,0,0,0,0,0,0,,?0.00,?0.11,?0.00,?0.00,?0.00,?0.00,?0.00
7467672490148659216,carbonfibre.duke,0,8,10,0,0,0,0,,1,1,1,1,1,,,,-1,-1,-1,-1,-1,-1,-1,,0,0,0,0,0,0,0,,?0.00,?0.03,?0.03,?0.00,?0.00,?0.00,?0.00
7476484646549585921,kacy_bell,0,0,0,0,0,1,0,,1,1,1,1,1,,,,-1,-1,-1,-1,-1,-1,-1,,0,0,0,0,0,0,0,,?0.00,?0.00,?0.00,?0.00,?0.00,?0.00,?0.00
7402594457440337937,carmencooksss,0,0,0,0,0,0,0,,1,1,1,1,1,,,,-1,-1,-1,-1,-1,-1,-1,,0,0,0,0,0,0,0,,?0.00,?0.00,?0.00,?0.00,?0.00,?0.00,?0.00
7375111581560012801,cacdaddyknax,0,0,0,0,0,0,0,,1,1,1,1,1,,,,-1,-1,-1,-1,-1,-1,-1,,0,0,0,0,0,0,0,,?0.00,?0.00,?0.00,?0.00,?0.00,?0.00,?0.00
7431220176319922192,jessicarosepwd,0,0,0,0,0,0,0,,1,1,1,1,1,,,,-1,-1,-1,-1,-1,-1,-1,,0,0,0,0,0,0,0,,?0.00,?0.00,?0.00,?0.00,?0.00,?0.00,?0.00
7549931958965501953,bethjonesxx20,0,25,0,0,0,0,9,,1,1,1,1,1,,,,-1,-1,-1,-1,-1,-1,-1,,0,0,0,0,0,0,0,,?0.00,?0.08,?0.00,?0.00,?0.00,?0.00,?0.03
7397809096700739601,rihannamoore00,0,0,0,0,0,0,0,,1,1,1,1,1,,,,-1,-1,-1,-1,-1,-1,-1,,0,0,0,0,0,0,0,,?0.00,?0.00,?0.00,?0.00,?0.00,?0.00,?0.00
7470581716596326416,fairydust1998,0,0,0,0,0,0,0,,1,1,1,1,1,,,,-1,-1,-1,-1,-1,-1,-1,,0,0,0,0,0,0,0,,?0.00,?0.00,?0.00,?0.00,?0.00,?0.00,?0.00
7491006844547317776,_fredd0_,0,0,0,0,0,0,0,,1,1,1,1,1,,,,-1,-1,-1,-1,-1,-1,-1,,0,0,0,0,0,0,0,,?0.00,?0.00,?0.00,?0.00,?0.00,?0.00,?0.00
7544868535990992912,yxngjxss,0,0,0,0,0,0,0,,1,1,1,1,1,,,,-1,-1,-1,-1,-1,-1,-1,,0,0,0,0,0,0,0,,?0.00,?0.00,?0.00,?0.00,?0.00,?0.00,?0.00
7575167721852272657,realmissbalmain,0,0,0,0,0,0,0,,1,1,1,1,1,,,,-1,-1,-1,-1,-1,-1,-1,,0,0,0,0,0,0,0,,?0.00,?0.00,?0.00,?0.00,?0.00,?0.00,?0.00
7579222923618189329,emmalouisemc1,0,0,0,0,,,,,1,1,1,1,,,,,-1,-1,-1,-1,,,,,0,0,0,0,0,0,0,,?0.00,?0.00,?0.00,?0.00,?0.00,?0.00,?0.00
7368010209177976849,#N/A,0,0,0,0,0,0,0,,1,1,1,1,1,,,,-1,-1,-1,-1,-1,-1,-1,,0,0,0,0,0,0,0,,?0.00,?0.00,?0.00,?0.00,?0.00,?0.00,?0.00
7452140771358064657,stephanie29official,0,0,0,0,0,0,0,,1,1,1,1,1,,,,-1,-1,-1,-1,-1,-1,-1,,0,0,0,0,0,0,0,,?0.00,?0.00,?0.00,?0.00,?0.00,?0.00,?0.00
7568995783140491281,that_kerryberry,0,0,0,0,0,0,0,,1,1,1,1,1,,,,-1,-1,-1,-1,-1,-1,-1,,0,0,0,0,0,0,0,,?0.00,?0.00,?0.00,?0.00,?0.00,?0.00,?0.00
7397351648143786000,kizbozz,0,0,0,0,0,0,0,,1,1,1,1,1,,,,-1,-1,-1,-1,-1,-1,-1,,0,0,0,0,0,0,0,,?0.00,?0.00,?0.00,?0.00,?0.00,?0.00,?0.00
7473480041288974352,emma.kate36,0,0,0,0,0,16,0,,1,1,1,1,1,,,,-1,-1,-1,-1,-1,-1,-1,,0,0,0,0,0,0,0,,?0.00,?0.00,?0.00,?0.00,?0.00,?0.05,?0.00
7433385818175307792,mindful.baller,0,0,0,0,0,0,0,,1,1,1,1,1,,,,-1,-1,-1,-1,-1,-1,-1,,0,0,0,0,0,0,0,,?0.00,?0.00,?0.00,?0.00,?0.00,?0.00,?0.00
7461005713800937488,girlandhercamera,0,0,0,0,0,0,0,,1,1,1,1,1,,,,-1,-1,-1,-1,-1,-1,-1,,0,0,0,0,0,0,0,,?0.00,?0.00,?0.00,?0.00,?0.00,?0.00,?0.00
7473131980293455889,beccaavallis31,0,0,0,0,0,0,0,,1,1,1,1,1,,,,-1,-1,-1,-1,-1,-1,-1,,0,0,0,0,0,0,0,,?0.00,?0.00,?0.00,?0.00,?0.00,?0.00,?0.00
7480575084210651137,shaylawrence4,0,0,0,0,,,,,1,1,1,1,,,,,-1,-1,-1,-1,,,,,0,0,0,0,0,0,0,,?0.00,?0.00,?0.00,?0.00,?0.00,?0.00,?0.00
7425264625639424017,demijanefinch,0,0,0,0,0,0,0,,1,1,1,1,1,,,,-1,-1,-1,-1,-1,-1,-1,,0,0,0,0,0,0,0,,?0.00,?0.00,?0.00,?0.00,?0.00,?0.00,?0.00
7409752177004036113,_rachelcolton,0,0,0,0,0,0,0,,1,1,1,1,1,,,,-1,-1,-1,-1,-1,-1,-1,,0,0,0,0,0,0,0,,?0.00,?0.00,?0.00,?0.00,?0.00,?0.00,?0.00
7440180299855724545,rickeelaa,0,0,0,0,0,0,0,,1,1,1,1,1,,,,-1,-1,-1,-1,-1,-1,-1,,0,0,0,0,0,0,0,,?0.00,?0.00,?0.00,?0.00,?0.00,?0.00,?0.00
7408135721783050257,mintyottilie,0,0,0,0,0,0,0,,1,1,1,1,1,,,,-1,-1,-1,-1,-1,-1,-1,,0,0,0,0,0,0,0,,?0.00,?0.00,?0.00,?0.00,?0.00,?0.00,?0.00
7416802326213705744,kyrst_xox,0,0,0,0,0,0,0,,1,1,1,1,1,,,,-1,-1,-1,-1,-1,-1,-1,,0,0,0,0,0,0,0,,?0.00,?0.00,?0.00,?0.00,?0.00,?0.00,?0.00
7425921334225436673,dannystobo,0,0,0,0,0,16,447,,1,1,1,1,1,,,,-1,-1,-1,-1,-1,-1,-1,,0,0,0,0,0,0,0,,?0.00,?0.00,?0.00,?0.00,?0.00,?0.05,?1.51
7455692449789558800,nickthedecorator,0,51,1,1,6,391,0,,1,1,1,1,1,,,,-1,-1,-1,-1,-1,-1,-1,,0,0,0,0,0,0,0,,?0.00,?0.17,?0.00,?0.00,?0.02,?1.32,?0.00
7437291038382915585,ashantililyx,0,0,0,0,0,0,0,,1,1,1,1,1,,,,-1,-1,-1,-1,-1,-1,-1,,0,0,0,0,0,0,0,,?0.00,?0.00,?0.00,?0.00,?0.00,?0.00,?0.00
7455367452050898960,jadeemmacoles_creates,0,0,0,0,0,0,0,,1,1,1,1,1,,,,-1,-1,-1,-1,-1,-1,-1,,0,0,0,0,0,0,0,,?0.00,?0.00,?0.00,?0.00,?0.00,?0.00,?0.00
7438725973136211969,xciaradorrxngtx,0,0,0,0,0,0,0,,1,1,1,1,1,,,,-1,-1,-1,-1,-1,-1,-1,,0,0,0,0,0,0,0,,?0.00,?0.00,?0.00,?0.00,?0.00,?0.00,?0.00
7397017795688644609,els_russell,0,0,0,0,0,0,0,,1,1,1,1,1,,,,-1,-1,-1,-1,-1,-1,-1,,0,0,0,0,0,0,0,,?0.00,?0.00,?0.00,?0.00,?0.00,?0.00,?0.00
7432578492514074640,hey.itskatie,0,133,215,2,28,0,0,,1,1,1,1,1,,,,-1,-1,-1,-1,-1,-1,-1,,0,0,0,0,0,0,0,,?0.00,?0.45,?0.73,?0.01,?0.09,?0.00,?0.00
7439136420012425217,azzabeaks697,0,0,0,0,0,0,0,,1,1,1,1,1,,,,-1,-1,-1,-1,-1,-1,-1,,0,0,0,0,0,0,0,,?0.00,?0.00,?0.00,?0.00,?0.00,?0.00,?0.00
7400684526520827921,georgie043,0,"1,844",0,0,17,0,0,,1,1,1,1,1,,,,-1,-1,-1,-1,-1,-1,-1,,0,0,0,0,0,0,0,,?0.00,?6.22,?0.00,?0.00,?0.06,?0.00,?0.00
7462761912619565057,jordijeffersonxx,0,0,0,0,0,0,0,,1,1,1,1,1,,,,-1,-1,-1,-1,-1,-1,-1,,0,0,0,0,0,0,0,,?0.00,?0.00,?0.00,?0.00,?0.00,?0.00,?0.00
7460168652885835777,jayjay224229,145,29,0,10,31,20,0,,1,1,1,1,1,,,,-1,-1,-1,-1,-1,-1,-1,,0,0,0,0,0,0,0,,?0.49,?0.10,?0.00,?0.03,?0.10,?0.07,?0.00
7389341960156266513,anyagoelofficial,0,0,0,0,0,0,0,,1,1,1,1,1,,,,-1,-1,-1,-1,-1,-1,-1,,0,0,0,0,0,0,0,,?0.00,?0.00,?0.00,?0.00,?0.00,?0.00,?0.00
7426045730701443073,zelquid,0,17,0,1,0,0,0,,1,1,1,1,1,,,,-1,-1,-1,-1,-1,-1,-1,,0,0,0,0,0,0,0,,?0.00,?0.06,?0.00,?0.00,?0.00,?0.00,?0.00
7568587220219707393,bigm4ttyboy,0,0,0,0,,,,,1,1,1,1,,,,,-1,-1,-1,-1,,,,,0,0,0,0,0,0,0,,?0.00,?0.00,?0.00,?0.00,?0.00,?0.00,?0.00
7359139055218622469,peapanic,0,0,0,0,0,0,0,,1,1,1,1,1,,,,-1,-1,-1,-1,-1,-1,-1,,0,0,0,0,0,0,0,,?0.00,?0.00,?0.00,?0.00,?0.00,?0.00,?0.00
7552936321606713345,ovuosgoody,0,0,0,0,0,0,0,,1,1,1,1,1,,,,-1,-1,-1,-1,-1,-1,-1,,0,0,0,0,0,0,0,,?0.00,?0.00,?0.00,?0.00,?0.00,?0.00,?0.00
7388859956205731841,katiegracemusic,0,34,86,0,0,0,0,,1,1,1,1,1,,,,-1,-1,-1,-1,-1,-1,-1,,0,0,0,0,0,0,0,,?0.00,?0.11,?0.29,?0.00,?0.00,?0.00,?0.00
7544731090267930640,withsukani,0,0,0,0,0,0,0,,1,1,1,1,1,,,,-1,-1,-1,-1,-1,-1,-1,,0,0,0,0,0,0,0,,?0.00,?0.00,?0.00,?0.00,?0.00,?0.00,?0.00
7424455425950793729,danhorton960,0,0,8,1,0,0,0,,1,1,1,1,1,,,,-1,-1,-1,-1,-1,-1,-1,,0,0,0,0,0,0,0,,?0.00,?0.00,?0.03,?0.00,?0.00,?0.00,?0.00
7503896906620436496,derekshowman,0,0,0,0,0,0,0,,1,1,1,1,1,,,,-1,-1,-1,-1,-1,-1,-1,,0,0,0,0,0,0,0,,?0.00,?0.00,?0.00,?0.00,?0.00,?0.00,?0.00
7530326141916217361,summermcgreavy21,0,0,0,0,0,0,32,,1,1,1,1,1,,,,-1,-1,-1,-1,-1,-1,-1,,0,0,0,0,0,0,0,,?0.00,?0.00,?0.00,?0.00,?0.00,?0.00,?0.11
7480905683680968705,helenaerm,0,0,0,0,0,0,0,,1,1,1,1,1,,,,-1,-1,-1,-1,-1,-1,-1,,0,0,0,0,0,0,0,,?0.00,?0.00,?0.00,?0.00,?0.00,?0.00,?0.00
7468792632563597313,danigirl0690,0,0,0,0,0,0,0,,1,1,1,1,1,,,,-1,-1,-1,-1,-1,-1,-1,,0,0,0,0,0,0,0,,?0.00,?0.00,?0.00,?0.00,?0.00,?0.00,?0.00
7470593183785893889,caintheoricle,0,0,0,0,0,0,0,,1,1,1,1,1,,,,-1,-1,-1,-1,-1,-1,-1,,0,0,0,0,0,0,0,,?0.00,?0.00,?0.00,?0.00,?0.00,?0.00,?0.00
7467981968244785168,shannonsmythxoxo,0,0,0,0,0,0,0,,1,1,1,1,1,,,,-1,-1,-1,-1,-1,-1,-1,,0,0,0,0,0,0,0,,?0.00,?0.00,?0.00,?0.00,?0.00,?0.00,?0.00
7473133285292572673,lyndseyw0,0,0,0,0,0,0,0,,1,1,1,1,1,,,,-1,-1,-1,-1,-1,-1,-1,,0,0,0,0,0,0,0,,?0.00,?0.00,?0.00,?0.00,?0.00,?0.00,?0.00
7502411960248664080,retrodarlington,0,0,0,0,0,0,0,,1,1,1,1,1,,,,-1,-1,-1,-1,-1,-1,-1,,0,0,0,0,0,0,0,,?0.00,?0.00,?0.00,?0.00,?0.00,?0.00,?0.00
7460226199030366209,ourspooky_home,0,0,0,0,,,,,1,1,1,1,,,,,-1,-1,-1,-1,,,,,0,0,0,0,0,0,0,,?0.00,?0.00,?0.00,?0.00,?0.00,?0.00,?0.00
7503885234585337872,sophieferiani,0,0,0,0,0,4,22,,1,1,1,1,1,,,,-1,-1,-1,-1,-1,-1,-1,,0,0,0,0,0,0,0,,?0.00,?0.00,?0.00,?0.00,?0.00,?0.01,?0.07
7460261399886037008,,,,,,,,,,,,,,,,,,,,,,,,,,0,0,0,0,0,0,0,,?0.00,?0.00,?0.00,?0.00,?0.00,?0.00,?0.00
7421777847435608081,angeleyes1830,0,0,0,0,0,0,0,,1,1,1,1,1,,,,-1,-1,-1,-1,-1,-1,-1,,0,0,0,0,0,0,0,,?0.00,?0.00,?0.00,?0.00,?0.00,?0.00,?0.00
7550323329664581633,naomimarie20001,0,0,0,0,0,0,0,,1,1,1,1,1,,,,-1,-1,-1,-1,-1,-1,-1,,0,0,0,0,0,0,0,,?0.00,?0.00,?0.00,?0.00,?0.00,?0.00,?0.00
7560805982574624785,totes777,0,0,0,0,0,0,0,,1,1,1,1,1,,,,-1,-1,-1,-1,-1,-1,-1,,0,0,0,0,0,0,0,,?0.00,?0.00,?0.00,?0.00,?0.00,?0.00,?0.00
7549901475690971153,believer6470,0,0,0,0,,,,,1,1,1,1,,,,,-1,-1,-1,-1,,,,,0,0,0,0,0,0,0,,?0.00,?0.00,?0.00,?0.00,?0.00,?0.00,?0.00
7514082817203044369,queenhyiah,0,0,0,0,0,65,2,,1,1,1,1,1,,,,-1,-1,-1,-1,-1,-1,-1,,0,0,0,0,0,0,0,,?0.00,?0.00,?0.00,?0.00,?0.00,?0.22,?0.01
7493248940150784016,tiffanyball908,0,0,0,0,0,0,0,,1,1,1,1,1,,,,-1,-1,-1,-1,-1,-1,-1,,0,0,0,0,0,0,0,,?0.00,?0.00,?0.00,?0.00,?0.00,?0.00,?0.00
7402656225546256400,bethanyyxx1,0,0,0,0,0,100,1,,1,1,1,1,1,,,,-1,-1,-1,-1,-1,-1,-1,,0,0,0,0,0,0,0,,?0.00,?0.00,?0.00,?0.00,?0.00,?0.34,?0.00
7526953878961733649,levm__1,0,0,0,0,0,0,66,,1,1,1,1,1,,,,-1,-1,-1,-1,-1,-1,-1,,0,0,0,0,0,0,0,,?0.00,?0.00,?0.00,?0.00,?0.00,?0.00,?0.22
7390791070147428369,mr_t_phoenix,0,0,0,0,0,0,0,,1,1,1,1,1,,,,-1,-1,-1,-1,-1,-1,-1,,0,0,0,0,0,0,0,,?0.00,?0.00,?0.00,?0.00,?0.00,?0.00,?0.00
7417902667126685712,thearchicreator,0,0,0,0,0,0,0,,1,1,1,1,1,,,,-1,-1,-1,-1,-1,-1,-1,,0,0,0,0,0,0,0,,?0.00,?0.00,?0.00,?0.00,?0.00,?0.00,?0.00
7421792304551428097,kayjay072,0,0,0,0,0,0,0,,1,1,1,1,1,,,,-1,-1,-1,-1,-1,-1,-1,,0,0,0,0,0,0,0,,?0.00,?0.00,?0.00,?0.00,?0.00,?0.00,?0.00
7448691249156145153,xxxxxholliemaexxxxx,0,3,0,0,0,239,11,,1,1,1,1,1,,,,-1,-1,-1,-1,-1,-1,-1,,0,0,0,0,0,0,0,,?0.00,?0.01,?0.00,?0.00,?0.00,?0.81,?0.04
7405115246811299856,therealthatoreynolds,0,0,0,0,0,0,0,,1,1,1,1,1,,,,-1,-1,-1,-1,-1,-1,-1,,0,0,0,0,0,0,0,,?0.00,?0.00,?0.00,?0.00,?0.00,?0.00,?0.00
7472523171841818641,asadbaddie,0,1,0,0,0,0,0,,1,1,1,1,1,,,,-1,-1,-1,-1,-1,-1,-1,,0,0,0,0,0,0,0,,?0.00,?0.00,?0.00,?0.00,?0.00,?0.00,?0.00
7359138749097312262,theliberatedsoul,0,0,0,0,0,0,14,,1,1,1,1,1,,,,-1,-1,-1,-1,-1,-1,-1,,0,0,0,0,0,0,0,,?0.00,?0.00,?0.00,?0.00,?0.00,?0.00,?0.05
7485804261184585745,leonjoullie,0,0,119,45,0,0,0,,1,1,1,1,1,,,,-1,-1,-1,-1,-1,-1,-1,,0,0,0,0,0,0,0,,?0.00,?0.00,?0.40,?0.15,?0.00,?0.00,?0.00
7555888715881611280,shiann.johnhenry,0,0,0,0,0,0,0,,1,1,1,1,1,,,,-1,-1,-1,-1,-1,-1,-1,,0,0,0,0,0,0,0,,?0.00,?0.00,?0.00,?0.00,?0.00,?0.00,?0.00
7417432222963187728,sleepyjam14,0,0,0,0,0,"3,005",24,,1,1,1,1,1,,,,-1,-1,-1,-1,-1,-1,-1,,0,0,0,0,0,0,0,,?0.00,?0.00,?0.00,?0.00,?0.00,?10.14,?0.08
7593105311939051537,rue_styleedits,0,0,0,0,0,0,0,,1,1,1,1,1,,,,-1,-1,-1,-1,-1,-1,-1,,0,0,0,0,0,0,0,,?0.00,?0.00,?0.00,?0.00,?0.00,?0.00,?0.00
7461664158312923152,josephdewhurst9,0,0,0,55,0,0,0,,1,1,1,1,1,,,,-1,-1,-1,-1,-1,-1,-1,,0,0,0,0,0,0,0,,?0.00,?0.00,?0.00,?0.19,?0.00,?0.00,?0.00
7424139547493187600,vitatelimited,0,30,0,0,0,0,0,,1,1,1,1,1,,,,-1,-1,-1,-1,-1,-1,-1,,0,0,0,0,0,0,0,,?0.00,?0.10,?0.00,?0.00,?0.00,?0.00,?0.00
7420693261460865041,whimsical_witch13,0,0,0,0,,,,,1,1,1,1,,,,,-1,-1,-1,-1,,,,,0,0,0,0,0,0,0,,?0.00,?0.00,?0.00,?0.00,?0.00,?0.00,?0.00
7476184188438413313,noahdc.priv,0,0,0,0,0,0,0,,1,1,1,1,1,,,,-1,-1,-1,-1,-1,-1,-1,,0,0,0,0,0,0,0,,?0.00,?0.00,?0.00,?0.00,?0.00,?0.00,?0.00
7477659269962203137,andreacwg,0,0,0,0,0,0,0,,1,1,1,1,1,,,,-1,-1,-1,-1,-1,-1,-1,,0,0,0,0,0,0,0,,?0.00,?0.00,?0.00,?0.00,?0.00,?0.00,?0.00
7436546969092358161,,0,0,0,0,0,0,0,,1,1,1,1,1,,,,-1,-1,-1,-1,-1,-1,-1,,0,0,0,0,0,0,0,,?0.00,?0.00,?0.00,?0.00,?0.00,?0.00,?0.00
7524686469907218433,,,,,,,,,,,,,,,,,,,,,,,,,,0,0,0,0,0,0,0,,?0.00,?0.00,?0.00,?0.00,?0.00,?0.00,?0.00
7484220762862272513,huntbecca,0,0,0,0,0,0,0,,1,1,1,1,1,,,,-1,-1,-1,-1,-1,-1,-1,,0,0,0,0,0,0,0,,?0.00,?0.00,?0.00,?0.00,?0.00,?0.00,?0.00
7562965220340170769,martadoesmusic,0,3,0,0,0,0,0,,1,1,1,1,1,,,,-1,-1,-1,-1,-1,-1,-1,,0,0,0,0,0,0,0,,?0.00,?0.01,?0.00,?0.00,?0.00,?0.00,?0.00
7593855768248582160,#N/A,0,0,0,0,0,0,0,,1,1,1,1,1,,,,-1,-1,-1,-1,-1,-1,-1,,0,0,0,0,0,0,0,,?0.00,?0.00,?0.00,?0.00,?0.00,?0.00,?0.00
7425932647450378257,chloemoran22,0,0,0,0,0,0,0,,1,1,1,1,1,,,,-1,-1,-1,-1,-1,-1,-1,,0,0,0,0,0,0,0,,?0.00,?0.00,?0.00,?0.00,?0.00,?0.00,?0.00
7431944298314170384,13evadav,0,0,0,466,0,0,0,,1,1,1,1,1,,,,-1,-1,-1,-1,-1,-1,-1,,0,0,0,0,0,0,0,,?0.00,?0.00,?0.00,?1.57,?0.00,?0.00,?0.00
7424040283895201809,thebrozone3,0,0,0,0,0,0,0,,1,1,1,1,1,,,,-1,-1,-1,-1,-1,-1,-1,,0,0,0,0,0,0,0,,?0.00,?0.00,?0.00,?0.00,?0.00,?0.00,?0.00
7538398513735139344,princ3tonx,0,52,0,15,0,0,30,,1,1,1,1,1,,,,-1,-1,-1,-1,-1,-1,-1,,0,0,0,0,0,0,0,,?0.00,?0.18,?0.00,?0.05,?0.00,?0.00,?0.10
7553625270012395537,evviemae.x1,0,0,"1,327",0,0,0,0,,1,1,1,1,1,,,,-1,-1,-1,-1,-1,-1,-1,,0,0,0,0,0,0,0,,?0.00,?0.00,?4.48,?0.00,?0.00,?0.00,?0.00
7408570246895779841,,,,,,,,,,,,,,,,,,,,,,,,,,0,0,0,0,0,0,0,,?0.00,?0.00,?0.00,?0.00,?0.00,?0.00,?0.00
7522845711688417296,sophie_mu5ic,0,0,0,0,0,0,0,,1,1,1,1,1,,,,-1,-1,-1,-1,-1,-1,-1,,0,0,0,0,0,0,0,,?0.00,?0.00,?0.00,?0.00,?0.00,?0.00,?0.00
7435701624540282896,,,,,,,,,,,,,,,,,,,,,,,,,,0,0,0,0,0,0,0,,?0.00,?0.00,?0.00,?0.00,?0.00,?0.00,?0.00
7408862487409590289,megskatee,0,0,0,0,0,0,0,,1,1,1,1,1,,,,-1,-1,-1,-1,-1,-1,-1,,0,0,0,0,0,0,0,,?0.00,?0.00,?0.00,?0.00,?0.00,?0.00,?0.00
7428124624082206736,socillaa,0,0,0,0,0,0,0,,1,1,1,1,1,,,,-1,-1,-1,-1,-1,-1,-1,,0,0,0,0,0,0,0,,?0.00,?0.00,?0.00,?0.00,?0.00,?0.00,?0.00
7529624680731492369,k.a.y0x,0,34,0,0,0,0,0,,1,1,1,1,1,,,,-1,-1,-1,-1,-1,-1,-1,,0,0,0,0,0,0,0,,?0.00,?0.11,?0.00,?0.00,?0.00,?0.00,?0.00
7408100477667409937,canio2002,0,0,0,0,0,0,0,,1,1,1,1,1,,,,-1,-1,-1,-1,-1,-1,-1,,0,0,0,0,0,0,0,,?0.00,?0.00,?0.00,?0.00,?0.00,?0.00,?0.00
7599036603755134993,joefranco746,0,0,0,0,0,"1,474","3,220",,1,1,1,1,1,,,,-1,-1,-1,-1,-1,1,3,,0,0,0,0,0,0,0,,?0.00,?0.00,?0.00,?0.00,?0.00,?4.97,?10.87
7556371649344323601,gulabo1127,0,0,0,0,0,4,1,,1,1,1,1,1,,,,-1,-1,-1,-1,-1,-1,-1,,0,0,0,0,0,0,0,,?0.00,?0.00,?0.00,?0.00,?0.00,?0.01,?0.00
7386979465433399313,taboost.uk,0,0,0,0,0,0,0,,1,1,1,1,1,,,,-1,-1,-1,-1,-1,-1,-1,,0,0,0,0,0,0,0,,?0.00,?0.00,?0.00,?0.00,?0.00,?0.00,?0.00
7485083616540672017,key.motivation2,0,0,0,0,0,0,0,,1,1,1,1,1,,,,-1,-1,-1,-1,-1,-1,-1,,0,0,0,0,0,0,0,,?0.00,?0.00,?0.00,?0.00,?0.00,?0.00,?0.00
7480707511847452673,beccaallann,0,0,0,0,0,0,0,,1,1,1,1,1,,,,-1,-1,-1,-1,-1,-1,-1,,0,0,0,0,0,0,0,,?0.00,?0.00,?0.00,?0.00,?0.00,?0.00,?0.00
7507306775658430481,shan.ali86816,0,1,0,0,0,0,0,,1,1,1,1,1,,,,-1,-1,-1,-1,-1,-1,-1,,0,0,0,0,0,0,0,,?0.00,?0.00,?0.00,?0.00,?0.00,?0.00,?0.00
7592633401816055809,#N/A,0,0,0,0,0,22,394,,1,1,1,1,1,,,,-1,-1,-1,-1,-1,-1,-1,,0,0,0,0,0,0,0,,?0.00,?0.00,?0.00,?0.00,?0.00,?0.07,?1.33
7424058272434520081,wotr.music,0,0,0,0,0,0,0,,1,1,1,1,1,,,,-1,-1,-1,-1,-1,-1,-1,,0,0,0,0,0,0,0,,?0.00,?0.00,?0.00,?0.00,?0.00,?0.00,?0.00
7502051454908203009,sargonapparel,0,0,0,0,3,955,0,,1,1,1,1,1,,,,-1,-1,-1,-1,-1,-1,-1,,0,0,0,0,0,0,0,,?0.00,?0.00,?0.00,?0.00,?0.01,?3.22,?0.00
7397732008249819152,l0laxx008,0,0,0,0,0,0,0,,1,1,1,1,1,,,,-1,-1,-1,-1,-1,-1,-1,,0,0,0,0,0,0,0,,?0.00,?0.00,?0.00,?0.00,?0.00,?0.00,?0.00
7449107094650830864,royale11111111,0,0,0,0,0,0,0,,1,1,1,1,1,,,,-1,-1,-1,-1,-1,-1,-1,,0,0,0,0,0,0,0,,?0.00,?0.00,?0.00,?0.00,?0.00,?0.00,?0.00
7551850429613817873,finalclash3161,0,0,0,0,0,0,0,,1,1,1,1,1,,,,-1,-1,-1,-1,-1,-1,-1,,0,0,0,0,0,0,0,,?0.00,?0.00,?0.00,?0.00,?0.00,?0.00,?0.00
7545611389042458641,jayzontopcl,0,0,0,0,,,,,1,1,1,1,,,,,-1,-1,-1,-1,,,,,0,0,0,0,0,0,0,,?0.00,?0.00,?0.00,?0.00,?0.00,?0.00,?0.00
7524074267642806289,elusivewormm,0,0,0,0,0,0,0,,1,1,1,1,1,,,,-1,-1,-1,-1,-1,-1,-1,,0,0,0,0,0,0,0,,?0.00,?0.00,?0.00,?0.00,?0.00,?0.00,?0.00
7436749694006591504,annie_1066,0,0,0,0,0,0,0,,1,1,1,1,1,,,,-1,-1,-1,-1,-1,-1,-1,,0,0,0,0,0,0,0,,?0.00,?0.00,?0.00,?0.00,?0.00,?0.00,?0.00
7468315537802723329,eddie_the_expeditor,0,0,0,0,0,0,0,,1,1,1,1,1,,,,-1,-1,-1,-1,-1,-1,-1,,0,0,0,0,0,0,0,,?0.00,?0.00,?0.00,?0.00,?0.00,?0.00,?0.00
7528159887386509313,ren.shelter,0,0,0,0,0,215,33,,1,1,1,1,1,,,,-1,-1,-1,-1,-1,-1,-1,,0,0,0,0,0,0,0,,?0.00,?0.00,?0.00,?0.00,?0.00,?0.73,?0.11
7594853240475402257,gooodness93,0,0,0,0,,,,,1,1,1,1,,,,,-1,-1,-1,-1,,,,,0,0,0,0,0,0,0,,?0.00,?0.00,?0.00,?0.00,?0.00,?0.00,?0.00
7561125988000776209,stefanisweetheart,0,0,0,0,0,0,0,,1,1,1,1,1,,,,-1,-1,-1,-1,-1,-1,-1,,0,0,0,0,0,0,0,,?0.00,?0.00,?0.00,?0.00,?0.00,?0.00,?0.00
7564833215588892689,joe650296,0,0,37,0,42,0,200,,1,1,1,1,1,,,,-1,-1,-1,-1,-1,-1,-1,,0,0,0,0,0,0,0,,?0.00,?0.00,?0.12,?0.00,?0.14,?0.00,?0.68
7568637805337804801,classiclady007,0,0,0,0,0,0,0,,1,1,1,1,1,,,,-1,-1,-1,-1,-1,-1,-1,,0,0,0,0,0,0,0,,?0.00,?0.00,?0.00,?0.00,?0.00,?0.00,?0.00
7474956192163545089,thecrinaway,0,0,0,0,0,0,0,,1,1,1,1,1,,,,-1,-1,-1,-1,-1,-1,-1,,0,0,0,0,0,0,0,,?0.00,?0.00,?0.00,?0.00,?0.00,?0.00,?0.00
7506615146626744337,layla.may0019,0,0,0,0,0,0,0,,1,1,1,1,1,,,,-1,-1,-1,-1,-1,-1,-1,,0,0,0,0,0,0,0,,?0.00,?0.00,?0.00,?0.00,?0.00,?0.00,?0.00
7565137393679122433,richard.blackwell01,0,0,0,0,0,0,0,,1,1,1,1,1,,,,-1,-1,-1,-1,-1,-1,-1,,0,0,0,0,0,0,0,,?0.00,?0.00,?0.00,?0.00,?0.00,?0.00,?0.00
7538132304020144129,mrjoey0319,0,0,0,0,,,,,1,1,1,1,,,,,-1,-1,-1,-1,,,,,0,0,0,0,0,0,0,,?0.00,?0.00,?0.00,?0.00,?0.00,?0.00,?0.00
7455241678698446864,dacepiano,0,0,0,0,0,0,0,,1,1,1,1,1,,,,-1,-1,-1,-1,-1,-1,-1,,0,0,0,0,0,0,0,,?0.00,?0.00,?0.00,?0.00,?0.00,?0.00,?0.00
7485017386937040912,offendiii,0,0,0,0,0,0,0,,1,1,1,1,1,,,,-1,-1,-1,-1,-1,-1,-1,,0,0,0,0,0,0,0,,?0.00,?0.00,?0.00,?0.00,?0.00,?0.00,?0.00
7595613235412271121,danielknightley,0,304,226,4,10,"2,144",633,,1,1,1,1,1,,,,-1,-1,-1,-1,-1,-1,-1,,0,0,0,0,0,0,0,,?0.00,?1.03,?0.76,?0.01,?0.03,?7.24,?2.14
7513862866395611152,tubzy1v,0,0,0,0,,,,,1,1,1,1,,,,,-1,-1,-1,-1,,,,,0,0,0,0,0,0,0,,?0.00,?0.00,?0.00,?0.00,?0.00,?0.00,?0.00
7524473804756631569,whispermuseasmr,716,"1,808",0,0,0,0,65,,1,1,1,1,1,,,,-1,-1,-1,-1,-1,-1,-1,,0,0,0,0,0,0,0,,?2.42,?6.10,?0.00,?0.00,?0.00,?0.00,?0.22
7567315677682417681,l0la.ugc,0,0,0,0,0,0,0,,1,1,1,1,1,,,,-1,-1,-1,-1,-1,-1,-1,,0,0,0,0,0,0,0,,?0.00,?0.00,?0.00,?0.00,?0.00,?0.00,?0.00
7538942500367810561,vedo.ink,0,0,0,0,0,0,0,,1,1,1,1,1,,,,-1,-1,-1,-1,-1,-1,-1,,0,0,0,0,0,0,0,,?0.00,?0.00,?0.00,?0.00,?0.00,?0.00,?0.00
7542952574803001360,..jasminep,0,0,0,0,0,0,0,,1,1,1,1,1,,,,-1,-1,-1,-1,-1,-1,-1,,0,0,0,0,0,0,0,,?0.00,?0.00,?0.00,?0.00,?0.00,?0.00,?0.00
7528150846060904449,ruta_labrence,0,"1,001",708,"3,304",0,0,0,,1,1,1,1,1,,,,-1,-1,-1,-1,-1,-1,-1,,0,0,0,0,0,0,0,,?0.00,?3.38,?2.39,?11.15,?0.00,?0.00,?0.00
7541106086825443345,#N/A,,,,,0,0,0,,,,,,,,,,,,,,-1,-1,-1,,0,0,0,0,0,0,0,,?0.00,?0.00,?0.00,?0.00,?0.00,?0.00,?0.00
7577150753148665872,unknown779010,0,0,0,0,0,16,68,,1,1,1,1,1,,,,-1,-1,-1,-1,-1,-1,-1,,0,0,0,0,0,0,0,,?0.00,?0.00,?0.00,?0.00,?0.00,?0.05,?0.23
7566355620954259457,furryrolvo01,0,214,0,98,219,40,"13,425",,1,1,1,1,1,,,,-1,-1,-1,-1,-1,-1,3,,0,0,0,0,0,0,0,,?0.00,?0.72,?0.00,?0.33,?0.74,?0.14,?45.31
7584459312647684097,rubes5702,0,38,30,0,0,0,0,,1,1,1,1,1,,,,-1,-1,-1,-1,-1,-1,-1,,0,0,0,0,0,0,0,,?0.00,?0.13,?0.10,?0.00,?0.00,?0.00,?0.00