CID,Creator,Type,Date,Plus,Minus
7401047742329470977,stiansings,Gifted,6/19/2026,,-30000
7457160386807332881,lex_therapy,Gifted,6/19/2026,,-4000
7401047742329470977,stiansings,Agency Reward,6/18/2026,"10,000",
7574151038060593169,lucamusicuk,Agency Reward,6/18/2026,"2,000",
7406620553374646289,strength_byalex,Agency Reward,6/18/2026,"1,000",
7401047742329470977,stiansings,Agency Reward,5/6/2026,"10,000",
7457160386807332881,lex_therapy,Agency Reward,5/6/2026,"9,000",
7404012779482464257,ironladyontt,Agency Reward,5/6/2026,"3,000",
7574151038060593169,lucamusicuk,Agency Reward,5/6/2026,"2,000",
7401047742329470977,stiansings,Agency Reward,4/2/2026,"10,000",
7457160386807332881,lex_therapy,Agency Reward,4/2/2026,"9,000",
7359135227828011013,courtneycyrus123,Agency Reward,4/2/2026,"7,000",
7457160386807332881,lex_therapy,Gifted,4/2/2026,,-10000
7401047742329470977,stiansings,Agency Reward,3/31/2026,"1,000",
7359135227828011013,courtneycyrus123,Agency Reward,3/31/2026,"1,000",
7401047742329470977,stiansings,Agency Reward,3/23/2026,"3,000",
7359135227828011013,courtneycyrus123,Agency Reward,3/23/2026,"1,000",
7401047742329470977,stiansings,Gifted,3/17/2026,,-25600
7457160386807332881,lex_therapy,Gifted,3/3/2026,,-11000
7401047742329470977,stiansings,Agency Reward,3/2/2026,"20,000",
7457160386807332881,lex_therapy,Agency Reward,3/2/2026,"11,000",
7359135227828011013,courtneycyrus123,Agency Reward,3/2/2026,"2,500",
7457160386807332881,lex_therapy,Gifted,2/23/2026,,-3000
7401047742329470977,stiansings,Agency Reward,2/23/2026,"8,000",
7574151038060593169,lucamusicuk,Agency Reward,2/23/2026,"2,000",
7457160386807332881,lex_therapy,Agency Reward,2/23/2026,"1,000",
7401047742329470977,stiansings,Gifted,2/15/2026,,-162001
7401047742329470977,stiansings,Agency Reward,2/9/2026,"10,000",
7404012779482464257,ironladyontt,Agency Reward,2/9/2026,"1,000",
7401047742329470977,stiansings,Agency Reward,2/3/2026,"25,000",
7404012779482464257,ironladyontt,Agency Reward,2/3/2026,"6,500",
7457160386807332881,lex_therapy,Agency Reward,2/3/2026,"3,000",
7401047742329470977,stiansings,Agency Reward,2/3/2026,"20,000",
7401047742329470977,stiansings,Agency Reward,1/27/2026,"10,000",
7404012779482464257,ironladyontt,Agency Reward,1/27/2026,"4,000",
7404012779482464257,ironladyontt,Gifted,1/24/2026,,-4600
7401047742329470977,stiansings,Agency Reward,1/15/2026,"10,000",
7404012779482464257,ironladyontt,Agency Reward,1/15/2026,"2,000",
7574151038060593169,lucamusicuk,Agency Reward,1/15/2026,"1,000",
7457160386807332881,lex_therapy,Gifted,1/10/2026,,-5000
7401047742329470977,stiansings,Agency Reward,1/6/2026,"2,000",
7404012779482464257,ironladyontt,Agency Reward,1/6/2026,"1,000",
7574151038060593169,lucamusicuk,Agency Reward,1/6/2026,500,
7401047742329470977,stiansings,Agency Reward,1/5/2026,"15,000",
7574151038060593169,lucamusicuk,Agency Reward,1/5/2026,"7,000",
7457160386807332881,lex_therapy,Agency Reward,1/5/2026,"5,000",
7404012779482464257,ironladyontt,Agency Reward,1/5/2026,"2,000",
7559193040137486337,glitterzbyashleigh,Agency Reward,1/5/2026,"1,000",
7401047742329470977,stiansings,Agency Reward,12/30/2025,"4,000",
7574151038060593169,lucamusicuk,Agency Reward,12/30/2025,"2,000",
7566355620954259457,furryrolvo01,Agency Reward,12/30/2025,"1,000",
7401047742329470977,stiansings,Agency Reward,12/16/2025,"10,000",
7457160386807332881,lex_therapy,Agency Reward,12/8/2025,"1,000",
7563974554528546817,natalieanderson60,Agency Reward,12/8/2025,500,
7457160386807332881,lex_therapy,Gifted,12/8/2025,,-16000
7401047742329470977,stiansings,Agency Reward,12/2/2025,"25,000",
7457160386807332881,lex_therapy,Agency Reward,12/2/2025,"14,000",
7359138562056617990,clairewaldo1,Agency Reward,12/2/2025,500,
7401799282707415041,evolutionguidance,Gifted,12/1/2025,,-3227.65
7397527387480670224,patrickkimberguitar,Gifted,11/27/2025,,-3000
7477905644465438737,rosemixing,Agency Reward,11/27/2025,"2,500",
7401047742329470977,stiansings,Agency Reward,11/24/2025,"10,000",
7457160386807332881,lex_therapy,Agency Reward,11/24/2025,"1,000",
7401799282707415041,evolutionguidance,Gifted,11/20/2025,,-2000
7401047742329470977,stiansings,Agency Reward,11/17/2025,"10,000",
7359138562056617990,clairewaldo1,Agency Reward,11/17/2025,500,
7401047742329470977,stiansings,Agency Reward,11/11/2025,"10,000",
7401047742329470977,stiansings,Agency Reward,11/3/2025,"28,000",
7457160386807332881,lex_therapy,Agency Reward,11/3/2025,"17,000",
7559193040137486337,glitterzbyashleigh,Agency Reward,11/3/2025,"3,000",
7409752177004036113,_rachelcolton,Gifted,11/1/2025,,-3000
7457160386807332881,lex_therapy,Agency Reward,10/27/2025,"1,000",
7359137203303317510,misskirsteab,Gifted,10/26/2025,,-4350
7401047742329470977,stiansings,Agency Reward,10/21/2025,"3,000",
7359135227828011013,courtneycyrus123,Agency Reward,10/21/2025,"1,000",
7401047742329470977,stiansings,Agency Reward,10/14/2025,"5,000",
7359135227828011013,courtneycyrus123,Agency Reward,10/14/2025,"1,000",
7401047742329470977,stiansings,Agency Reward,10/6/2025,"10,000",
7457160386807332881,lex_therapy,Agency Reward,10/6/2025,"2,000",
7457160386807332881,lex_therapy,Gifted,10/6/2025,,-20000
7457160386807332881,lex_therapy,Gifted,10/6/2025,,-18000
7401047742329470977,stiansings,Agency Reward,10/1/2025,"15,000",
7359135227828011013,courtneycyrus123,Agency Reward,10/1/2025,"14,000",
7457160386807332881,lex_therapy,Agency Reward,10/1/2025,"13,000",
7409752177004036113,_rachelcolton,Agency Reward,10/1/2025,"3,000",
7401047742329470977,stiansings,Agency Reward,9/30/2025,"7,000",
7359138562056617990,clairewaldo1,Agency Reward,9/30/2025,"1,000",
7401047742329470977,stiansings,Agency Reward,9/21/2025,"2,000",
7548763772069003280,kingqueenkemitv,Agency Reward,9/21/2025,500,
7401047742329470977,stiansings,Agency Reward,9/16/2025,"6,000",
7457160386807332881,lex_therapy,Agency Reward,9/16/2025,"2,000",
7359135227828011013,courtneycyrus123,Agency Reward,9/16/2025,"1,000",
7401047742329470977,stiansings,Gifted,9/12/2025,,-80997
7401047742329470977,stiansings,Agency Reward,9/11/2025,"5,000",
7457160386807332881,lex_therapy,Agency Reward,9/11/2025,"3,000",
7359135227828011013,courtneycyrus123,Agency Reward,9/11/2025,"1,000",
7401047742329470977,stiansings,Gifted,9/11/2025,,-27000
7359135227828011013,courtneycyrus123,Agency Reward,9/11/2025,"2,500",
7401047742329470977,stiansings,Gifted,9/11/2025,,-54000
7457160386807332881,lex_therapy,Gifted,9/7/2025,,-18000
7401047742329470977,stiansings,Agency Reward,9/1/2025,"15,000",
7457160386807332881,lex_therapy,Agency Reward,9/1/2025,"16,000",
7359135227828011013,courtneycyrus123,Agency Reward,9/1/2025,"8,000",
7409752177004036113,_rachelcolton,Agency Reward,9/1/2025,"3,000",
7401047742329470977,stiansings,Agency Reward,8/27/2025,"10,000",
7409752177004036113,_rachelcolton,Agency Reward,8/27/2025,"3,000",
7359135227828011013,courtneycyrus123,Agency Reward,8/27/2025,"2,000",
7401047742329470977,stiansings,Agency Reward,8/18/2025,"4,000",
7457160386807332881,lex_therapy,Agency Reward,8/18/2025,"2,000",
7401047742329470977,stiansings,Agency Reward,8/13/2025,"5,000",
7393779588561747985,a.dingles.story,Agency Reward,8/13/2025,"1,000",
7401047742329470977,stiansings,Agency Reward,8/6/2025,"4,000",
7393779588561747985,a.dingles.story,Agency Reward,8/6/2025,"1,000",
7401047742329470977,stiansings,Agency Reward,8/6/2025,"15,000",
7457160386807332881,lex_therapy,Agency Reward,8/6/2025,"13,000",
7359135227828011013,courtneycyrus123,Agency Reward,8/6/2025,"7,000",
7401799282707415041,evolutionguidance,Agency Reward,8/6/2025,"2,000",
7457160386807332881,lex_therapy,Gifted,8/6/2025,,-13000
7401047742329470977,stiansings,Agency Reward,7/31/2025,"13,000",
7359135227828011013,courtneycyrus123,Agency Reward,7/31/2025,"10,000",
7397527387480670224,patrickkimberguitar,Gifted,7/29/2025,,-8000
7393779588561747985,a.dingles.story,Agency Reward,7/21/2025,"3,000",
7514829787777744897,georgeroffeart,Agency Reward,7/21/2025,"2,000",
7524074267642806289,elusivewormm,Agency Reward,7/21/2025,"1,000",
7401047742329470977,stiansings,Agency Reward,7/16/2025,"4,000",
7514829787777744897,georgeroffeart,Agency Reward,7/7/2025,"2,000",
7401047742329470977,stiansings,Agency Reward,7/7/2025,"4,000",
7401799282707415041,evolutionguidance,Agency Reward,7/7/2025,"1,000",
7514829787777744897,georgeroffeart,Gifted,7/6/2025,,-1000
7401047742329470977,stiansings,Agency Reward,7/4/2025,"15,000",
7359135227828011013,courtneycyrus123,Agency Reward,7/4/2025,"14,000",
7457160386807332881,lex_therapy,Agency Reward,7/4/2025,"11,000",
7393779588561747985,a.dingles.story,Agency Reward,7/4/2025,"5,000",
7401799282707415041,evolutionguidance,Agency Reward,7/4/2025,"2,000",
7455670427764129809,caenhillcc,Agency Reward,7/4/2025,"1,000",
7457160386807332881,lex_therapy,Gifted,7/4/2025,,-11000
7393779588561747985,a.dingles.story,Agency Reward,7/1/2025,"4,000",
7514829787777744897,georgeroffeart,Agency Reward,7/1/2025,"1,000",
7359135227828011013,courtneycyrus123,Gifted,6/30/2025,,-25000
7401047742329470977,stiansings,Agency Reward,6/23/2025,"4,000",
7401799282707415041,evolutionguidance,Agency Reward,6/23/2025,"2,000",
7504350643155599377,milli3rose,Agency Reward,6/23/2025,"3,000",
7504350643155599377,milli3rose,Gifted,6/23/2025,,-3000
7425921334225436673,dannystobo,Agency Reward,6/19/2025,"5,000",
7425921334225436673,dannystobo,Agency Reward,6/19/2025,"1,000",
7359135227828011013,courtneycyrus123,Agency Reward,6/9/2025,"8,000",
7401799282707415041,evolutionguidance,Agency Reward,6/9/2025,"4,000",
7401047742329470977,stiansings,Agency Reward,6/9/2025,"2,000",
7359135227828011013,courtneycyrus123,Gifted,6/9/2025,,-5000
7359135227828011013,courtneycyrus123,Agency Reward,6/9/2025,"5,000",
7401799282707415041,evolutionguidance,Gifted,6/7/2025,,-20000
7457160386807332881,lex_therapy,Gifted,6/4/2025,,-10000
7401047742329470977,stiansings,Agency Reward,6/2/2025,"15,000",
7393779588561747985,a.dingles.story,Agency Reward,6/2/2025,"13,000",
7359135227828011013,courtneycyrus123,Agency Reward,6/2/2025,"12,000",
7401799282707415041,evolutionguidance,Agency Reward,6/2/2025,"4,000",
7457160386807332881,lex_therapy,Agency Reward,6/2/2025,"2,000",
7401047742329470977,stiansings,Agency Reward,6/2/2025,"25,000",
7393779588561747985,a.dingles.story,Agency Reward,6/2/2025,"15,000",
7401799282707415041,evolutionguidance,Agency Reward,6/2/2025,"12,000",
7457160386807332881,lex_therapy,Agency Reward,6/2/2025,"7,000",
7401047742329470977,stiansings,Agency Reward,6/2/2025,"10,000",
7359135227828011013,courtneycyrus123,Agency Reward,6/2/2025,"5,000",
7393779588561747985,a.dingles.story,Agency Reward,6/2/2025,"1,000",
7393779588561747985,a.dingles.story,Gifted,6/2/2025,,-81000
7477905644465438737,rosemixing,Agency Reward,5/30/2025,"1,000",
7401047742329470977,stiansings,Agency Reward,5/28/2025,"5,000",
7401799282707415041,evolutionguidance,Agency Reward,5/19/2025,"4,000",
7393779588561747985,a.dingles.story,Agency Reward,5/19/2025,"2,000",
7457198766941077521,sugarrushsprinkle,Agency Reward,5/19/2025,"1,000",
7386542166048260112,call_itmusic,Agency Reward,5/13/2025,"2,500",
7393779588561747985,a.dingles.story,Agency Reward,5/12/2025,"2,000",
7386542166048260112,call_itmusic,Agency Reward,5/12/2025,"1,000",
7393779588561747985,a.dingles.story,Agency Reward,5/9/2025,"2,500",
7401799282707415041,evolutionguidance,Agency Reward,5/5/2025,"4,000",
7401047742329470977,stiansings,Agency Reward,5/5/2025,"2,000",
7401047742329470977,stiansings,Agency Reward,5/2/2025,"15,000",
7401799282707415041,evolutionguidance,Agency Reward,5/2/2025,"11,000",
7393779588561747985,a.dingles.story,Agency Reward,5/2/2025,"10,000",
7424421480626225169,official_gonul,Agency Reward,4/30/2025,"2,500",
7393779588561747985,a.dingles.story,Agency Reward,4/28/2025,"5,000",
7425921334225436673,dannystobo,Agency Reward,4/28/2025,"1,000",
7401047742329470977,stiansings,Agency Reward,4/28/2025,"1,500",
7393779588561747985,a.dingles.story,Agency Reward,4/28/2025,"1,500",
7457198766941077521,sugarrushsprinkle,Agency Reward,4/28/2025,"1,500",
7401047742329470977,stiansings,Bonus,4/25/2025,"15,000",
7401047742329470977,stiansings,Bonus,4/25/2025,"15,000",
7401047742329470977,stiansings,Gifted,4/25/2025,,-15000
7401047742329470977,stiansings,Gifted,4/25/2025,,-15000
7401047742329470977,stiansings,Gifted,4/25/2025,,-5000
7401047742329470977,stiansings,Agency Reward,4/23/2025,"10,000",
7393779588561747985,a.dingles.story,Agency Reward,4/23/2025,"1,000",
7477905644465438737,rosemixing,Agency Reward,4/23/2025,"1,000",
7393779588561747985,a.dingles.story,Agency Reward,4/22/2025,"2,500",
7457160386807332881,lex_therapy,Agency Reward,4/15/2025,500,
7393779588561747985,a.dingles.story,Agency Reward,4/14/2025,"5,000",
7401047742329470977,stiansings,Agency Reward,4/14/2025,"10,000",
7393779588561747985,a.dingles.story,Agency Reward,4/14/2025,"2,000",
7401799282707415041,evolutionguidance,Gifted,4/13/2025,,-2500
7401799282707415041,evolutionguidance,Gifted,4/13/2025,,-15000
7401799282707415041,evolutionguidance,Gifted,4/12/2025,,-9000
7401047742329470977,stiansings,Agency Reward,4/7/2025,"15,000",
7401047742329470977,stiansings,Gifted,4/7/2025,,-15000
7401047742329470977,stiansings,Agency Reward,4/7/2025,"10,000",
7401799282707415041,evolutionguidance,Agency Reward,4/7/2025,"2,500",
7401799282707415041,evolutionguidance,Gifted,4/5/2025,,-12000
7401799282707415041,evolutionguidance,Gifted,4/1/2025,,-4300
7401047742329470977,stiansings,Agency Reward,4/1/2025,"15,000",
7401799282707415041,evolutionguidance,Agency Reward,4/1/2025,"12,000",
7411964813141639184,ollyvert,Agency Reward,4/1/2025,"10,000",
7393779588561747985,a.dingles.story,Agency Reward,4/1/2025,"9,000",
7401047742329470977,stiansings,Agency Reward,4/1/2025,"5,000",
7401047742329470977,stiansings,Agency Reward,4/1/2025,"10,000",
7425921334225436673,dannystobo,Agency Reward,4/1/2025,"1,000",
7425921334225436673,dannystobo,Agency Reward,4/1/2025,"1,500",
7393779588561747985,a.dingles.story,Gifted,3/31/2025,,-2500
7401047742329470977,stiansings,Gifted,3/30/2025,,-92000
7401047742329470977,stiansings,Bonus,3/29/2025,"35,000",
7401047742329470977,stiansings,Gifted,3/29/2025,,-35000
7401047742329470977,stiansings,Bonus,3/28/2025,"15,000",
7401047742329470977,stiansings,Gifted,3/28/2025,,-15000
7455670427764129809,caenhillcc,Agency Reward,3/26/2025,"1,500",
7401047742329470977,stiansings,Agency Reward,3/26/2025,"1,500",
7425921334225436673,dannystobo,Agency Reward,3/26/2025,"1,500",
7459732425032302609,drjuliewinstanley,Agency Reward,3/26/2025,"1,500",
7473099428086251536,bluetack_man,Agency Reward,3/26/2025,"1,500",
7425485491497304081,sarahshopuk,Agency Reward,3/26/2025,"1,500",
7401047742329470977,stiansings,Bonus,3/26/2025,"15,000",
7401047742329470977,stiansings,Bonus,3/26/2025,"35,000",
7401047742329470977,stiansings,Gifted,3/26/2025,,-15000
7401047742329470977,stiansings,Gifted,3/26/2025,,-35000
7401047742329470977,stiansings,Gifted,3/24/2025,,-10000
7466463970224881680,middleeastren,Agency Reward,3/24/2025,"5,000",
7466463970224881680,middleeastren,Gifted,3/24/2025,,-4900
7401799282707415041,evolutionguidance,Gifted,3/24/2025,,-10000
7425921334225436673,dannystobo,Agency Reward,3/21/2025,"1,000",
7386764939572297729,elizzamusic,Agency Reward,3/21/2025,"1,000",
7473099428086251536,bluetack_man,Agency Reward,3/21/2025,"1,000",
7425485491497304081,sarahshopuk,Agency Reward,3/21/2025,"1,000",
7439175327164792833,markiza618,Agency Reward,3/21/2025,"1,000",
7411964813141639184,ollyvert,Gifted,3/20/2025,,-29700
7411964813141639184,ollyvert,Royal Rumble,3/20/2025,"2,000",
7368010209177976849,singalongwithpetetiktok,Gifted,3/19/2025,,-3000
7401047742329470977,stiansings,Agency Reward,3/18/2025,"10,000",
7473099428086251536,bluetack_man ,Agency Reward,3/18/2025,"5,000",
7401047742329470977,stiansings,Million Diamond Club,3/18/2025,"35,000",
7466463970224881680,middleeastren,Gifted,3/18/2025,,-10800
7401799282707415041,evolutionguidance,Gifted,3/15/2025,,-9500
7457160386807332881,lex_therapy,Agency Reward,3/15/2025,500,
7459732425032302609,drjuliewinstanley,Agency Reward,3/15/2025,500,
7401799282707415041,evolutionguidance,Agency Reward,3/15/2025,500,
7425485491497304081,sarahshopuk,Agency Reward,3/15/2025,500,
7473099428086251536,bluetack_man,Agency Reward,3/15/2025,500,
7424421480626225169,official_gonul,Gifted,3/9/2025,,-9500
7368010209177976849,singalongwithpetetiktok,Gifted,3/6/2025,,-3000
7401047742329470977,stiansings,Music Match-Up,3/6/2025,"15,000",
7401047742329470977,stiansings,Agency Reward,2/28/2025,"15,000",
7401799282707415041,evolutionguidance,Agency Reward,2/28/2025,"14,000",
7466463970224881680,middleeastren,Agency Reward,2/28/2025,"13,000",
7409752177004036113,_rachelcolton,Agency Reward,2/28/2025,"12,000",
7393779588561747985,a.dingles.story,Agency Reward,2/28/2025,"2,000",
7401799282707415041,evolutionguidance,Agency Reward,2/28/2025,"2,000",
7455670427764129809,caenhillcc,Agency Reward,2/28/2025,"2,000",
7466463970224881680,middleeastren,Agency Reward,2/28/2025,"2,000",
7401047742329470977,stiansings,Agency Reward,2/28/2025,"2,000",
7401047742329470977,stiansings,Agency Reward,2/28/2025,"5,000",
7459732425032302609,drjuliewinstanley,Agency Reward,2/28/2025,"5,000",
7401047742329470977,stiansings,Gifted,2/26/2025,,-70000
7393779588561747985,a.dingles.story,Agency Reward,2/26/2025,"1,500",
7401799282707415041,evolutionguidance,Agency Reward,2/26/2025,"1,500",
7410150241208369153,_thisismackenzie,Agency Reward,2/26/2025,"1,500",
7460998084307419153,sophie10125,Agency Reward,2/26/2025,"1,500",
7401047742329470977,stiansings,Royal Rumble,2/25/2025,"20,000",
7401047742329470977,stiansings,Agency Reward,2/20/2025,"1,000",
7401799282707415041,evolutionguidance,Agency Reward,2/20/2025,"1,000",
7439175327164792833,markiza618,Agency Reward,2/20/2025,"1,000",
7393779588561747985,a.dingles.story,Agency Reward,2/20/2025,"1,000",
7401047742329470977,stiansings,Agency Reward,2/19/2025,500,
7401799282707415041,evolutionguidance,Agency Reward,2/19/2025,500,
7439175327164792833,markiza618,Agency Reward,2/19/2025,500,
7459732425032302609,drjuliewinstanley,Agency Reward,2/19/2025,500,
7455670427764129809,caenhillcc,Agency Reward,2/19/2025,500,
7401047742329470977,stiansings,Monthly Award,2/19/2025,"35,000",
7401047742329470977,stiansings,Royal Rumble,2/18/2025,"8,000",
7428230162166218769,jenniferbmusic,Agency Reward,2/12/2025,"5,000",
7368010209177976849,singalongwithpetetiktok,Gifted,2/12/2025,,-2840
7397527387480670224,patrickkimberguitar,Gifted,2/12/2025,,-8000
7401047742329470977,stiansings,Agency Reward,2/11/2025,"1,000",
7457160386807332881,lex_therapy,Gifted,2/7/2025,,-7000
7467252203007328257,tarek_holidays,Royal Rumble,2/7/2025,"5,000",
-,jonmckenziemusic,Gifted,2/7/2025,,-8300
7368010209177976849,singalongwithpetetiktok,Gifted,2/4/2025,,-6000
7359137203303317510,misskirsteab,Gifted,2/2/2025,,-4351
7401799282707415041,evolutionguidance,Gifted,2/2/2025,,-14969
7401799282707415041,evolutionguidance,Agency Reward,1/2/2025,"15,000",
7421777847435608081,angeleyes1830,Agency Reward,1/2/2025,"15,000",
7439175327164792833,markiza618,Agency Reward,1/2/2025,"15,000",
7401047742329470977,stiansings,Agency Reward,1/2/2025,"12,000",
7368010209177976849,singalongwithpetetiktok,Agency Reward,1/2/2025,"12,000",
7425921334225436673,dannystobo,Agency Reward,1/2/2025,"10,000",
7459732425032302609,drjuliewinstanley,Agency Reward,1/2/2025,"7,000",
7393779588561747985,a.dingles.story,Agency Reward,1/2/2025,"7,000",
7457198766941077521,sugarrushsprinkle,Agency Reward,1/2/2025,"7,000",
7457160386807332881,lex_therapy,Agency Reward,1/2/2025,"7,000",
7397527387480670224,patrickkimberguitar,Agency Reward,1/2/2025,"7,000",
7411964813141639184,ollyvert,Agency Reward,1/2/2025,"5,000",
7410046110045290497,niyaneeporter,Agency Reward,1/2/2025,"5,000",
7406620553374646289,vestbru1,Agency Reward,1/2/2025,"5,000",
-,tommykjraven,Agency Reward,1/2/2025,"5,000",
7455692449789558800,nickthedecorator,Agency Reward,1/2/2025,"5,000",
-,jonmckenziemusic,Agency Reward,1/2/2025,"5,000",
7424421480626225169,official_gonul,Agency Reward,1/2/2025,"5,000",
7428230162166218769,jenniferbmusic,Agency Reward,12/30/2024,"5,000",
7428230162166218769,jenniferbmusic,Gifted,12/29/2024,,-45000
7359137203303317510,misskirsteab,Gifted,12/28/2024,,-22000
7411085035362697232,skxiste.x,Gifted,12/28/2024,,-10750
7401799282707415041,evolutionguidance,Gifted,12/28/2024,,-7000
7368010209177976849,singalongwithpetetiktok,Gifted,12/28/2024,,-13200
7401047742329470977,stiansings,Royal Rumble,12/26/2024,"5,000",
7431181349618302993,gabru1702,Gifted,12/26/2024,,-1500
7386764939572297729,elizzamusic,Gifted,12/26/2024,,-17000
7401047742329470977,stiansings,Weekly Rank,12/25/2024,"10,000",
7428230162166218769,jenniferbmusic,Weekly Rank,12/25/2024,"9,000",
7393779588561747985,a.dingles.story,Weekly Rank,12/25/2024,"8,000",
7411964813141639184,ollyvert,Weekly Rank,12/25/2024,"7,000",
7368010209177976849,singalongwithpetetiktok,Weekly Rank,12/25/2024,"6,000",
7401799282707415041,evolutionguidance,Weekly Rank,12/25/2024,"5,000",
7424421480626225169,official_gonul,Weekly Rank,12/25/2024,"4,000",
7359137203303317510,misskirsteab,Weekly Rank,12/25/2024,"3,000",
7439175327164792833,markiza618,Weekly Rank,12/25/2024,"2,000",
7411964813141639184,ollyvert,Agency Reward,12/24/2024,"5,000",
7401799282707415041,evolutionguidance,Gifted,12/23/2024,,-8670.2
7411964813141639184,ollyvert,Gifted,12/21/2024,,-15300
7368010209177976849,singalongwithpetetiktok,Gifted,12/21/2024,,-1580
7401047742329470977,stiansings,Royal Rumble,12/19/2024,"10,000",
7428230162166218769,jenniferbmusic,Weekly Rank,12/19/2024,"10,000",
7401047742329470977,stiansings,Weekly Rank,12/19/2024,"9,000",
7359137203303317510,misskirsteab,Weekly Rank,12/19/2024,"8,000",
7368010209177976849,singalongwithpetetiktok,Weekly Rank,12/19/2024,"7,000",
7371449205770043408,cambullofficial,Weekly Rank,12/19/2024,"6,000",
7401799282707415041,evolutionguidance,Weekly Rank,12/19/2024,"5,000",
7393779588561747985,a.dingles.story,Weekly Rank,12/19/2024,"4,000",
7439175327164792833,markiza618,Weekly Rank,12/19/2024,"3,000",
7424421480626225169,official_gonul,Weekly Rank,12/19/2024,"2,000",
7411085035362697232,skxiste.x,Weekly Rank,12/19/2024,"1,000",
7368010209177976849,singalongwithpetetiktok,Gifted,12/18/2024,,-1580
7401047742329470977,stiansings,Agency Reward,12/17/2024,"5,000",
7401047742329470977,stiansings,Agency Reward,12/17/2024,"5,000",
7368010209177976849,singalongwithpetetiktok,Gifted,12/16/2024,,-4500
7401799282707415041,evolutionguidance,Gifted,12/14/2024,,-3425.5
7368010209177976849,singalongwithpetetiktok,Gifted,12/13/2024,,-2000
7428230162166218769,jenniferbmusic,Gifted,12/13/2024,,-6000
7428230162166218769,jenniferbmusic,Royal Rumble,12/12/2024,"5,000",
7401047742329470977,stiansings,Agency Reward,12/10/2024,"5,000",
7401047742329470977,stiansings,Weekly Rank,12/10/2024,"10,000",
7428230162166218769,jenniferbmusic,Weekly Rank,12/10/2024,"9,000",
7386764939572297729,elizzamusic,Weekly Rank,12/10/2024,"8,000",
7401799282707415041,evolutionguidance,Weekly Rank,12/10/2024,"7,000",
7368010209177976849,singalongwithpetetiktok,Weekly Rank,12/10/2024,"6,000",
7411964813141639184,ollyvert,Weekly Rank,12/10/2024,"5,000",
7401811487871778833,aniimx,Weekly Rank,12/10/2024,"4,000",
7359137203303317510,misskirsteab,Weekly Rank,12/10/2024,"3,000",
7424421480626225169,official_gonul,Weekly Rank,12/10/2024,"2,000",
7393779588561747985,a.dingles.story,Weekly Rank,12/10/2024,"1,000",
7401047742329470977,stiansings,Gifted,12/5/2024,,-40000
7401799282707415041,evolutionguidance,Gifted,12/2/2024,,-6000
7401047742329470977,stiansings,Weekly Rank,12/2/2024,"10,000",
7428230162166218769,jenniferbmusic,Weekly Rank,12/2/2024,"9,000",
7386764939572297729,elizzamusic,Weekly Rank,12/2/2024,"8,000",
7425921334225436673,dannystobo,Weekly Rank,12/2/2024,"7,000",
-,jonmckenziemusic,Weekly Rank,12/2/2024,"6,000",
7437597449604268048,libbyyx_xo,Weekly Rank,12/2/2024,"5,000",
7368010209177976849,singalongwithpetetiktok,Weekly Rank,12/2/2024,"4,000",
7393779588561747985,a.dingles.story,Weekly Rank,12/2/2024,"3,000",
7359138749097312262,theliberatedsoul,Weekly Rank,12/2/2024,"2,000",
7391802279017332752,Shelle__music,Weekly Rank,12/2/2024,"1,000",
7368010209177976849,singalongwithpetetiktok,Gifted,12/2/2024,,-2700
7424421480626225169,official_gonul,Gifted,12/2/2024,,-5000
7424421480626225169,official_gonul,Agency Reward,11/28/2024,"5,000",
7401047742329470977,stiansings,Agency Reward,11/28/2024,"5,000",
7401047742329470977,stiansings,Royal Rumble,11/25/2024,"10,000",
7428230162166218769,jenniferbmusic,Weekly Rank,11/24/2024,"10,000",
7401047742329470977,stiansings,Weekly Rank,11/24/2024,"9,000",
7386764939572297729,elizzamusic,Weekly Rank,11/24/2024,"8,000",
7437667430488571905,sxphie06_xx,Weekly Rank,11/24/2024,"7,000",
7425921334225436673,dannystobo,Weekly Rank,11/24/2024,"5,000",
7402656225546256400,bethanyyxx1,Weekly Rank,11/24/2024,"4,000",
7411964813141639184,ollyvert,Weekly Rank,11/24/2024,"3,000",
7424421480626225169,official_gonul,Weekly Rank,11/24/2024,"2,000",
7410046110045290497,niyaneeporter,Weekly Rank,11/24/2024,"1,000",
7428230162166218769,jenniferbmusic,Agency Reward,11/24/2024,"5,000",
7386970723098705936,anetesalinieka,Agency Reward,11/24/2024,"5,000",
7425921334225436673,dannystobo,Gifted,11/24/2024,,-4000
7428230162166218769,jenniferbmusic,Gifted,11/24/2024,,-5000
7401799282707415041,evolutionguidance,Gifted,11/23/2024,,-16000
7368010209177976849,singalongwithpetetiktok,Gifted,11/22/2024,,-6600
7386764939572297729,elizzamusic,Gifted,11/22/2024,,-5000
7401047742329470977,stiansings,Gifted,11/21/2024,,-11000
7428230162166218769,jenniferbmusic,Weekly Rank,11/18/2024,"10,000",
7401047742329470977,ithinkhisnamewassteven,Weekly Rank,11/18/2024,"9,000",
7386970723098705936,anetesalinieka,Weekly Rank,11/18/2024,"8,000",
7411964813141639184,ollyvert,Weekly Rank,11/18/2024,"7,000",
7435227794231017473,onomushi,Weekly Rank,11/18/2024,"6,000",
7401799282707415041,evolutionguidance,Weekly Rank,11/18/2024,"5,000",
7424421480626225169,official_gonul,Weekly Rank,11/18/2024,"4,000",
7386764939572297729,elizzamusic,Weekly Rank,11/18/2024,"3,000",
7401811487871778833,aniimx,Weekly Rank,11/18/2024,"2,000",
7368010209177976849,singalongwithpetetiktok,Weekly Rank,11/18/2024,"1,000",
7401799282707415041,evolutionguidance,Gifted,11/16/2024,,-8899
7386970723098705936,anetesalinieka,Gifted,11/16/2024,,-27402
7428230162166218769,jenniferbmusic,Gifted,11/16/2024,,-17500
7428230162166218769,jenniferbmusic,Royal Rumble,11/14/2024,"10,000",
7428230162166218769,jenniferbmusic,Weekly Rank,11/13/2024,"10,000",
7401047742329470977,stiansings,Weekly Rank,11/13/2024,"9,000",
7359137203303317510,misskirsteab,Weekly Rank,11/13/2024,"8,000",
7401799282707415041,evolutionguidance,Weekly Rank,11/13/2024,"7,000",
-,ameliaxwrightsonxx,Weekly Rank,11/13/2024,"6,000",
7368010209177976849,singalongwithpetetiktok,Weekly Rank,11/13/2024,"5,000",
7359138285886799878,laney_nixon92,Weekly Rank,11/13/2024,"4,000",
7431181349618302993,gabru1702,Weekly Rank,11/13/2024,"3,000",
7411964813141639184,ollyvert,Weekly Rank,11/13/2024,"2,000",
7395236429690945553,michaeleok,Weekly Rank,11/13/2024,"1,000",
7401047742329470977,stiansings,Agency Reward,11/12/2024,,
7428230162166218769,jenniferbmusic,Gifted,11/10/2024,,-8750
7386970723098705936,anetesalinieka,Gifted,11/10/2024,,-7598
7401047742329470977,stiansings,Gifted,11/10/2024,,-37100
7411964813141639184,ollyvert,Gifted,11/10/2024,,-10000
7368010209177976849,singalongwithpetetiktok,Gifted,11/9/2024,,-6000
7359137203303317510,misskirsteab,Gifted,11/9/2024,,-23000
7401799282707415041,evolutionguidance,Gifted,11/9/2024,,-1600
7401799282707415041,evolutionguidance,Agency Reward,11/6/2024,"35,000",
7386970723098705936,anetesalinieka,Agency Reward,11/6/2024,"20,000",
7393779588561747985,a.dingles.story,Agency Reward,11/6/2024,"35,000",
7368010209177976849,singalongwithpetetiktok,Agency Reward,11/6/2024,"10,000",
7401047742329470977,stiansings,Agency Reward,11/6/2024,"5,000",
7375111581560012801,cactoknaxo,Agency Reward,11/6/2024,"5,000",
7423054473775316993,animebound,Agency Reward,11/6/2024,"1,000",
-,jonmckenziemusic,Agency Reward,11/6/2024,"1,000",
7359137203303317510,misskirsteab,Agency Reward,11/6/2024,"1,000",
7359138285886799878,laney_nixon92,Agency Reward,11/6/2024,"1,000",
7391802279017332752,Shelle__music,Agency Reward,11/6/2024,"1,000",
7401799282707415041,evolutionguidance,Agency Reward,11/5/2024,"5,000",
7401799282707415041,evolutionguidance,Gifted,11/2/2024,,-16750
7428230162166218769,jenniferbmusic,Weekly Rank,11/2/2024,"10,000",
7401799282707415041,evolutionguidance,Weekly Rank,11/2/2024,"9,000",
7401047742329470977,stiansings,Weekly Rank,11/2/2024,"8,000",
7386970723098705936,anetesalinieka,Weekly Rank,11/2/2024,"7,000",
7359137203303317510,misskirsteab,Weekly Rank,11/2/2024,"6,000",
7411964813141639184,ollyvert,Weekly Rank,11/2/2024,"5,000",
7425921334225436673,dannystobo,Weekly Rank,11/2/2024,"4,000",
7419192458006790145,mattgreenthumb,Weekly Rank,11/2/2024,"3,000",
-,jonmckenziemusic,Weekly Rank,11/2/2024,"2,000",
7390791070147428369,t_phoenix_,Weekly Rank,11/2/2024,"1,000",
7386970723098705936,anetesalinieka,Agency Reward,10/31/2024,"10,000",
7428230162166218769,jenniferbmusic,Agency Reward,10/30/2024,"5,000",
7401799282707415041,evolutionguidance,Gifted,10/26/2024,,-15200
7393779588561747985,a.dingles.story,Agency Reward,10/25/2024,"5,000",
7401047742329470977,stiansings,Weekly Rank,10/24/2024,"10,000",
7359137203303317510,misskirsteab,Weekly Rank,10/24/2024,"8,000",
7419192458006790145,mattgreenthumb,Weekly Rank,10/24/2024,"6,000",
7359138285886799878,laney_nixon92,Weekly Rank,10/24/2024,"5,000",
7393779588561747985,a.dingles.story,Weekly Rank,10/24/2024,"4,000",
7386970723098705936,anetesalinieka,Weekly Rank,10/24/2024,"3,000",
7428230162166218769,jenniferbmusic,Weekly Rank,10/24/2024,"2,500",
7375111581560012801,cactoknaxo,Weekly Rank,10/24/2024,"2,000",
7405122753059242000,jay.nathan1,Weekly Rank,10/24/2024,"1,500",
7395236429690945553,michaeleok,Weekly Rank,10/24/2024,"1,000",
7419192458006790145,mattgreenthumb,Gifted,10/22/2024,,-5500
7401047742329470977,stiansings,Weekly Rank,10/17/2024,"10,000",
7393779588561747985,a.dingles.story,Weekly Rank,10/17/2024,"8,000",
7401799282707415041,evolutionguidance,Weekly Rank,10/17/2024,"6,000",
7419192458006790145,mattgreenthumb,Weekly Rank,10/17/2024,"5,000",
7359137203303317510,misskirsteab,Weekly Rank,10/17/2024,"4,000",
7424040283895201809,thebrozone3,Weekly Rank,10/17/2024,"3,000",
7390791070147428369,mr_t_phoenix,Weekly Rank,10/17/2024,"2,500",
7359138285886799878,laney_nixon92,Weekly Rank,10/17/2024,"2,000",
7401811487871778833,aniimx,Weekly Rank,10/17/2024,"1,500",
7406620553374646289,vestbru1,Weekly Rank,10/17/2024,"1,000",
7390791070147428369,mr_t_phoenix,Gifted,10/14/2024,,
7401799282707415041,evolutionguidance,Gifted,10/13/2024,,-15000
7393779588561747985,a.dingles.story,Gifted,10/13/2024,,-8998
7359138285886799878,laney_nixon92,Gifted,10/12/2024,,-2700
7401047742329470977,stiansings,Gifted,10/12/2024,,-2700
7386970723098705936,anetesalinieka,Gifted,10/10/2024,,-2750
7401047742329470977,stiansings,Weekly Rank,10/10/2024,"10,000",
7359137203303317510,misskirsteab,Weekly Rank,10/10/2024,"8,000",
7419192458006790145,mattgreenthumb,Weekly Rank,10/10/2024,"6,000",
7393779588561747985,a.dingles.story,Weekly Rank,10/10/2024,"5,000",
7406620553374646289,vestbru1,Weekly Rank,10/10/2024,"4,000",
7409752177004036113,_rachelcolton,Weekly Rank,10/10/2024,"3,000",
7401955184798318609,devooo,Weekly Rank,10/10/2024,"2,500",
7368010209177976849,singalongwithpetetiktok,Weekly Rank,10/10/2024,"2,000",
7411085035362697232,skxiste.x,Weekly Rank,10/10/2024,"1,500",
7386970723098705936,anetesalinieka,Weekly Rank,10/10/2024,"1,000",
7401047742329470977,stiansings,Royal Rumble,10/10/2024,"10,000",
7359137203303317510,misskirsteab,Gifted,10/6/2024,,-14099
7411964813141639184,ollyvert,Gifted,9/30/2024,,-10000
7401047742329470977,stiansings,Gifted,9/30/2024,,-7600
7401047742329470977,stiansings,Weekly Rank,9/30/2024,"10,000",
7359137203303317510,misskirsteab,Weekly Rank,9/30/2024,"8,000",
7411964813141639184,ollyvert,Weekly Rank,9/30/2024,"6,000",
7409752177004036113,_rachelcolton,Weekly Rank,9/30/2024,"5,000",
7402656225546256400,bethanyyxx1,Weekly Rank,9/30/2024,"4,000",
7401799282707415041,evolutionguidance,Weekly Rank,9/30/2024,"3,000",
7359138285886799878,laney_nixon92,Weekly Rank,9/30/2024,"2,500",
7404959915015421953,djrizz_1,Weekly Rank,9/30/2024,"2,000",
7405115246811299856,therealthatoreynolds,Weekly Rank,9/30/2024,"1,500",
7401811487871778833,aniimx,Weekly Rank,9/30/2024,"1,000",
7401799282707415041,evolutionguidance,Agency Reward,9/30/2024,"5,000",
7409752177004036113,_rachelcolton,Gifted,9/29/2024,,-5000
7411964813141639184,ollyvert,Weekly Rank,9/23/2024,"10,000",
7411085035362697232,skxiste.x,Weekly Rank,9/23/2024,"8,000",
7393779588561747985,a.dingles.story,Weekly Rank,9/23/2024,"6,000",
7401047742329470977,stiansings,Weekly Rank,9/23/2024,"5,000",
7397527387480670224,patrickkimberguitar,Weekly Rank,9/23/2024,"4,000",
7359137203303317510,misskirsteab,Weekly Rank,9/23/2024,"3,000",
7405115246811299856,therealthatoreynolds,Weekly Rank,9/23/2024,"2,500",
7402656225546256400,bethanyyxx1,Weekly Rank,9/23/2024,"2,000",
7401811487871778833,aniimx,Weekly Rank,9/23/2024,"1,500",
-,jonmckenziemusic,Weekly Rank,9/23/2024,"1,000",
7411964813141639184,ollyvert,Agency Reward,9/22/2024,"10,000",
7393779588561747985,a.dingles.story,Gifted,9/22/2024,,-5000
7397527387480670224,patrickkimberguitar,Gifted,9/21/2024,,-8000
7405115246811299856,therealthatoreynolds,Music Match-Up,9/18/2024,"2,000",-2000
7401047742329470977,stiansings,Music Match-Up,9/18/2024,"2,000",-2000
-,jonmckenziemusic,Music Match-Up,9/18/2024,"2,000",-2000
7411964813141639184,ollyvert,Music Match-Up,9/18/2024,"2,000",-2000
7411964813141639184,ollyvert,Agency Reward,9/18/2024,"10,000",
7401047742329470977,stiansings,Weekly Rank,9/16/2024,"10,000",
7393779588561747985,a.dingles.story,Weekly Rank,9/16/2024,"8,000",
7359137203303317510,misskirsteab,Weekly Rank,9/16/2024,"6,000",
7411085035362697232,skxiste.x,Weekly Rank,9/16/2024,"5,000",
7402656225546256400,bethanyyxx1,Weekly Rank,9/16/2024,"4,000",
7401811487871778833,aniimx,Weekly Rank,9/16/2024,"3,000",
7401799282707415041,evolutionguidance,Weekly Rank,9/16/2024,"2,500",
7359138285886799878,laney_nixon92,Weekly Rank,9/16/2024,"2,000",
7405122753059242000,jay.nathan1,Weekly Rank,9/16/2024,"1,500",
7405115246811299856,therealthatoreynolds,Weekly Rank,9/16/2024,"1,000",
7393779588561747985,a.dingles.story,Gifted,9/15/2024,,-10000
7401047742329470977,stiansings,Gifted,9/14/2024,,-9000
7401047742329470977,stiansings,Agency Reward,9/14/2024,"5,000",
7393779588561747985,a.dingles.story,Gifted,9/12/2024,,-11000
7393779588561747985,a.dingles.story,Gifted,9/12/2024,,-9700
7359137203303317510,misskirsteab,Gifted,9/12/2024,,-5500
7393779588561747985,a.dingles.story,Weekly Rank,9/9/2024,"10,000",
7401799282707415041,evolutionguidance,Weekly Rank,9/9/2024,"8,000",
7411085035362697232,skxiste.x,Weekly Rank,9/9/2024,"6,000",
7359137203303317510,misskirsteab,Weekly Rank,9/9/2024,"5,000",
7401047742329470977,stiansings,Weekly Rank,9/9/2024,"4,000",
7409752177004036113,_rachelcolton,Weekly Rank,9/9/2024,"3,000",
7406620553374646289,vestbru1,Weekly Rank,9/9/2024,"2,500",
7386764939572297729,elizzamusic,Weekly Rank,9/9/2024,"2,000",
7405122753059242000,jay.nathan1,Weekly Rank,9/9/2024,"1,500",
7405115246811299856,therealthatoreynolds,Weekly Rank,9/9/2024,"1,000",
7393779588561747985,a.dingles.story,Gifted,9/8/2024,,-10000
7401799282707415041,evolutionguidance,Gifted,9/8/2024,,-16200
7405115246811299856,therealthatoreynolds,Gifted,9/8/2024,,-1000
7401799282707415041,evolutionguidance,Agency Reward,9/7/2024,"5,000",
7386764939572297729,elizzamusic,Gifted,9/7/2024,,-3300
-,jonmckenziemusic,Gifted,9/7/2024,,-2400
7393779588561747985,a.dingles.story,Weekly Rank,8/31/2024,"10,000",
7401047742329470977,stiansings,Weekly Rank,8/31/2024,"8,000",
7359137203303317510,misskirsteab,Weekly Rank,8/31/2024,"6,000",
7401799282707415041,evolutionguidance,Weekly Rank,8/31/2024,"5,000",
7388859956205731841,katiegracemusic,Weekly Rank,8/31/2024,"4,000",
7402656225546256400,bethanyyxx1,Weekly Rank,8/31/2024,"3,000",
7386764939572297729,elizzamusic,Weekly Rank,8/31/2024,"2,500",
7405115246811299856,therealthatoreynolds,Weekly Rank,8/31/2024,"2,000",
7405122753059242000,jay.nathan1,Weekly Rank,8/31/2024,"1,500",
7397527387480670224,patrickkimberguitar,Weekly Rank,8/31/2024,"1,000",
7393779588561747985,a.dingles.story,Agency Reward,8/25/2024,"5,000",
7393779588561747985,a.dingles.story,Weekly Rank,8/24/2024,"10,000",
7401799282707415041,evolutionguidance,Weekly Rank,8/24/2024,"8,000",
7390791070147428369,mr_t_phoenix,Weekly Rank,8/24/2024,"6,000",
7359137203303317510,misskirsteab,Weekly Rank,8/24/2024,"5,000",
-,x_s01x,Weekly Rank,8/24/2024,"4,000",
7397527387480670224,patrickkimberguitar,Weekly Rank,8/24/2024,"3,000",
7401047742329470977,stiansings,Weekly Rank,8/24/2024,"2,500",
7386764939572297729,elizzamusic,Weekly Rank,8/24/2024,"2,000",
7400684526520827921,georgie043,Weekly Rank,8/24/2024,"1,500",
7402656225546256400,bethanyyxx1,Weekly Rank,8/24/2024,"1,000",
7393779588561747985,a.dingles.story,Agency Reward,8/18/2024,"5,000",
7390791070147428369,mr_t_phoenix,Weekly Rank,8/17/2024,"10,000",
7393779588561747985,a.dingles.story,Weekly Rank,8/17/2024,"8,000",
7401047742329470977,stiansings,Weekly Rank,8/17/2024,"6,000",
7401799282707415041,evolutionguidance,Weekly Rank,8/17/2024,"5,000",
7397527387480670224,patrickkimberguitar,Weekly Rank,8/17/2024,"4,000",
7388859956205731841,katiegracemusic,Weekly Rank,8/17/2024,"3,000",
7386970723098705936,anetesalinieka,Weekly Rank,8/17/2024,"2,500",
7401811487871778833,aniimx,Weekly Rank,8/17/2024,"2,000",
-,mariamarinaserena,Weekly Rank,8/17/2024,"1,500",
7386764939572297729,elizzamusic,Weekly Rank,8/17/2024,"1,000",
7390791070147428369,mr_t_phoenix,Weekly Rank,8/10/2024,"10,000",
7393779588561747985,a.dingles.story,Weekly Rank,8/10/2024,"8,000",
7388859956205731841,katiegracemusic,Weekly Rank,8/10/2024,"6,000",
7397527387480670224,patrickkimberguitar,Weekly Rank,8/10/2024,"5,000",
-,jonmckenziemusic,Weekly Rank,8/10/2024,"4,000",
7386970723098705936,anetesalinieka,Weekly Rank,8/10/2024,"3,000",
7400697408113655825,katieandersonwhite,Weekly Rank,8/10/2024,"2,500",
7395236429690945553,michaeleok,Weekly Rank,8/10/2024,"2,000",
7397450109992255505,drtobeangelika,Weekly Rank,8/10/2024,"1,500",
-,mariamarinaserena,Weekly Rank,8/10/2024,"1,000",
7411964813141639184,ollyvert,Gifted,,,-10000
7409752177004036113,_rachelcolton,Weekly Rank,,,
7401047742329470977,stiansings,Agency Reward,,"5,000",
7401047742329470977,stiansings,Royal Rumble,,"5,000",
7359137203303317510,misskirsteab,Gifted,,,-8700
7428230162166218769,jenniferbmusic,Gifted,,,-16125
7401047742329470977,stiansings,Gifted,,,-115000
7401799282707415041,evolutionguidance,Gifted,,,-2259
7425921334225436673,dannystobo,Agency Reward,,"5,000",
7401799282707415041,evolutionguidance,Gifted,,,-1000
7401047742329470977,stiansings,Royal Rumble,,"5,000",
7425921334225436673,dannystobo,Gifted,,,-15000
7401047742329470977,stiansings,Royal Rumble,,"15,000",