UID,3/11,DIAMONDS,Feb 2026,Jan 2026,Dec 2025,Nov 2025,Oct 2025,Sep 2025,,TIER,Feb 2026,Jan 2026,Dec 2025,Nov 2025,Oct 2025,Sep 2025,,LEVEL,Feb 2026,Jan 2026,Dec 2025,Nov 2025,Oct 2025,Sep 2025
7359134430037934085,emileeannmiller,0,0,0,0,0,0,0,,1,1,,,,,,,,-1,-1,-1,-1,-1,-1
7359134456151867397,luke.h.reynoldsmusic,"124,661","101,630","848,108","478,519","898,736","577,188","250,241",,2,2,,,,,,,2,1,2,2,2,2,1
7359134457569312773,allisonrosefinicle,0,0,0,0,0,0,0,,1,1,,,,,,,,-1,-1,-1,-1,-1,-1
7359134463483478021,natalieporretta,0,0,0,0,0,0,0,,1,1,,,,,,,,-1,-1,-1,-1,-1,-1
7359134457615384581,taboostboss,0,0,0,0,0,0,0,,1,1,,,,,,,,-1,-1,-1,-1,-1,-1
7359134489861259269,luxtinglesasmr,0,0,0,0,0,0,0,,1,1,,,,,,,,-1,-1,-1,-1,-1,-1
7359134517946417157,ashleymatute_,"49,877","1,218,075","1,361,144","1,101,660","574,089","253,244","288,381",,1,6,,,,,,,,4,6,6,2,2,0
7359134498598158342,caleb_caldwell1,"2,034","2,649","9,426","2,845","9,989","14,912","171,742",,1,1,,,,,,,,-1,-1,-1,-1,-1,1
7359134572702957574,jayden_egg,"934,614","2,330,821","2,191,553","2,690,867","2,170,096","762,334","36,018",,5,7,,,,,,,1,6,4,6,6,3,-1
7359134527924666373,basswizrd,"80,796","113,368","179,383","204,132","357,338","119,073","242,107",,1,2,,,,,,,0,5,5,4,5,4,4
7359134507833982981,loisa_asmr,"155,256","67,527","153,405","233,985","154,335","280,880","366,054",,2,1,,,,,,,,-1,-1,-1,-1,0,0
7359134534392348678,jennyfromthe_block_,0,0,0,0,0,0,0,,1,1,,,,,,,,-1,-1,-1,-1,-1,-1
7359134585688522757,singleonthemove,"836,080","5,226,194","5,828,132","8,632,676","7,553,741","9,383,894","2,992,102",,5,9,,,,,,,1,4,4,2,6,6,4
7359134574070398981,sierralandmagic,"33,447","690,897","554,362","723,148","35,336","641,142","695,281",,1,5,,,,,,,,2,2,3,-1,1,3
7359134594286813190,koryskitchen_2,0,0,0,11,0,0,810,,1,1,,,,,,,,-1,-1,-1,-1,-1,-1
7359134619347910661,lilawestcoast,0,0,274,0,27,7,147,,1,1,,,,,,,,-1,-1,-1,-1,-1,-1
7359134682556170245,smilinjacks69,"19,839","12,088","9,007","34,271",332,0,0,,1,1,,,,,,,,-1,-1,-1,-1,-1,-1
7359134685395419141,meg_venus,0,0,0,0,0,0,3,,1,1,,,,,,,,-1,-1,-1,-1,-1,-1
7359134698641293317,bobbyjwil,"423,445","629,282","596,896","1,125,547","1,063,112","2,241,871","2,124,262",,4,5,,,,,,,1,4,5,6,6,6,6
7359134701724041221,yourfavderek,"37,771","143,803","84,263","130,361","192,235","364,514","408,451",,1,2,,,,,,,2,4,3,3,4,5,5
7359134698641162245,roostersworld4,"44,219","28,017","28,817","37,123","6,690","67,256","89,332",,1,1,,,,,,,2,4,3,2,-1,0,3
7359134725187207174,g_money0805,370,"31,016","80,809","2,813","13,941","2,137","3,363",,1,1,,,,,,,,0,2,-1,-1,-1,-1
7359134710397763589,swug_asmr,"9,590","44,228","74,083","59,394","154,050","398,385","41,324",,1,1,,,,,,,,0,1,-1,1,2,-1
7359134700117458949,minderella1teamspreadluv,0,0,"4,198","32,941","47,140","30,325",0,,1,1,,,,,,,,-1,-1,0,0,-1,-1
7359134725199462406,mcdonalds_hacks101,0,"1,224",14,0,9,105,"1,093",,1,1,,,,,,,,-1,-1,-1,-1,-1,-1
7359134735479603205,staceygurns,0,0,0,0,893,0,0,,1,1,,,,,,,,-1,-1,-1,-1,-1,-1
7359134779242971142,asmr_anah,0,0,0,315,22,"4,174",0,,1,1,,,,,,,,-1,-1,-1,-1,-1,-1
7359134767486369797,kelcie092,0,0,0,0,422,0,0,,1,1,,,,,,,,-1,-1,-1,-1,-1,-1
7359134767486402565,malrobisonnn,0,0,0,0,14,"2,004",706,,1,1,,,,,,,,-1,-1,-1,-1,-1,-1
7359134752903004166,nicoleshaee,0,0,0,0,0,0,0,,1,1,,,,,,,,-1,-1,-1,-1,-1,-1
7359134813120659461,jeremiahboutross,"121,760","758,627","162,773","273,252","305,201","304,127","802,175",,2,5,,,,,,,2,5,5,4,5,4,5
7359134813124689926,thetiralositwins,0,0,"8,213","11,129","22,655","30,110","60,371",,1,1,,,,,,,,-1,-1,-1,-1,-1,-1
7359134823299940357,tef_talk,0,0,0,0,0,0,0,,1,1,,,,,,,,-1,-1,-1,-1,-1,-1
7359134909191159814,skylerclarkk,"1,359,825","2,530,421","2,765,414","2,203,511","631,954","757,776","313,849",,6,7,,,,,,,1,4,3,4,1,1,-1
7359134875733000198,maiazakay,"213,276","268,133","3,098","75,622","763,414","149,113","245,354",,3,3,,,,,,,,0,-1,-1,-1,-1,-1
7359134882947235845,20takejake,0,0,0,0,0,0,0,,1,1,,,,,,,,-1,-1,-1,-1,-1,-1
7359134961959632902,thecyrilia,"251,942","1,692,837","2,104,021","2,526,624","1,691,212","1,230,164","5,296,402",,3,7,,,,,,,,2,6,6,4,1,3
7359134960558571525,smity194,"769,495","1,171,166","1,137,993","4,032,095","3,417,288","2,464,453","3,033,973",,5,6,,,,,,,1,2,2,3,3,3,3
7359134964962623494,.dianaaa__,"4,802","28,935","9,359",0,"1,547",0,"33,971",,1,1,,,,,,,,-1,-1,-1,-1,-1,-1
7359134981857280006,averynoelles,"135,256","417,517","422,251","301,736","378,134","201,418","160,721",,2,4,,,,,,,,1,2,1,0,0,-1
7359134984718024709,cpayne_04,"216,439","209,042","396,884","351,453","483,501","513,417","485,870",,3,3,,,,,,,,0,1,1,2,1,1
7359135028791771142,mortgagemagicmike,3,23,213,0,0,"2,570",515,,1,1,,,,,,,,-1,-1,-1,-1,-1,-1
7359134983241531397,natebharris,0,499,"1,900","5,070",357,0,0,,1,1,,,,,,,,-1,-1,-1,-1,-1,-1
7359135033598377990,frenchiarmelle,0,0,0,"18,500",0,0,"5,610",,1,1,,,,,,,,-1,-1,-1,-1,-1,-1
7359135017219424262,864_queen,0,0,0,0,0,0,0,,1,1,,,,,,,,-1,-1,-1,-1,-1,-1
7359135097779519493,bryton.39,"1,787,949","3,264,869","4,620,580","6,231,628","4,022,386","4,081,670","2,877,804",,7,8,,,,,,,2,6,6,6,6,6,6
7359135105165656069,freekbass,"1,415,366","2,927,760","4,925,433","13,450,978","5,678,359","1,482,218","611,900",,6,7,,,,,,,1,4,6,6,3,3,3
7359135084659736581,samanthasingsit,"1,832,900","1,653,571","1,270,834","3,904,754","1,154,011","1,128,797","1,904,005",,7,7,,,,,,,1,6,3,6,2,2,3
7359135112296071173,thomasetv3000,"3,995","16,292","5,412","4,687","1,436","7,844","23,537",,1,1,,,,,,,,-1,-1,-1,-1,-1,1
7359135099172159494,mayhem.meadows.farm,29,"5,902","9,410","21,519","17,173","6,597","17,757",,1,1,,,,,,,,-1,-1,-1,-1,-1,-1
7359135070302535686,iamjacobsavage,0,"2,480",0,0,0,0,0,,1,1,,,,,,,,-1,-1,-1,-1,-1,-1
7359135097775456262,aaronfullerx,0,0,384,0,0,0,0,,1,1,,,,,,,,-1,-1,-1,-1,-1,-1
7359135087579004933,hotter_wallen_,0,0,0,66,0,0,0,,1,1,,,,,,,,-1,-1,-1,-1,-1,-1
7359135184236642309,voyce89,"40,349","288,595","232,065","142,506","177,645","654,449","443,867",,1,3,,,,,,,,1,2,2,2,4,2
7359135185687904261,ashtingles,"68,018","317,268","149,348","92,477","163,603","136,461","69,201",,1,4,,,,,,,0,2,0,0,0,1,-1
7359135160358699014,kayy.jayy26,342,"14,360","157,690","37,057","33,012",979,"3,500",,1,1,,,,,,,,2,3,0,0,-1,-1
7359135172404740102,steven_dean,"14,615","31,536","37,650","44,518","92,959","57,304","52,545",,1,1,,,,,,,,0,-1,-1,0,-1,-1
7359135160358567942,rahjaedadrummer,29,15,0,0,104,0,115,,1,1,,,,,,,,-1,-1,-1,-1,-1,-1
7359135158852681733,paganlionessof5,0,0,"1,504",0,"9,682",0,0,,1,1,,,,,,,,-1,-1,-1,-1,-1,-1
7359135227891056646,queenofdreamz_444,0,0,0,0,0,0,"4,532",,1,1,,,,,,,,-1,-1,-1,-1,-1,-1
7359135160362958854,justbrendaaaa,0,0,0,0,"4,937",0,0,,1,1,,,,,,,,-1,-1,-1,-1,-1,-1
7359135232244678661,christianmiller.music,0,0,0,0,0,"7,194","1,088,088",,1,1,,,,,,,,-1,-1,-1,-1,-1,-1
7359135227891023878,keystone_outdoors3,0,0,0,0,0,0,0,,1,1,,,,,,,,-1,-1,-1,-1,-1,-1
7359135203316596742,brittanydejardo,0,0,0,0,0,0,0,,1,1,,,,,,,,-1,-1,-1,-1,-1,-1
7359135181367869445,annaamaxx,0,0,0,0,0,0,0,,1,1,,,,,,,,-1,-1,-1,-1,-1,-1
7359135264167428102,coloreomusic,"821,239","1,521,625","1,376,333","956,875","1,309,617","1,383,345","1,550,828",,5,6,,,,,,,2,6,6,5,6,6,6
7359135283092226053,oregonstargirl,"373,087","1,531,102","1,579,057","1,641,351","1,917,925","1,368,758","1,880,516",,4,6,,,,,,,1,4,6,6,6,4,6
7359135281678712838,blakeslifeline,"160,660","352,402","351,595","422,412","838,023","1,267,964","1,707,467",,2,4,,,,,,,1,2,1,3,4,6,6
7359135268521246726,thetrapviolinist,"289,663","504,310","326,036","114,050","212,043","492,509","874,800",,3,5,,,,,,,,0,-1,-1,-1,0,0
7359135361911652357,shelbyjo89,"28,257","106,630","121,077","106,552","274,027","92,343","36,487",,1,2,,,,,,,1,4,5,5,5,5,2
7359135322615185413,aaronhunt30575,"80,968","409,997","888,661","983,160","499,353","276,929","328,306",,1,4,,,,,,,,0,1,2,1,-1,1
7359135264155107334,danielsbrowning,"31,606","81,345","34,810","31,481","38,066","18,607","30,037",,1,1,,,,,,,,0,0,-1,0,0,-1
7359135264155140102,umparker,"5,330","17,341","18,128",0,0,0,5,,1,1,,,,,,,,-1,2,-1,-1,-1,-1
7359135353263030278,codyglenncoxmusic,"34,406","5,519","9,638",0,"4,127",0,"11,400",,1,1,,,,,,,,-1,-1,-1,-1,-1,-1
7359135347281985541,first.lady.jay2.0,"5,249","9,563",100,"5,445",0,0,0,,1,1,,,,,,,,-1,-1,-1,-1,-1,-1
7359135286036561926,lsxcrew,8,136,511,754,"2,167",5,60,,1,1,,,,,,,,-1,-1,-1,-1,-1,-1
7359135268504469509,jeremygregorymusic,0,224,"2,178",0,1,0,0,,1,1,,,,,,,,-1,-1,-1,-1,-1,-1
7359135302167822342,cowboytuff03,0,"1,017",126,0,"28,894","129,796",,,1,1,,,,,,,,-1,-1,-1,0,0,
7359135264113065989,wmblakehenry_jivemnd,0,0,13,0,0,0,114,,1,1,,,,,,,,-1,-1,-1,-1,-1,-1
7359135337295118341,rykerit,0,0,0,382,"6,364",520,0,,1,1,,,,,,,,-1,-1,-1,-1,-1,-1
7359135318186033158,happy.hippogh,0,0,0,0,0,4,0,,1,1,,,,,,,,-1,-1,-1,-1,-1,-1
7359135262674321413,cameronbuffalo,0,0,0,0,0,0,"1,807",,1,1,,,,,,,,-1,-1,-1,-1,-1,-1
7359135269972606982,rusty_35,0,0,0,0,0,0,0,,1,1,,,,,,,,-1,-1,-1,-1,-1,-1
7359135273021865990,kathleen_oneill,0,0,0,0,0,0,0,,1,1,,,,,,,,-1,-1,-1,-1,-1,-1
7359135407352610822,burnt.tatertot,"250,416","1,329,052","735,549","1,364,448","1,210,681","1,945,609","1,369,959",,3,6,,,,,,,,6,5,6,3,6,3
7359135408745447429,b.herbz,"285,512","395,806","448,700","232,571","139,435","59,541","169,399",,3,4,,,,,,,,0,1,0,-1,-1,0
7359135442542952454,lil.ginga5,"16,666","34,706","74,510","67,156","30,825","26,332","189,392",,1,1,,,,,,,,1,1,1,0,0,2
7359135501099761669,itskbearr,0,"1,374","3,996",5,"4,335","13,672","3,180",,1,1,,,,,,,,-1,1,-1,1,4,-1
7359135442551209989,rcvry_w._uncle_louie,618,"4,417",706,"3,566","1,250",2,244,,1,1,,,,,,,,0,-1,-1,-1,-1,-1
7359135444145274886,srt.berner420,134,"34,627","27,677","64,739","60,919","196,192","188,524",,1,1,,,,,,,,-1,-1,-1,-1,1,0
7359135484905553925,nicolefarahh,79,"23,873","9,062","1,601","424,606",373,0,,1,1,,,,,,,,-1,-1,-1,-1,-1,-1
7359135416206950406,tripsevenofficial1,50,"4,197","6,355","2,685","2,590","16,643","8,320",,1,1,,,,,,,,-1,-1,-1,-1,-1,0
7359135410272239622,lolthatsrichie,5,350,"24,283","56,472",729,"6,213","13,033",,1,1,,,,,,,,-1,-1,-1,-1,-1,-1
7359135408740925446,_reallyrachel_,498,"1,107",,"2,441","58,323","27,326","731,947",,1,1,,,,,,,,-1,,-1,-1,-1,-1
7359135407319285766,user_15253637,0,15,0,0,242,165,120,,1,1,,,,,,,,-1,-1,-1,-1,-1,-1
7359135442542821382,alexa_aronson,0,0,212,1,0,"2,621",129,,1,1,,,,,,,,-1,-1,-1,-1,-1,-1
7359135448591040518,firefly_kat26,0,1,0,1,"5,148",2,3,,1,1,,,,,,,,-1,-1,-1,-1,-1,-1
7359135416169103365,thelindabinda,0,0,"1,848",0,0,0,220,,1,1,,,,,,,,-1,-1,-1,-1,-1,-1
7359135457160069126,katie.n.marie,0,0,0,0,0,0,191,,1,1,,,,,,,,-1,-1,-1,-1,-1,-1
7359135727810052101,hotterjakepaul,"670,532","798,841","856,560","967,714","1,880,865","2,241,076","1,840,205",,5,5,,,,,,,1,4,3,2,3,4,4
7359135589712560133,silvershadowmark,"96,785","245,779","178,550","203,167","227,163","167,529","209,221",,1,3,,,,,,,2,5,5,3,4,5,3
7359135698651217926,mystiquedejello,"251,155","655,346","574,136","488,302","624,658","181,570","680,359",,3,5,,,,,,,,1,0,0,1,0,1
7359135762769608710,mistresswednesday13,"125,604","358,474","193,911","412,379","240,144","193,206","248,332",,2,4,,,,,,,,2,0,2,2,0,1
7359135632007921670,24widmar,"46,445","120,245","126,062","132,466","137,893","539,802","363,432",,1,2,,,,,,,,1,2,1,2,5,5
7359135689868443654,carringtonchronicles,236,"24,531","71,893","40,872","24,480",1,3,,1,1,,,,,,,,0,5,0,-1,-1,-1
7359135591147274246,yourfriendm00nmusic,384,"12,140","211,901","35,468","48,048","29,883","140,162",,1,1,,,,,,,,-1,1,-1,-1,-1,0
7359135732201488390,toxic_luigi69,"2,132","12,297","10,976","37,183","149,016","86,531","10,309",,1,1,,,,,,,,-1,-1,-1,-1,-1,1
7359135736874467333,jovanijara99,0,"25,966","7,722","23,180","32,053","76,384","82,904",,1,1,,,,,,,,-1,-1,-1,-1,-1,-1
7359135748324425734,jasoncohenofficial,0,9,0,0,0,0,12,,1,1,,,,,,,,-1,-1,-1,-1,-1,-1
7359135733719957510,dtxjusstin,0,"3,353",98,906,4,0,"8,023",,1,1,,,,,,,,-1,-1,-1,-1,-1,-1
7359135730641534982,strongmamaof4,0,0,43,6,0,13,0,,1,1,,,,,,,,-1,-1,-1,-1,-1,-1
7359135688387821573,ellaseebacherxmusic,0,14,0,0,0,0,0,,1,1,,,,,,,,-1,-1,-1,-1,-1,-1
7359135723561254918,malloryventura1,0,0,0,0,0,0,0,,1,1,,,,,,,,-1,-1,-1,-1,-1,-1
7359135998355472389,brayden.pantel,"345,589","1,482,249","2,512,304","3,106,420","4,197,581","3,824,310","6,468,156",,4,6,,,,,,,,-1,0,-1,1,1,2
7359135814745391109,tha_dripp_phamily,"630,220","501,009","340,183","466,287","460,346","398,883","783,718",,5,5,,,,,,,2,2,1,2,3,2,3
7359135813340266502,itsjimmay,649,"54,886","2,688","5,619","2,059","83,801","119,557",,1,1,,,,,,,,-1,-1,-1,-1,0,1
7359135811868557317,lindsey.lou.whoo,0,52,0,0,0,0,0,,1,1,,,,,,,,-1,-1,-1,-1,-1,-1
7359135914154786821,lilnikk1,0,0,0,320,0,1,"1,224",,1,1,,,,,,,,-1,-1,-1,-1,-1,-1
7359135817660596230,bettertogether1103,0,0,0,0,141,"3,302","2,238",,1,1,,,,,,,,-1,-1,-1,-1,-1,0
7359135826238013445,fun_with_kermit_usa,0,0,0,0,0,0,0,,1,1,,,,,,,,-1,-1,-1,-1,-1,-1
7359135856583507974,brandy.39,0,0,0,0,0,0,0,,1,1,,,,,,,,-1,-1,-1,-1,-1,-1
7359135941149163526,chloerosenbaum,0,0,0,0,0,0,0,,1,1,,,,,,,,-1,-1,-1,-1,-1,-1
7359136208586637317,thebellaflora__,"439,686","997,055","497,820","212,358","141,080","492,463","377,504",,4,5,,,,,,,2,5,3,2,1,3,1
7359136272692117509,koryskitchen,"283,718","619,960","459,866","492,021","444,712","510,902","442,680",,3,5,,,,,,,1,3,3,3,3,2,2
7359136328962801669,dougielifts,"22,405","174,493","278,408","431,596","117,482","219,950","119,973",,1,2,,,,,,,0,5,5,5,2,5,5
7359136287120719877,redrumstudios,"292,199","105,356","2,994",504,0,"45,190","6,532",,3,2,,,,,,,1,2,-1,-1,-1,1,-1
7359136208573792261,mikaylaa.10,"3,188",455,"1,603","13,017","15,937","116,788","169,034",,1,1,,,,,,,,-1,-1,-1,-1,0,0
7359136287137398789,kimmyhardtoforget,1,506,119,1,39,,,,1,1,,,,,,,0,0,0,1,1,,
7359136303201484805,jackijing,0,93,35,3,236,448,431,,1,1,,,,,,,,-1,-1,-1,-1,-1,2
7359136363951816710,rockylanemusic,"353,153","1,339,912","1,342,827","1,088,531","1,418,139","1,978,290","2,067,687",,4,6,,,,,,,2,4,4,3,4,6,4
7359136672245809158,natalianope,"176,590","484,600","628,757","1,008,200","1,008,814","930,745","533,988",,2,4,,,,,,,,0,2,3,2,2,0
7359136385644658693,joelerdmann_,"3,030","1,467","3,451",0,0,0,0,,1,1,,,,,,,,-1,-1,-1,-1,-1,-1
7359136395657019397,jordan.o1son,842,0,0,0,0,0,0,,1,1,,,,,,,,-1,-1,-1,-1,-1,-1
7359136670739922949,jabbartiller,4,0,"2,728",20,0,"118,622","62,767",,1,1,,,,,,,,-1,-1,-1,-1,1,0
7359136690818088965,codytiralosi,0,0,461,"3,670","1,922","3,270","29,772",,1,1,,,,,,,,-1,-1,-1,-1,-1,-1
7359136503685218310,heatherlee.digital,0,0,0,0,0,0,"12,056",,1,1,,,,,,,,-1,-1,-1,-1,-1,0
7359136384277577734,jennalorenmusic,0,0,0,0,0,0,0,,1,1,,,,,,,,-1,-1,-1,-1,-1,-1
7359136550178816006,alextiralosi,0,0,0,0,0,0,0,,1,1,,,,,,,,-1,-1,-1,-1,-1,-1
7359137032024752133,djbowiejane,0,0,"95,752","18,765","83,239","138,029","20,160",,1,1,,,,,,,,-1,-1,-1,-1,-1,-1
7359137040853860358,kyland.young,0,0,0,0,"9,660","67,851","437,718",,1,1,,,,,,,,-1,-1,-1,-1,-1,1
7359137631822708741,sam_g_89,"205,890","613,809","399,965","412,494","880,681","566,015","430,342",,3,5,,,,,,,1,3,4,4,5,5,5
7359137269107916806,metalkitten2,"181,719","541,306","147,471","313,732","626,273",39,0,,2,5,,,,,,,,2,0,1,2,-1,-1
7359137668212490245,sebbythecatdad,"92,963","19,385","390,278","706,290","774,594","2,025,183","1,451,293",,1,1,,,,,,,1,-1,0,2,3,6,6
7359137865995091974,siren_ofthe_stars,"6,267","13,456","85,253","83,206","28,044","79,567","53,872",,1,1,,,,,,,,0,0,1,0,1,0
7359138280010645509,ageofangel,"656,066","1,957,973","1,584,028","2,049,528","1,522,453","2,554,892","2,917,559",,5,7,,,,,,,1,6,6,6,6,6,6
7359138475368513541,scarlettjlopez,"34,762","512,014","391,605","76,000","15,356","281,592","418,734",,1,5,,,,,,,,1,0,-1,-1,1,1
7359138297592938501,sonnybrightside,"41,499","136,851","142,042","306,519","117,637","382,958","322,893",,1,2,,,,,,,0,0,2,2,2,5,5
7359138377117106181,drewcasta,"6,211","2,851","5,865","2,901","3,125","8,843","7,555",,1,1,,,,,,,1,2,1,1,5,5,5
7359138563587506181,howlingattheearth,123,177,395,"1,125","2,522","3,107","2,637",,1,1,,,,,,,,0,1,1,2,1,2
7359138345219293189,happilyengaged2011,"2,698","8,594",908,0,"3,774","1,401",0,,1,1,,,,,,,,-1,-1,-1,-1,-1,-1
7359138374126665733,1gator90,"1,058","1,178","11,061","7,996",200,"14,550","35,071",,1,1,,,,,,,,-1,-1,-1,-1,-1,-1
7359138654733926405,01cumminspassenger,282,244,654,"1,677",797,569,22,,1,1,,,,,,,,-1,-1,-1,-1,-1,-1
7359138718567137285,quantumhaze,8,"2,103",0,6,"1,756","2,340","2,241",,1,1,,,,,,,,-1,-1,-1,-1,-1,-1
7359138375443709957,yaboiidomo27,13,259,804,79,417,655,"2,097",,1,1,,,,,,,,-1,-1,-1,-1,-1,0
7359138466481307654,mtv_nelson,0,11,0,42,471,"3,131",212,,1,1,,,,,,,,-1,-1,-1,-1,-1,-1
7359138627353346053,darealkingtee54,0,0,14,43,127,178,28,,1,1,,,,,,,,-1,-1,-1,-1,-1,-1
7359138483878854661,jadeakellymusic,0,"4,322",5,1,3,"1,215",0,,1,1,,,,,,,,-1,-1,-1,-1,-1,-1
7359138435900407813,lalibibaby,0,0,"12,505",0,0,0,"1,300",,1,1,,,,,,,,-1,-1,-1,-1,-1,-1
7359138218312204294,prettygirlglaze,0,0,0,2,0,0,202,,1,1,,,,,,,,-1,-1,-1,-1,-1,-1
7359138290211061765,joannajoy__,0,0,0,0,0,0,0,,1,1,,,,,,,,-1,-1,-1,-1,-1,-1
7359139118909095942,sparksboi97,"10,829","290,770","2,317,678","626,264","138,159","103,009","575,751",,1,3,,,,,,,,0,4,4,1,0,2
7359139156565622790,naseem0815,"51,339","118,089","121,232","245,249","260,796","294,191","365,668",,1,2,,,,,,,1,3,3,3,3,4,4
7359139426389262342,poecelain,"1,703","12,513","37,298","1,219",124,336,519,,1,1,,,,,,,,2,5,3,-1,-1,-1
7359139297569832965,jadelvega,"13,674","60,110",269,10,96,132,151,,1,1,,,,,,,,0,-1,-1,-1,-1,-1
7359138961387683846,xander5klive,5,600,"1,299",1,17,144,0,,1,1,,,,,,,1,0,0,-1,-1,-1,-1
7359139280323182598,t1dfighter03_24_12,"4,156","12,376","11,445","3,617",357,"1,579",66,,1,1,,,,,,,,0,0,-1,-1,-1,-1
7359139453274947589,angeleyez39,"1,588",0,"55,476",521,"78,751","1,088","1,158",,1,1,,,,,,,,-1,-1,-1,-1,-1,-1
7359139437110067205,chadly886,781,"5,297",0,"1,239",732,"1,200",562,,1,1,,,,,,,,-1,-1,-1,-1,-1,-1
7359139288946245637,lisamarieshippy,312,940,0,0,0,788,0,,1,1,,,,,,,,-1,-1,-1,-1,-1,-1
7359139187003490309,daaniiieellee,1,0,23,96,0,1,20,,1,1,,,,,,,,-1,-1,-1,-1,-1,-1
7359139337948168197,empress3y3s,0,122,871,264,"2,518","1,169","1,157",,1,1,,,,,,,,-1,-1,-1,-1,-1,-1
7359139044300980230,prettyliljbirdz,0,438,119,"2,842","6,149","159,114","79,192",,1,1,,,,,,,,-1,-1,-1,0,5,5
7359139366972915717,queenhoneybeeluv7,0,1,31,0,0,594,619,,1,1,,,,,,,,-1,-1,-1,-1,-1,-1
7359139067122057222,phiva357,0,0,154,"17,756","49,675","157,810","12,585",,1,1,,,,,,,,-1,-1,1,5,2,-1
7359139317958049797,mjjurassic,0,332,17,20,"3,430",0,"1,578",,1,1,,,,,,,,-1,-1,-1,-1,-1,-1
7359139181223870469,maryannharrison50,0,0,6,0,0,2,0,,1,1,,,,,,,,-1,-1,-1,-1,-1,-1
7359139450280116230,ladybug_usa1,0,2,1,0,0,0,0,,1,1,,,,,,,,-1,-1,-1,-1,-1,-1
7359139396219600901,jonathan_visuals_436,0,5,8,6,0,0,0,,1,1,,,,,,,,-1,-1,-1,-1,-1,-1
7359139303286603782,queenactivation,0,0,0,"2,507",0,713,"1,552",,1,1,,,,,,,,-1,-1,-1,-1,-1,-1
7359139157937127429,mrwhite820,0,0,0,"4,827",0,0,6,,1,1,,,,,,,,-1,-1,-1,-1,-1,-1
7359139456269418501,chrismiller5841,0,0,0,0,0,0,2,,1,1,,,,,,,,-1,-1,-1,-1,-1,-1
7359138782219698182,tjdub_,500,0,0,0,0,"3,527",0,,1,1,,,,,,,,-1,-1,-1,-1,-1,-1
7359139070053777414,stephanie_092294,0,0,0,0,0,0,1,,1,1,,,,,,,,-1,-1,-1,-1,-1,-1
7363729312689963025,julianpalacios2001,"30,633","2,867","7,591","36,679","7,647","5,006","2,278",,1,1,,,,,,,1,3,2,5,1,1,2
7359139572674232325,moji.music,"22,544","5,675","76,144","35,458","42,391","102,626","52,831",,1,1,,,,,,,,-1,0,-1,0,1,0
7359686639905718273,khrisskontours,287,"3,019","1,936","3,252",502,"1,006",6,,1,1,,,,,,,,-1,1,-1,-1,-1,-1
7359139642425507846,ctsorrell,"3,065","1,335",0,0,0,"22,642","2,265",,1,1,,,,,,,,-1,-1,-1,-1,-1,-1
7359139692660588549,invictaxilexx,"3,035","5,613","4,311",0,0,0,0,,1,1,,,,,,,,-1,-1,-1,-1,-1,-1
7359139856754376709,mf.josh,236,0,"1,347",16,105,823,"2,683",,1,1,,,,,,,,-1,-1,-1,-1,-1,-1
7359139490306195461,queenb_597,68,144,148,127,68,161,0,,1,1,,,,,,,,-1,-1,-1,-1,-1,-1
7363316839583268881,darland.jason,6,10,0,3,0,0,11,,1,1,,,,,,,,-1,-1,-1,-1,-1,-1
7363414198677979137,doseof.tayyy,1,"2,962",13,360,"1,586",900,860,,1,1,,,,,,,,-1,-1,-1,-1,-1,-1
7359679510746415120,coophewitt,19,"2,133","1,343",575,399,527,105,,1,1,,,,,,,,-1,-1,-1,-1,-1,-1
7361660026877952017,x_dark_one_x,0,520,"12,401","3,226",0,1,0,,1,1,,,,,,,,-1,-1,-1,-1,-1,-1
7359139652948754437,carmlllababy,0,0,0,1,0,194,2,,1,1,,,,,,,,-1,-1,-1,-1,-1,-1
7359139726131003398,real.estate.agent,0,0,0,3,"3,765","11,213","18,302",,1,1,,,,,,,,-1,-1,-1,-1,-1,0
7363575522313682945,mgoldcreative,0,0,0,0,0,3,0,,1,1,,,,,,,,-1,-1,-1,-1,-1,-1
7363328581453398017,katiemarie.beauty,0,0,0,0,0,0,0,,1,1,,,,,,,,-1,-1,-1,-1,-1,-1
7359694020223795217,shellyyoshi,0,0,0,0,2,0,8,,1,1,,,,,,,,-1,-1,-1,-1,-1,-1
7359139697056317446,lady.lemonade1,0,0,0,0,1,0,17,,1,1,,,,,,,,-1,-1,-1,-1,-1,-1
7359430506221486096,brookstravels,0,0,0,0,0,0,0,,1,1,,,,,,,,-1,-1,-1,-1,-1,-1
7359139487475171333,breydonwhite,0,0,0,0,0,0,0,,1,1,,,,,,,,-1,-1,-1,-1,-1,-1
7368626525710794769,daisy_dew4,"544,788","389,163","301,118","1,366,138","1,106,718","410,486","479,081",,5,4,,,,,,,2,0,0,6,6,5,4
7364134731081924609,modern_ragnar_1.0,"16,745","50,553","11,333","4,654","6,737","39,302","17,633",,1,1,,,,,,,,-1,-1,-1,-1,-1,-1
7371646533651005456,sayeh2002,0,"38,490","11,731",0,9,0,0,,1,1,,,,,,,,-1,-1,-1,-1,-1,-1
7359139753872097285,raatheone,0,5,0,437,"1,971",197,957,,1,1,,,,,,,,-1,-1,-1,-1,-1,-1
7371387539011371009,kieranroyce,0,106,0,0,0,0,17,,1,1,,,,,,,,-1,-1,-1,-1,-1,-1
7363815617020936193,dallrulz,0,0,0,56,0,0,0,,1,1,,,,,,,,-1,-1,-1,-1,-1,-1
7369837133156352017,crazytrainfizzness,0,0,0,128,"1,342",386,"2,028",,1,1,,,,,,,,-1,-1,-1,-1,-1,0
7369789931272683537,kittybae90,0,0,0,106,0,0,0,,1,1,,,,,,,,-1,-1,-1,-1,-1,-1
7368326124058771457,ag_humphries,0,0,0,0,151,0,0,,1,1,,,,,,,,-1,-1,-1,-1,-1,-1
7364254871526359057,advokating,0,0,0,0,0,"1,652",0,,1,1,,,,,,,,-1,-1,-1,-1,-1,-1
7367107210025156624,indiamckenzie4,0,0,0,0,0,0,13,,1,1,,,,,,,,-1,-1,-1,-1,-1,-1
7367590798294089744,foster_girl7,0,0,0,0,0,0,1,,1,1,,,,,,,,-1,-1,-1,-1,-1,-1
7371144282998095888,annikaklarissa,0,0,0,0,0,0,0,,1,1,,,,,,,,-1,-1,-1,-1,-1,-1
7367578011811627024,cityboiup,0,0,0,0,0,0,0,,1,1,,,,,,,,-1,-1,-1,-1,-1,-1
7363815298996420624,ogtittymilk,0,0,0,0,0,0,0,,1,1,,,,,,,,-1,-1,-1,-1,-1,-1
7367054125370228752,trnd.products,0,0,0,0,0,,,,1,1,,,,,,,,-1,-1,-1,-1,,
7379128586931929104,kingeloteroman,"1,661","6,668","7,533","2,065","1,098","5,036","3,472",,1,1,,,,,,,,4,4,2,5,4,3
7375048727318446081,jameagledavinci,"14,185","39,402","45,352","4,650","48,165","11,360","22,311",,1,1,,,,,,,,1,4,2,2,2,2
7379451629730299905,thesequelscream,1,1,20,38,0,0,0,,1,1,,,,,,,,-1,-1,-1,-1,-1,-1
7359135262674452485,nantsinthepants,0,"1,356",0,23,0,2,102,,1,1,,,,,,,,-1,-1,-1,-1,-1,-1
7359135422100013061,kittydollface,0,15,0,2,0,0,59,,1,1,,,,,,,,-1,-1,-1,-1,-1,-1
7385256657963499537,sammirios_,0,22,"4,889",0,0,"5,163","33,120",,1,1,,,,,,,,-1,-1,-1,-1,-1,-1
7381314181145935889,amandamleon,14,0,0,0,9,979,"12,051",,1,1,,,,,,,,-1,-1,-1,-1,-1,-1
7384899651138404353,kimmylexiek,0,0,0,0,0,21,9,,1,1,,,,,,,,-1,-1,-1,-1,-1,-1
7377491607463018512,killbunkmusic,0,0,0,0,0,0,0,,1,1,,,,,,,,-1,-1,-1,-1,-1,-1
7359137468693872645,shed0fficial,"45,111","122,015","234,249","88,461","226,062","53,762","95,921",,1,2,,,,,,,2,4,2,1,0,-1,-1
7359135857971920902,musicalnugget,"69,110","380,219","388,375","241,303","229,790","319,871","410,823",,1,4,,,,,,,,1,1,1,1,2,1
7391102885259690001,riahx2x,"7,052","17,797","4,172",113,"2,847",0,"3,808",,1,1,,,,,,,,1,-1,-1,-1,-1,-1
7386895531936727041,foreveryapping,"11,970","1,186","2,163",170,"30,721","8,690","13,550",,1,1,,,,,,,,-1,-1,-1,-1,-1,-1
7389049411298574352,gfmusic27,0,119,454,2,775,119,23,,1,1,,,,,,,,-1,-1,-1,-1,-1,-1
7390780180744355841,talkwithyourfingers,0,0,"4,081","1,592",313,0,"1,563",,1,1,,,,,,,,-1,-1,-1,-1,-1,-1
7389722430337728528,djdaltonharris,0,0,3,0,"3,604","6,872",0,,1,1,,,,,,,,-1,-1,-1,-1,-1,-1
7391918697927032848,owlympian4,0,199,0,500,0,0,69,,1,1,,,,,,,,-1,-1,-1,-1,-1,-1
7389887665182818321,due.4a.win_,0,0,0,20,0,0,0,,1,1,,,,,,,,-1,-1,-1,-1,-1,-1
7393099990975004689,savi_trends,0,0,0,3,18,301,5,,1,1,,,,,,,,-1,-1,-1,0,0,0
7386880141139427344,janettlyy,0,0,0,156,5,7,1,,1,1,,,,,,,,-1,-1,-1,-1,-1,-1
7397914860576587792,layeredfanatic6,0,0,0,0,0,0,"1,702",,1,1,,,,,,,,-1,-1,-1,-1,-1,-1
7391292864048676880,b.angelofficial,0,0,0,0,0,239,146,,1,1,,,,,,,,-1,-1,-1,-1,-1,-1
7387412064681213969,blakenwake,0,0,0,0,0,0,0,,1,1,,,,,,,,-1,-1,-1,-1,-1,-1
7389792998080561153,dopeyblendz,0,0,0,0,0,0,0,,1,1,,,,,,,,-1,-1,-1,-1,-1,-1
7389889718487531521,iamcaseyclare,0,0,0,0,0,0,0,,1,1,,,,,,,,-1,-1,-1,-1,-1,-1
7391186570117890065,elizabeth.grego,0,0,0,0,0,0,0,,1,1,,,,,,,,-1,-1,-1,-1,-1,-1
7405584046161412113,tbone_ga,"23,333","62,673","47,755","122,277","158,724","144,159","69,223",,1,1,,,,,,,1,2,2,3,3,2,1
7402863261353312273,fatalparadox11877,"1,002","2,626","7,180","3,524","25,042","6,659","4,126",,1,1,,,,,,,,1,2,5,4,5,5
7359135084660129797,jordan_shier,"4,258","25,993",20,4,577,4,6,,1,1,,,,,,,,2,-1,-1,-1,-1,-1
7359139443036389382,hotsenorita2,"1,674",193,167,"3,995","2,786",134,"1,508",,1,1,,,,,,,,0,1,0,-1,-1,-1
7398369743926804497,ryanrevard,"1,370","20,790","18,019","40,980","62,073","2,504","7,779",,1,1,,,,,,,,-1,0,0,-1,-1,-1
7401303186457444368,codenamekodi,22,"20,869","43,963","88,669","49,398","57,978","37,001",,1,1,,,,,,,,-1,0,0,0,-1,1
7359135918558576646,amyluwho982,614,828,"1,361","2,509","4,866","1,134","3,648",,1,1,,,,,,,,-1,-1,-1,-1,-1,0
7359139528692662278,maineventswag,0,41,"1,749","4,569","22,854","2,073",94,,1,1,,,,,,,,-1,-1,0,-1,-1,-1
7405592604387246096,hunterreesepena,0,14,0,0,0,0,0,,1,1,,,,,,,,-1,-1,-1,-1,-1,-1
7404186556812214289,bootsy_collins,0,0,"1,256",697,0,0,0,,1,1,,,,,,,,-1,-1,-1,-1,-1,-1
7403953558330032145,annaaweartist,0,0,"7,012",0,818,"52,140","41,641",,1,1,,,,,,,,-1,-1,-1,-1,0,0
7398434150094553105,az.babe,0,0,"2,650",0,807,"8,493","65,206",,1,1,,,,,,,,-1,-1,-1,-1,-1,0
7401316826170277905,mariah_rodrice,0,0,0,235,147,28,0,,1,1,,,,,,,,-1,-1,-1,-1,-1,-1
7402356102475694081,dr.labrasca,0,0,0,5,6,0,29,,1,1,,,,,,,,-1,-1,-1,-1,-1,-1
7398345100306366480,sociopeep,0,0,0,0,289,27,114,,1,1,,,,,,,,-1,-1,-1,-1,-1,-1
7359135905594114054,shyannesmusic,0,0,0,0,17,6,0,,1,1,,,,,,,,-1,-1,-1,-1,-1,-1
7401098349325107217,theonlyjoxo,0,0,0,0,6,"2,043",1,,1,1,,,,,,,,-1,-1,-1,-1,-1,-1
7359135262670159878,.thefittestrealtor,0,0,0,0,0,0,189,,1,1,,,,,,,,-1,-1,-1,-1,-1,-1
7402978703376105488,manaquinn777,0,0,0,0,0,0,0,,1,1,,,,,,,,-1,-1,-1,-1,-1,-1
7417960855335354369,pcdrums76,"663,020","682,236","1,311,281","5,451,049","2,948,844","2,984,515","4,587,922",,5,5,,,,,,,2,0,4,6,4,4,6
7409743090665242641,theviolution,"404,922","252,697","833,320","928,928","1,253,022","1,123,827","1,372,259",,4,3,,,,,,,1,-1,1,2,2,2,6
7415856990070751233,zezecod,"13,871","26,246","9,872","3,611",14,"2,641",22,,1,1,,,,,,,0,2,-1,-1,-1,-1,-1
7409457835299356689,boundmanlove,0,0,"6,344","10,806","10,551","3,267","6,071",,1,1,,,,,,,,-1,1,1,1,0,1
7416879681435238401,nadjakuzmanich2,0,0,7,"1,101",0,0,0,,1,1,,,,,,,,-1,-1,-1,-1,-1,-1
7413973179343011857,ellezworld__,0,0,0,4,0,0,0,,1,1,,,,,,,,-1,-1,-1,-1,-1,-1
7412792043950374913,w_toptierclips,0,0,0,0,0,37,5,,1,1,,,,,,,,-1,-1,-1,-1,-1,-1
7416508596743176193,kingchrxstine,0,0,0,0,"53,069","10,364",0,,1,1,,,,,,,,-1,-1,-1,-1,-1,-1
7413595587108405265,child_king77777,0,0,0,0,2,5,50,,1,1,,,,,,,,-1,-1,-1,-1,-1,-1
7359134706153127941,lil.mishr00m,0,0,0,0,3,101,"3,156",,1,1,,,,,,,,-1,-1,-1,-1,-1,-1
7413973748551909393,idaffne,0,0,0,0,0,524,1,,1,1,,,,,,,,-1,-1,-1,-1,-1,-1
7359135748278190085,troydewberrymusic,0,0,0,0,0,0,0,,1,1,,,,,,,,-1,-1,-1,-1,-1,-1
7415066153170518032,pannell.emma,0,0,0,0,0,0,0,,1,1,,,,,,,,-1,-1,-1,-1,-1,-1
7418364129158791185,linedancerbrooke,0,0,0,0,0,0,0,,1,1,,,,,,,,-1,-1,-1,-1,-1,-1
7409460148344733713,sonika.vaid,0,0,0,0,0,0,0,,1,1,,,,,,,,-1,-1,-1,-1,-1,-1
7424945523473514497,v3lueta,11,247,147,342,100,24,243,,1,1,,,,,,,,1,0,0,-1,-1,-1
7426443199394185233,jarajj1,713,130,"2,420","6,409","1,378","5,421","20,502",,1,1,,,,,,,,-1,-1,-1,-1,0,2
7425644891335819265,amberlmccrea,108,118,353,"10,549","1,548",441,150,,1,1,,,,,,,,-1,-1,-1,0,-1,-1
7421067575049601041,yayarodz007,0,44,"2,289","1,457","5,834","5,027","9,330",,1,1,,,,,,,,-1,-1,-1,-1,-1,-1
7426527818483236880,hotworkmusic,0,4,0,46,160,"1,052",12,,1,1,,,,,,,,-1,-1,-1,-1,-1,-1
7421729618517835777,thatblondeodell21,0,0,1,0,1,0,0,,1,1,,,,,,,,-1,-1,-1,-1,-1,-1
7430962860202901505,maggieharmonnn,0,12,0,107,0,431,1,,1,1,,,,,,,,-1,-1,-1,-1,-1,-1
7423969750620848129,lawsonbrady,0,0,0,"5,358",0,0,0,,1,1,,,,,,,,-1,-1,-1,-1,-1,-1
7421703951864643601,typicaljulieth,0,0,0,82,0,0,0,,1,1,,,,,,,,-1,-1,-1,-1,-1,-1
7430612680660189200,hazel_b_music,0,0,0,1,0,0,0,,1,1,,,,,,,,-1,-1,-1,-1,-1,-1
7421845838604828688,nlmbmeeky,0,0,0,13,0,0,0,,1,1,,,,,,,,-1,-1,-1,-1,-1,-1
7425785766560858113,chiroenergy,0,0,0,0,0,0,0,,1,1,,,,,,,,-1,-1,-1,-1,-1,-1
7421759652805001217,_itskendalll,0,0,0,0,0,0,0,,1,1,,,,,,,,-1,-1,-1,-1,-1,-1
7433607263870517264,alexaraeemusic,"783,095","2,340,757","1,490,015","2,927,101","2,593,537","1,903,049","2,184,116",,5,7,,,,,,,1,4,2,4,4,3,2
7435830178007449617,its_gigi_babi,"22,828","61,207","34,581","13,469","30,805","44,226","48,254",,1,1,,,,,,,1,4,3,0,2,3,5
7370643117634224145,beautiful_soul_25,"3,100","11,028","24,442","3,322",434,"2,080",106,,1,1,,,,,,,,0,2,0,-1,-1,-1
7433137488866164753,iluvgg_,"1,000",50,"5,421",21,"4,017",127,3,,1,1,,,,,,,,-1,-1,-1,-1,-1,-1
7433142229734293521,brookeventre,0,"4,926",196,651,78,384,529,,1,1,,,,,,,,-1,-1,-1,-1,-1,-1
7438031460512055313,99boopyboopy,0,187,614,"2,893",0,105,0,,1,1,,,,,,,,-1,-1,-1,-1,-1,-1
7433891077771476993,alchemy.blue,0,17,0,0,0,30,0,,1,1,,,,,,,,-1,-1,-1,-1,-1,-1
7437320426143055889,sunshinebloomed,0,0,"8,214","1,373",50,14,"1,960",,1,1,,,,,,,,-1,-1,-1,-1,-1,-1
7439216255036293121,crystaldawson83,0,0,328,23,127,397,0,,1,1,,,,,,,,-1,-1,-1,-1,-1,-1
7436461793502855184,kayspage8,0,0,2,88,79,649,"3,031",,1,1,,,,,,,,-1,-1,-1,-1,-1,-1
7439788214732275729,222xbrii,0,0,1,0,"2,067",0,0,,1,1,,,,,,,,-1,-1,-1,-1,-1,-1
7433257890686959633,wizardfroglive,0,0,0,0,"1,712","1,761","53,244",,1,1,,,,,,,,-1,-1,-1,-1,-1,-1
7439971569637523457,ioninspire,0,0,0,0,0,2,0,,1,1,,,,,,,,-1,-1,-1,-1,-1,-1
7437289440479035409,tcklex,0,0,0,0,0,0,113,,1,1,,,,,,,,-1,-1,-1,-1,-1,-1
7432097339386413072,becomingamillionaregirl,0,0,0,0,0,0,1,,1,1,,,,,,,,-1,-1,-1,-1,-1,-1
7437290180924407825,xoxobee30,0,0,0,0,0,0,0,,1,1,,,,,,,,-1,-1,-1,-1,-1,-1
7436151930373685265,_.anastasiamichelle,0,0,0,0,0,0,0,,1,1,,,,,,,,-1,-1,-1,-1,-1,-1
7438813614556938257,jenny.mccown,0,0,0,0,0,0,0,,1,1,,,,,,,,-1,-1,-1,-1,-1,-1
7451090481020321808,growandglowasmr,"244,871","641,272","595,296","859,638","1,209,082","834,607","705,803",,3,5,,,,,,,1,5,5,5,6,5,5
7454359110578864145,alliemsx,"142,235","356,731","535,672","556,035","477,656","554,567","628,053",,2,4,,,,,,,,5,5,5,5,5,5
7449907460980310033,tattedandspicy,"9,330","83,960","92,241","158,808","388,341","55,905","95,017",,1,1,,,,,,,1,5,5,5,5,5,5
7451027162578255889,skullznbowlz,"7,676","25,744","42,171","67,346","62,698","67,470","25,043",,1,1,,,,,,,2,5,5,5,5,5,5
7444838821734268929,fishon053,"59,924","84,078","20,502","239,842","58,890","75,763","113,432",,1,1,,,,,,,0,1,0,2,1,-1,1
7444829624510529537,monanightmare,228,759,"2,742","5,961","1,128","1,533","2,053",,1,1,,,,,,,,0,2,2,2,2,2
7451459387350319120,its_your_girl490,"6,350",58,0,0,0,671,433,,1,1,,,,,,,,-1,-1,-1,-1,-1,0
7451019704396906497,likeromeo,"1,349","8,697","9,437","10,177","53,973","53,023",1,,1,1,,,,,,,,-1,0,-1,2,2,-1
7443598415260401680,1250dream,272,"1,375","1,914","1,147","1,844",226,538,,1,1,,,,,,,,-1,-1,-1,0,-1,-1
7359138741682143237,kieara_0712,0,"1,570",35,"1,162","2,006","1,948",0,,1,1,,,,,,,,-1,-1,-1,-1,-1,-1
7450994065371365393,tastydan,0,"1,050",0,0,0,24,1,,1,1,,,,,,,,-1,-1,-1,-1,-1,-1
7443598365138665488,gigiinextdoor,0,52,162,1,0,0,"6,782",,1,1,,,,,,,,-1,0,-1,-1,-1,5
7451762103951589377,sjay_96,0,0,"7,455","15,864","5,486",934,441,,1,1,,,,,,,,-1,-1,0,0,-1,-1
7446625208414371841,d.russss,0,1,0,0,10,26,0,,1,1,,,,,,,,-1,-1,-1,-1,-1,-1
7453999269905842192,soulspiritandlove,0,0,0,0,4,0,3,,1,1,,,,,,,,-1,-1,-1,-1,-1,-1
7443230776042471441,trip4brazy,0,0,0,0,0,0,11,,1,1,,,,,,,,-1,-1,-1,-1,-1,-1
7449640519917158417,chuckshadow,0,0,0,0,"3,329","1,193",339,,1,1,,,,,,,,-1,-1,-1,0,0,0
7451043187663110161,makeawish11eleven,0,0,0,0,0,0,"8,426",,1,1,,,,,,,,-1,-1,-1,-1,-1,-1
7455857931691507713,sebastianadamick,"1,866","8,444","1,787","1,206","5,437","4,728","4,286",,1,1,,,,,,,1,2,3,4,0,0,0
7460667880711995408,aquarius5518,"8,288","7,146","2,447","7,611","13,183","17,589","38,288",,1,1,,,,,,,1,2,0,1,0,1,2
7459183456464044048,girldaddy20,"10,702","11,038",0,"3,649",98,2,"12,219",,1,1,,,,,,,1,-1,-1,-1,-1,-1,-1
7463636777518088193,itsbriannablake,873,"1,622","59,222",0,"57,571","52,586","56,958",,1,1,,,,,,,,-1,1,-1,0,1,1
7454734552142118928,thewhisperfaerieasmr,"4,205",0,"1,685",0,0,0,0,,1,1,,,,,,,,-1,-1,-1,-1,-1,-1
7454734609608146945,fdgaming19,920,"10,759","6,930","8,003","4,227","8,924","11,118",,1,1,,,,,,,,-1,0,0,0,5,3
7457401443486826512,_kristie032,322,"5,310","9,788","39,583","29,075","4,549","1,925",,1,1,,,,,,,,-1,0,0,0,-1,-1
7464045881944326160,lexiliynn,27,28,0,0,49,386,112,,1,1,,,,,,,,-1,-1,-1,1,-1,-1
7457014893879754769,nekosnowlily,3,0,858,262,31,496,98,,1,1,,,,,,,,-1,-1,-1,-1,-1,-1
7455479714787147792,devabby1,0,"2,819","1,181",0,"12,250",0,0,,1,1,,,,,,,,-1,-1,-1,-1,-1,-1
7359135855132311557,wegoode1,1,10,0,24,0,"1,371",20,,1,1,,,,,,,,-1,-1,-1,-1,-1,-1
7460667852887162896,sarahnichole2015,0,108,0,0,0,135,18,,1,1,,,,,,,,-1,-1,-1,-1,-1,-1
7454733148983820304,kristenn_wilson,0,2,"1,724",8,2,50,0,,1,1,,,,,,,,-1,-1,-1,-1,-1,-1
7454733986905161745,coach_kmack,0,7,10,1,114,660,181,,1,1,,,,,,,,-1,-1,-1,-1,-1,-1
7457698867681984513,hayleyhelminski,0,7,306,"1,594","22,036",41,"2,447",,1,1,,,,,,,,-1,-1,-1,-1,-1,-1
7457781689205669905,leo_notdicapri0,0,0,141,173,305,21,499,,1,1,,,,,,,,-1,-1,-1,-1,-1,-1
7462507750791348240,kaybaby2141,0,2,0,0,0,0,5,,1,1,,,,,,,,-1,-1,-1,-1,-1,-1
7459202382103248912,matia.stoltz,0,0,0,0,49,0,0,,1,1,,,,,,,,-1,-1,-1,-1,-1,-1
7457713114239451153,meilebishop,0,0,0,0,14,0,0,,1,1,,,,,,,,-1,-1,-1,-1,-1,-1
7459330346849697793,jah.osh,0,0,0,0,0,649,"1,367",,1,1,,,,,,,,-1,-1,-1,-1,2,0
7459925345228144656,breachrepairersoutreach,0,0,0,0,0,"5,227","7,484",,1,1,,,,,,,,-1,-1,-1,-1,1,1
7461391827552256017,mochi.suka,0,0,0,0,0,"17,174","42,030",,1,1,,,,,,,,-1,-1,-1,-1,-1,1
7460976556916326401,moodyverse,0,0,0,0,0,"8,570",139,,1,1,,,,,,,,-1,-1,-1,-1,-1,-1
7454731551385845777,eetherealseer,0,0,0,0,0,531,0,,1,1,,,,,,,,-1,-1,-1,-1,-1,-1
7359137902569455621,briarconerly,0,0,0,0,0,111,455,,1,1,,,,,,,,-1,-1,-1,-1,-1,-1
7457700597744205841,kystout0,0,0,0,0,0,1,0,,1,1,,,,,,,,-1,-1,-1,-1,-1,-1
7460027556662804496,b3autifuldisaster1,0,0,0,0,0,0,1,,1,1,,,,,,,,-1,-1,-1,-1,-1,-1
7461440310519021584,melissaeastwick,0,0,0,0,0,0,0,,1,1,,,,,,,,-1,-1,-1,-1,-1,-1
7416144195179593729,coffeeaddict8639,0,0,0,0,0,0,0,,1,1,,,,,,,,-1,-1,-1,-1,-1,-1
7459396293287247888,sasha_owens,0,0,0,0,0,0,0,,1,1,,,,,,,,-1,-1,-1,-1,-1,-1
7455853474904047617,carelessmariahh,0,0,0,0,0,0,0,,1,1,,,,,,,,-1,-1,-1,-1,-1,-1
7455525365369454608,zanemelz,0,0,0,0,0,0,0,,1,1,,,,,,,,-1,-1,-1,-1,-1,-1
7459554941531881473,thecupcakejake,0,0,0,0,0,0,0,,1,1,,,,,,,,-1,-1,-1,-1,-1,-1
7463741238701883408,zaptheboy,0,0,0,0,0,0,0,,1,1,,,,,,,,-1,-1,-1,-1,-1,-1
7474398331670626321,_alycen,"51,002","194,624","521,978","29,122","3,462",270,372,,1,2,,,,,,,2,5,5,1,-1,-1,-1
7475913456957308945,homiequest,98,"1,341",520,"2,027","4,614","3,329","3,354",,1,1,,,,,,,2,5,5,5,5,4,5
7359136220175237125,samuelciafaloni,"9,877","140,248","44,391","161,287","27,561","55,651","72,666",,1,2,,,,,,,,1,1,2,1,2,1
7473189073168121873,bridgetryan,"3,446","33,585","91,968","59,033","24,699","6,452","55,748",,1,1,,,,,,,,0,2,0,-1,-1,-1
7467472515904831489,backwoodscaiden,"25,594","35,735","13,432","143,725","2,309","10,138","4,742",,1,1,,,,,,,1,1,0,0,-1,-1,1
7467718585595723793,a_aronfish,670,"13,302","68,740","3,080",35,779,607,,1,1,,,,,,,,-1,0,-1,-1,-1,-1
7467455099565178896,medusawhispers,"1,421","24,266","57,229",0,0,0,0,,1,1,,,,,,,,-1,-1,-1,-1,-1,-1
7474398304470597633,kirstenswasey,27,128,482,"2,035",506,496,296,,1,1,,,,,,,,-1,1,2,2,0,0
7471151790571126785,retrozombiegaming,0,227,354,0,0,10,0,,1,1,,,,,,,,-1,1,-1,-1,-1,-1
7471057955509682177,kinkyykenzzz,0,"2,577","2,613","3,116",111,"1,890","5,794",,1,1,,,,,,,,-1,-1,-1,-1,-1,-1
7468407393785806865,lil.bitt094,0,0,199,0,46,265,1,,1,1,,,,,,,,-1,-1,-1,-1,-1,-1
7472502126602862608,prettyinink1,0,0,0,749,295,"3,739","9,190",,1,1,,,,,,,,-1,-1,-1,-1,-1,-1
7467026650593738769,sydneydixonmusic,0,0,0,13,813,891,364,,1,1,,,,,,,,-1,-1,-1,-1,-1,-1
7466236236080988161,walleye.1234,0,0,0,0,0,0,0,,1,1,,,,,,,,-1,-1,-1,-1,-1,-1
7359137837943357446,meglloyd0102,0,0,0,0,0,574,43,,1,1,,,,,,,,-1,-1,-1,-1,-1,-1
7470316429330399248,aconfusedscorpio,0,0,0,0,0,3,0,,1,1,,,,,,,,-1,-1,-1,-1,-1,-1
7468534081253359632,justjuni309,0,0,0,0,0,0,72,,1,1,,,,,,,,-1,-1,-1,-1,-1,-1
7466236257115570177,emilyanitaa,0,0,0,0,0,0,0,,1,1,,,,,,,,-1,-1,-1,-1,-1,-1
7469203327218221072,emmaisabelleparks,0,0,0,0,0,0,0,,1,1,,,,,,,,-1,-1,-1,-1,-1,-1
7475037566992039953,yesithebear,0,0,0,0,0,0,0,,1,1,,,,,,,,-1,-1,-1,-1,-1,-1
7433657413758304273,a.marie.911,"40,810","329,588","93,580","71,331","94,934","112,231","101,386",,1,4,,,,,,,1,2,0,2,2,2,2
7359138931742474246,brandonthebabe,"5,765","5,711",878,390,573,"3,168","6,490",,1,1,,,,,,,,1,-1,-1,-1,0,1
7484330241842987025,heavenrnybaribaddie,5,146,"1,393",206,936,"1,154",490,,1,1,,,,,,,,-1,1,0,1,0,1
7402976045227556880,lyvidyka,"1,883",0,394,"4,288","5,056","14,443","17,736",,1,1,,,,,,,,-1,-1,-1,-1,0,-1
7359136568071979013,adubthewarriorprincess,196,"3,162",444,"3,073","6,187","6,988","9,156",,1,1,,,,,,,,-1,-1,-1,-1,1,-1
7359137386623893509,stitchfamily626,126,0,0,3,0,0,49,,1,1,,,,,,,,-1,-1,-1,-1,-1,-1
7485160564730396673,serenityxo89,25,70,0,0,0,0,0,,1,1,,,,,,,,-1,-1,-1,-1,-1,-1
7480335399009746960,paulschofield_bass,24,"2,458",243,121,764,"1,275",179,,1,1,,,,,,,,-1,-1,-1,-1,-1,-1
7435985741508870145,geeky_feyn,1,1,1,133,46,25,175,,1,1,,,,,,,,-1,-1,-1,-1,-1,0
7483247953637916688,montanafougere,0,427,452,196,321,252,437,,1,1,,,,,,,,-1,-1,-1,-1,-1,-1
7478855821783253008,gardeninggrant,0,11,874,0,0,0,0,,1,1,,,,,,,,-1,-1,-1,-1,-1,-1
7480337323796774913,hsumhsan,0,0,100,0,3,0,32,,1,1,,,,,,,,-1,-1,-1,-1,-1,-1
7480522011840725009,aftonsalas,0,0,26,0,0,1,0,,1,1,,,,,,,,-1,-1,-1,-1,-1,-1
7460310629711134737,gofollowmynewacct_cassie,0,,"19,118","15,831","6,937","5,957","46,948",,1,1,,,,,,,,,-1,-1,-1,-1,0
7481085896800976913,realwillgaming,0,0,0,"8,569","27,484","36,700","46,741",,1,1,,,,,,,,-1,-1,0,2,2,3
7476626840392646672,digicardzzz,0,0,0,4,52,0,0,,1,1,,,,,,,,-1,-1,-1,-1,-1,-1
7484066201136594945,awfullyjaded,0,0,0,0,1,118,262,,1,1,,,,,,,,-1,-1,-1,-1,-1,-1
7485532583095369744,audreywelly,0,0,0,0,0,5,0,,1,1,,,,,,,,-1,-1,-1,-1,-1,-1
7477736666996834305,joshcorbett03,0,0,0,0,0,0,0,,1,1,,,,,,,,-1,-1,-1,-1,-1,-1
7476626950346309649,bincyclopedia,0,0,0,0,0,0,0,,1,1,,,,,,,,-1,-1,-1,-1,-1,-1
7431307183314485249,roxannedover1,0,0,0,0,0,0,0,,1,1,,,,,,,,-1,-1,-1,-1,-1,-1
7486530145088471056,courtelliottt,0,0,0,0,0,0,0,,1,1,,,,,,,,-1,-1,-1,-1,-1,-1
7497777597393190929,stefanielauryn415,"393,835","1,020,019","1,239,134","1,004,765","805,443","635,983","1,255,124",,4,6,,,,,,,1,3,2,3,3,2,3
7498149470513889297,sierralevesquemusic,"54,977","195,480","51,594","85,489","143,845","129,521","127,947",,1,2,,,,,,,,0,-1,-1,-1,-1,-1
7490726688108724241,jjreefs,219,"2,091",592,"2,577",286,"4,002","1,470",,1,1,,,,,,,,2,0,0,1,1,1
7488407886146830337,mecheware1959,128,"3,062","6,391","2,388","7,905","8,674",597,,1,1,,,,,,,,-1,2,0,2,2,0
7491102902766043137,turkcotton,"7,148","37,897","18,232","24,866","31,954","63,857","84,806",,1,1,,,,,,,,-1,-1,-1,-1,-1,0
7495549920183648257,accountnot.found.32,"1,651","2,318",225,421,1,229,518,,1,1,,,,,,,,-1,-1,-1,-1,-1,-1
7495246070599909392,commakaze,441,"9,025","3,019","2,182",449,"3,467",673,,1,1,,,,,,,,0,0,-1,-1,-1,-1
7359136478452088837,davehowardshow,0,"16,269","9,415",0,"3,345","26,691","63,366",,1,1,,,,,,,,-1,-1,-1,-1,-1,1
7498425395025330192,jonathan.mcclaine,0,"5,065","6,867","6,026",777,"9,672","1,526",,1,1,,,,,,,,-1,-1,-1,-1,-1,-1
7497406457571328001,nickisham,0,29,299,3,2,418,0,,1,1,,,,,,,,-1,-1,-1,-1,-1,-1
7493406574925348880,vcvdog,0,0,2,0,0,0,0,,1,1,,,,,,,,-1,-1,-1,-1,-1,-1
7496160474296483841,thejackschittt,0,0,"7,792",110,0,12,"40,406",,1,1,,,,,,,,-1,3,3,2,3,4
7488155778486992897,urfavmanic,0,0,0,1,702,119,122,,1,1,,,,,,,,-1,-1,-1,-1,-1,-1
7488604412659843089,billyvena,0,0,0,0,107,0,0,,1,1,,,,,,,,-1,-1,-1,-1,-1,-1
7493731746362605584,wilsonfurula,0,0,0,0,0,99,0,,1,1,,,,,,,,-1,-1,-1,-1,-1,-1
7488222207651381249,abbydames,0,0,0,0,0,0,21,,1,1,,,,,,,,-1,-1,-1,-1,-1,-1
7488499378634637329,stainedbykane6,0,0,0,0,0,0,0,,1,1,,,,,,,,-1,-1,-1,-1,-1,-1
7495179645394944016,laynieyork,0,0,0,0,0,0,0,,1,1,,,,,,,,-1,-1,-1,-1,-1,-1
7489934126737539073,leticiacm97,0,0,0,0,0,0,0,,1,1,,,,,,,,-1,-1,-1,-1,-1,-1
7507826762513154064,natures_kill,"1,543","16,893","5,217","3,126","7,578","4,163","1,975",,1,1,,,,,,,1,5,5,5,5,5,5
7507053838655078417,mrsbryan27,501,"2,487","1,355",935,"1,696",293,148,,1,1,,,,,,,1,5,5,5,0,-1,-1
7507054085481431056,_mrs.robinson_,"3,227","1,240",987,"4,020",7,118,150,,1,1,,,,,,,1,3,2,2,1,0,-1
7504020275906740240,thecontroversialblonde,"1,424","8,764","12,658","16,968","4,623","9,728","7,642",,1,1,,,,,,,,-1,-1,-1,-1,-1,-1
7505245178995884033,alaskanbassgal,417,0,0,0,0,0,529,,1,1,,,,,,,,-1,-1,-1,-1,-1,-1
7503687878057295873,brick2424,104,334,252,171,240,"1,061",132,,1,1,,,,,,,,-1,-1,-1,-1,0,-1
7499632144470507521,afternoon_dream007,70,425,165,0,51,0,3,,1,1,,,,,,,,-1,-1,-1,-1,-1,-1
7497079059470549009,audracovey24,6,0,0,399,0,0,"1,074",,1,1,,,,,,,,-1,-1,-1,-1,-1,-1
7501859248616341520,barrybee313,0,0,249,90,0,1,924,,1,1,,,,,,,,-1,-1,-1,-1,-1,0
7359137538281406470,chrisart315,0,0,22,0,11,0,0,,1,1,,,,,,,,-1,-1,-1,-1,-1,-1
7505500794389692432,digitallizardmama,0,36,0,0,5,0,0,,1,1,,,,,,,,-1,-1,-1,-1,-1,-1
7359137184366034949,fishingwithollie1,0,0,0,85,"1,680",651,0,,1,1,,,,,,,,-1,-1,-1,-1,-1,-1
7508653795619160065,wadeclark16,0,0,0,8,0,0,32,,1,1,,,,,,,,-1,-1,-1,-1,-1,-1
7506768163925721104,onthatsince94,0,0,0,0,0,0,0,,1,1,,,,,,,,-1,-1,-1,-1,-1,-1
7507056126609883153,_alphaash_,0,0,0,0,14,0,0,,1,1,,,,,,,,-1,-1,-1,-1,-1,-1
7505481473814937617,mellllaniiee,0,0,0,0,0,"743,141","1,348,733",,1,1,,,,,,,,-1,-1,-1,-1,1,6
7502229937454268432,ezay_life1,0,0,0,0,0,36,0,,1,1,,,,,,,,-1,-1,-1,-1,-1,-1
7499269427771457553,inluvwithpnw,0,0,0,,0,0,4,,1,1,,,,,,,,-1,-1,,-1,-1,-1
7504167381380497409,gabgoober,0,0,0,0,0,0,0,,1,1,,,,,,,,-1,-1,-1,-1,-1,-1
7509307358300930065,leraheroine,0,0,0,0,0,0,0,,1,1,,,,,,,,-1,-1,-1,-1,-1,-1
7517471096153718800,imamberleybriana,"91,093","109,786","3,842","5,769","48,422","40,851","27,699",,1,2,,,,,,,1,1,-1,-1,1,2,1
7510767609743343632,arivassallo914,"2,574","4,725","6,728","10,548","3,869","5,442","2,467",,1,1,,,,,,,1,0,3,3,4,3,2
7510768475086897168,frimzayy,"1,318","2,922","1,167","3,347",624,"4,418","3,917",,1,1,,,,,,,,0,-1,-1,-1,-1,-1
7516667825638064129,just_kymie,0,1,56,12,0,0,0,,1,1,,,,,,,,0,0,1,-1,-1,-1
7517444538256850945,trippedz2xx,0,192,34,46,13,414,40,,1,1,,,,,,,,0,-1,-1,-1,-1,-1
7519300322448310289,barrywhit3,882,0,0,0,"1,230","24,086","61,657",,1,1,,,,,,,,-1,-1,-1,-1,0,2
7515218343071088657,ailipsbeauty0,231,"1,520","2,534","2,529","9,348","6,246","11,049",,1,1,,,,,,,,-1,0,0,2,-1,-1
7514535922558369809,high_off_jazz,1,0,10,0,1,0,0,,1,1,,,,,,,,-1,-1,-1,-1,-1,-1
7359138276898603013,deklangill,0,900,428,"1,121",65,0,35,,1,1,,,,,,,,-1,-1,-1,-1,-1,-1
7516705469575086096,zacairy,0,218,29,0,0,444,0,,1,1,,,,,,,,-1,-1,-1,-1,-1,-1
7513363198867914753,queenofhearts0069_,0,0,110,0,0,"1,100",0,,1,1,,,,,,,,-1,-1,-1,-1,-1,-1
7515236092191195153,lunawolf4595,2,21,0,0,0,405,"35,997",,1,1,,,,,,,,-1,-1,-1,-1,-1,0
7510771128055398417,knzsvisuals,0,"6,620",0,0,0,0,237,,1,1,,,,,,,,-1,-1,-1,-1,-1,-1
7514927122901647377,rossauceacademy,0,0,0,0,"1,004",0,"10,218",,1,1,,,,,,,,-1,-1,-1,-1,-1,-1
7511412626723946512,karen.ortiz88,0,0,0,0,0,1,0,,1,1,,,,,,,,-1,-1,-1,-1,-1,-1
7514738228092649488,itsknotsnot,0,0,0,0,0,0,25,,1,1,,,,,,,,-1,-1,-1,-1,-1,-1
7527933905626988561,shanellenikolee,"961,170","1,900,960","2,331,637","1,780,632","948,798","524,506","157,788",,5,7,,,,,,,2,6,6,6,5,4,3
7527045326104985617,jordananthonymusic,"148,223","318,094","42,735","225,971","501,257","635,849","671,401",,2,4,,,,,,,,1,-1,-1,1,1,2
7524495263340298257,suaskiiii,"6,513","12,794","4,906",975,23,"4,568",21,,1,1,,,,,,,,2,0,1,-1,0,-1
7522981364623441936,keepingupwithfridahoeft_,"6,301","24,580","3,361","4,172","4,826","10,105","24,684",,1,1,,,,,,,,-1,-1,-1,-1,-1,-1
7359137468723200006,niatravelstome,"1,745","1,060","3,375",321,289,138,"2,910",,1,1,,,,,,,,-1,-1,-1,-1,0,1
7521902300512960529,pmarsha423gmail.com,549,404,"1,141","7,852","12,545","27,551","21,507",,1,1,,,,,,,,-1,-1,2,1,2,1
7532341639478558775,zakiyahnadir01,91,308,160,80,169,"1,476","1,807",,1,1,,,,,,,,-1,-1,-1,-1,-1,-1
7381724490935418881,iluvbeingt,0,182,1,2,"1,266",984,"1,635",,1,1,,,,,,,,-1,-1,-1,-1,0,-1
7523759456304529409,cjthewolfboi25,0,0,0,0,9,20,"3,674",,1,1,,,,,,,,-1,-1,-1,-1,-1,2
7523037433861013505,just.an.average.mark,0,0,0,0,5,477,76,,1,1,,,,,,,,-1,-1,-1,-1,-1,-1
7523381048978391057,yamiharuvr,0,0,0,0,0,"1,797",899,,1,1,,,,,,,,-1,-1,-1,-1,-1,-1
7531173843524730935,.nicomay,0,0,0,0,0,1,0,,1,1,,,,,,,,-1,-1,-1,-1,-1,-1
7527879281704419344,itssalami,0,0,0,0,0,0,0,,1,1,,,,,,,,-1,-1,-1,-1,-1,-1
7391438796933546001,mirsowavy,"251,888","517,352","368,966","147,317","113,647","27,916","7,098",,3,5,,,,,,,2,5,5,5,5,3,1
7539009437726720013,damoyee,"103,817","278,822","353,164","206,595","144,283","100,914","43,057",,2,3,,,,,,,,1,1,1,1,1,-1
7537793382597410829,svendranoel,"26,930","77,938","1,278,145","670,911","586,051","323,816","576,516",,1,1,,,,,,,,0,4,5,5,5,5
7535336479992889358,whitn084,"40,012","73,210","106,616","413,379","433,985","662,560","71,500",,1,1,,,,,,,1,2,5,5,5,5,5
7538007038555897911,celia.silva072,"54,598","139,046","83,608","177,248","105,570","141,800","146,889",,1,2,,,,,,,1,2,2,4,4,5,5
7537739361362919437,backporch.crew,791,"54,809","120,036","124,680","1,619",27,"2,908",,1,1,,,,,,,,1,3,4,-1,-1,-1
7426157075610468368,yaticasimagination,"3,828",418,"2,065","1,821","9,384",743,"4,373",,1,1,,,,,,,0,0,2,0,2,2,5
7390068722897174529,softglamasmr,"2,383","22,831","23,590","29,668","28,045","39,466","60,476",,1,1,,,,,,,,1,1,1,0,0,0
7534212614495191095,mergemadam,0,0,142,"4,458",0,0,1,,1,1,,,,,,,,-1,2,4,-1,-1,0
7537116061758636045,kes_014,"4,085","6,093","3,129","5,653","9,434","13,434","5,684",,1,1,,,,,,,,1,0,1,1,1,1
7543135486290935863,callsign_keegan25,4,122,"3,403","8,574",149,322,"4,053",,1,1,,,,,,,,-1,1,0,-1,-1,2
7535567490525675533,nita_b1068,"2,112","5,210","15,145","14,273","11,359","7,521","2,349",,1,1,,,,,,,,-1,0,0,0,-1,-1
7392861575922827280,risingwithcristina,"2,762","3,240",279,651,"2,318","11,589","16,457",,1,1,,,,,,,,-1,-1,-1,-1,0,1
7542994340252008462,destany717,809,"6,473","17,090",115,290,311,"1,098",,1,1,,,,,,,,0,0,-1,-1,-1,-1
7399857919480840209,inside_the_autistic_mind,"1,810","12,093","12,920","5,962","17,285","18,067","18,678",,1,1,,,,,,,,-1,0,0,1,2,3
7534478942514855949,caymanmjohn,367,"10,916","41,975","21,916","107,621","503,404","459,454",,1,1,,,,,,,,-1,0,0,2,5,4
7538283212296962103,by.nicolel,6,759,654,213,570,"1,103","1,675",,1,1,,,,,,,,0,-1,-1,0,1,2
7541082464794722317,monkabutt1,680,764,"5,267","6,839","1,776",398,"1,575",,1,1,,,,,,,,-1,-1,-1,-1,-1,-1
7540422547419217975,lalaloopsy.daisy,154,248,37,0,0,606,0,,1,1,,,,,,,,-1,-1,-1,-1,-1,-1
7537809549294878775,stonagalbuzz420,491,544,362,"1,858","4,449","45,767","20,018",,1,1,,,,,,,,-1,-1,-1,0,3,2
7538877747918028813,luvmh.j,30,0,389,368,13,66,239,,1,1,,,,,,,,-1,-1,-1,-1,-1,-1
7532520627404849166,888_fai_fai,26,2,208,722,282,994,425,,1,1,,,,,,,,-1,-1,-1,-1,-1,-1
7535212687584903181,dannybartok,20,16,5,5,107,15,86,,1,1,,,,,,,,-1,-1,-1,-1,-1,2
7359137874656165893,djfiretechnodjnyc,33,45,585,"1,264","6,976","1,778",168,,1,1,,,,,,,,-1,-1,-1,-1,-1,-1
7452134090184278017,jae_moe97,9,34,45,190,"1,111",8,901,,1,1,,,,,,,,-1,-1,-1,-1,-1,-1
7543362555650195511,glowymariia,209,144,"1,189","8,632","7,418","4,984","9,537",,1,1,,,,,,,,-1,-1,-1,-1,-1,1
7539619059638452237,bmoneyslife,1,0,0,0,0,0,144,,1,1,,,,,,,,-1,-1,-1,-1,-1,-1
7541597194860838926,x.xiii.x,0,"8,507","25,478","19,748","63,467","48,165","62,838",,1,1,,,,,,,,-1,0,-1,-1,1,0
7537733986077065230,.zmynt,0,"1,033",897,0,0,0,0,,1,1,,,,,,,,-1,0,-1,-1,-1,-1
7538299940934828046,dovahkiinsdaydream,0,"7,201","6,598",0,80,5,"9,104",,1,1,,,,,,,,-1,-1,-1,-1,-1,-1
7531014993601609741,asiaechols,0,"3,837",274,"1,275","2,534","16,328","39,299",,1,1,,,,,,,,-1,-1,-1,-1,-1,-1
7528205495350509569,its_me_princess2,0,177,"2,531",697,"1,422","20,216","24,913",,1,1,,,,,,,,-1,-1,-1,-1,-1,2
7541631419496415287,stefanineemann,0,410,34,62,14,71,142,,1,1,,,,,,,,-1,-1,-1,-1,-1,-1
7481422591517884432,tattedwendy,0,60,0,0,,"8,822",,,1,1,,,,,,,,-1,-1,-1,,-1,
7534083780236132366,giraffewalrus1,0,32,143,17,4,122,"6,555",,1,1,,,,,,,,-1,-1,-1,-1,-1,0
7534272981367930894,sweettd724,0,12,595,386,"4,102",499,"7,486",,1,1,,,,,,,,-1,-1,-1,-1,-1,-1
7538899445430403085,unruly_roxi,0,6,1,0,1,32,0,,1,1,,,,,,,,-1,-1,-1,-1,-1,-1
7542995911794933773,alexarennae24,0,2,0,0,0,0,122,,1,1,,,,,,,,-1,-1,-1,-1,-1,-1
7452915501849772048,hannahcardenn,0,0,70,7,11,366,749,,1,1,,,,,,,,-1,-1,-1,-1,-1,-1
7535624623631712270,sarah_taylor06,0,0,55,"15,383","17,733","440,553","320,028",,1,1,,,,,,,,-1,-1,-1,-1,5,5
7540420286894653495,forevereofficial,0,0,20,37,"2,665","3,308","38,244",,1,1,,,,,,,,-1,-1,-1,-1,-1,1
7533812161387249678,alecohn,0,0,6,0,0,0,0,,1,1,,,,,,,,-1,-1,-1,-1,-1,-1
7541895227787952141,iamlillyelle,0,0,111,"1,445","1,440",793,"2,215",,1,1,,,,,,,,-1,-1,-1,-1,-1,-1
7535262866870681613,dyylpicklle,0,6,0,0,0,0,0,,1,1,,,,,,,,-1,-1,-1,-1,-1,-1
7542677448308244535,tatyanadvoce,0,5,0,0,0,0,0,,1,1,,,,,,,,-1,-1,-1,-1,-1,-1
7363458991315501072,tx_clarebear,0,0,0,283,0,0,0,,1,1,,,,,,,,-1,-1,-1,-1,-1,-1
7540210189027295287,iluv_pitabread,0,0,0,99,33,22,39,,1,1,,,,,,,,-1,-1,-1,-1,-1,-1
7539213472236683319,pglassman68,0,0,0,71,0,"6,072","5,402",,1,1,,,,,,,,-1,-1,-1,-1,-1,0
7543056721388879927,mariamcgill3,0,0,0,2,0,"1,084",19,,1,1,,,,,,,,-1,-1,-1,-1,-1,-1
7537126891673927735,baby.lange7777,0,0,0,3,"3,274","1,110",458,,1,1,,,,,,,,-1,-1,-1,0,-1,-1
7543807642234306615,torikayofficial,0,0,0,0,0,"29,740","10,991",,1,1,,,,,,,,-1,-1,-1,-1,-1,-1
7544385399389634615,hannahh764,0,0,0,0,0,0,"2,170",,1,1,,,,,,,,-1,-1,-1,-1,-1,-1
7535179859534954551,xoxoseptemberr,0,0,0,0,271,0,0,,1,1,,,,,,,,-1,-1,-1,-1,-1,-1
7377956668812050449,royal_maiden,0,0,0,0,201,40,14,,1,1,,,,,,,,-1,-1,-1,1,1,2
7538182665934225463,shiennegh,0,0,0,0,0,2,418,,1,1,,,,,,,,-1,-1,-1,-1,-1,-1
7538874394421280781,denise_edwards71,0,0,0,0,0,14,"4,908",,1,1,,,,,,,,-1,-1,-1,-1,-1,-1
7543090187069505591,itslalamovess,0,0,0,0,0,0,"4,496",,1,1,,,,,,,,-1,-1,-1,-1,-1,1
7541126368428474423,stefandakarivlogs,0,0,0,0,0,0,4,,1,1,,,,,,,,-1,-1,-1,-1,-1,-1
7359139215025700869,wh0s.kaliyaah,0,0,0,0,0,0,"2,140",,1,1,,,,,,,,-1,-1,-1,-1,-1,-1
7541718074152697869,mortgage.with.gage,0,0,0,0,0,0,253,,1,1,,,,,,,,-1,-1,-1,-1,-1,-1
7535949207002464270,chelseagafford,0,0,0,0,0,0,11,,1,1,,,,,,,,-1,-1,-1,-1,-1,-1
7533400357939101710,kimmie140,0,0,0,0,0,0,0,,1,1,,,,,,,,-1,-1,-1,-1,-1,-1
7533400226460352526,sammysosexy1,0,0,0,0,0,0,0,,1,1,,,,,,,,-1,-1,-1,-1,-1,-1
7533400409910689805,buickmckane8,0,0,0,0,0,0,0,,1,1,,,,,,,,-1,-1,-1,-1,-1,-1
7533845752582553613,gigiguerrero01,0,0,0,0,0,0,0,,1,1,,,,,,,,-1,-1,-1,-1,-1,-1
7554552006812188727,imjustnicob,"223,792","976,773","1,175,237","764,005","1,594,661","940,162","42,349",,3,5,,,,,,,1,5,6,5,6,5,5
7555294248464039991,follow_the_breeze,"149,961","851,833","752,245","534,034","158,737","67,911",209,,2,5,,,,,,,0,5,5,4,1,1,-1
7549665746826281015,official.kim20,"81,815","156,165","334,659","845,444","678,574","1,990,667","226,754",,1,2,,,,,,,1,5,4,5,5,6,5
7548650142132584461,allltimesam,"38,846","115,329","146,887","246,498","218,616","201,760","95,087",,1,2,,,,,,,,2,4,4,2,4,4
7548574120376647694,sosefinaaah,495,"17,151","43,392","35,460","43,559","10,050","12,303",,1,1,,,,,,,,4,5,5,0,0,1
7359135499635884038,the.camjohnson,910,"82,509","317,989","92,754","138,526","228,239","29,202",,1,1,,,,,,,,-1,4,1,-1,2,-1
7359134578394529797,fathernewman,"3,044","3,344",526,"7,325","5,847","4,235","5,037",,1,1,,,,,,,,3,4,5,4,3,4
7551954482628673591,kenziehuggg,"14,219","16,909","9,920","24,706","2,629","1,673",143,,1,1,,,,,,,1,2,2,2,1,-1,-1
7546388294167216142,zordoth,"13,823","34,860","33,011","33,921","40,241","37,522","37,619",,1,1,,,,,,,1,1,2,2,2,2,2
7546017169939709965,ardy.afshar,"52,410","69,086","78,009","336,331","734,169","291,987","60,760",,1,1,,,,,,,,-1,-1,2,4,2,-1
7547872614069518349,primed.plat,0,"1,634","262,099","697,232","2,375,730","2,882,532","2,918,677",,1,1,,,,,,,,-1,0,1,4,4,6
7553020731857322039,depttv,0,0,141,6,709,"3,172",12,,1,1,,,,,,,,-1,3,4,5,5,5
7550884206759559223,uriquarlesceodfm,"67,727","41,299","14,278","51,799","43,106","52,771","47,201",,1,1,,,,,,,,0,-1,-1,0,0,-1
7550850474841456654,eyekonicswiftie,0,7,18,2,925,145,28,,1,1,,,,,,,,1,-1,-1,-1,1,-1
7545275004133523470,1codybentley,"10,254",285,"2,796","31,796","45,960","2,104","5,253",,1,1,,,,,,,,-1,-1,2,0,-1,0
7504376226061123585,juustjewel,287,"5,251","22,930",906,"58,664","339,898","347,395",,1,1,,,,,,,,-1,-1,-1,0,2,5
7552939326489903118,daethaabratt,190,485,"3,128",93,"1,412","1,598","1,078",,1,1,,,,,,,,-1,-1,-1,-1,0,1
7554608530725126157,queen_ortiz__,14,"2,031",878,919,"7,421","10,210","1,434",,1,1,,,,,,,,-1,-1,0,0,0,3
7359137883216805893,prodigalmediumgabe,0,0,"4,480","71,241","24,044","43,672","1,600",,1,1,,,,,,,,-1,-1,0,0,1,2
7548614938793721869,kushpvpi42,60,41,5,0,253,"13,084","103,158",,1,1,,,,,,,,-1,-1,-1,-1,-1,2
7546213073846124557,xellienicolex,0,39,0,"10,312","14,564","2,292","9,252",,1,1,,,,,,,,-1,-1,-1,-1,-1,0
7550060797972463629,riahchamp,0,6,"1,023",0,822,"1,249",294,,1,1,,,,,,,,-1,-1,-1,-1,-1,-1
7445083336403533825,dwayne6sr,0,3,4,0,35,81,298,,1,1,,,,,,,,-1,-1,-1,-1,-1,-1
7551977020750741559,cino.rno,0,2,"1,023",1,118,"1,346",0,,1,1,,,,,,,,-1,-1,-1,-1,-1,-1
7554923164661268494,ogdiablos,0,2,"6,757","7,010","30,932","43,522","2,439",,1,1,,,,,,,,-1,-1,-1,1,4,2
7554197620911095863,realmelina,0,0,"3,674","37,149","684,938","578,371","129,193",,1,1,,,,,,,,-1,-1,-1,2,4,2
7555712827848310798,elenore1950,0,0,1,98,41,233,0,,1,1,,,,,,,,-1,-1,-1,-1,-1,-1
7552892121850658829,michaelcorrera,0,0,2,1,"10,476","5,328","5,083",,1,1,,,,,,,,-1,-1,-1,-1,-1,-1
7551925540999938103,nightlydaff,31,"10,973",0,"1,940","16,638","93,967","27,158",,1,1,,,,,,,,-1,-1,-1,-1,2,-1
7548512478117019662,cf_warrior.xoxo,0,0,40,2,0,0,428,,1,1,,,,,,,,-1,-1,-1,-1,-1,-1
7551917025526988813,laddanurv,0,0,0,254,0,63,"3,185",,1,1,,,,,,,,-1,-1,-1,-1,-1,-1
7555605705676603406,shaunl33t,0,0,0,0,176,507,6,,1,1,,,,,,,,-1,-1,-1,-1,0,-1
7548320490268442638,bethanyflauren,0,0,0,0,0,130,0,,1,1,,,,,,,,-1,-1,-1,-1,-1,-1
7424398904805900305,gtrosettv,0,0,0,0,0,0,72,,1,1,,,,,,,,-1,-1,-1,-1,-1,1
7547563824795271223,rdino_36,0,0,0,0,0,0,1,,1,1,,,,,,,,-1,-1,-1,-1,-1,-1
7544949475618635790,extracrispyelle,0,0,0,0,0,0,491,,1,1,,,,,,,,-1,-1,-1,-1,-1,-1
7549186597481299982,c.p.a.c.k,0,0,0,0,0,0,192,,1,1,,,,,,,,-1,-1,-1,-1,-1,-1
7551242840450383927,nikkigooch4,0,0,0,0,0,0,187,,1,1,,,,,,,,-1,-1,-1,-1,-1,-1
7359136334830796805,alwayshim19,0,0,0,0,0,0,73,,1,1,,,,,,,,-1,-1,-1,-1,-1,-1
7549362050292760589,amber01123,0,0,0,0,0,0,0,,1,1,,,,,,,,-1,-1,-1,-1,-1,-1
7561842881749893134,,0,302,"5,579","1,940","1,296",202,,,1,1,,,,,,,,-1,-1,1,0,-1,
7513787055730638849,cwdetroit,"626,499","1,366,037","1,039,231","1,291,786","1,411,116","687,070",,,5,6,,,,,,,2,6,6,6,6,5,
7387268256991657985,titancosplays,"262,168","671,705","245,249","86,524","76,915","50,256",,,3,5,,,,,,,2,5,2,0,0,-1,
7566313243967471630,davidwilliamwatts,"86,578","522,431","423,343","937,626","1,284,685","21,871",,,1,5,,,,,,,,3,4,3,4,2,
7558760842850746382,sarahegant,"553,447","860,680","269,557","830,553","1,253,872","986,941",,,5,5,,,,,,,,1,0,2,2,2,
7556036369030823991,perfectaimm,"9,774","5,477","17,344","32,884","19,043","43,157",,,1,1,,,,,,,,2,2,3,3,3,
7556036556927090702,th3onef3ar,0,6,4,2,4,17,,,1,1,,,,,,,1,2,2,3,3,3,
7563762554611417101,thatbrokeguy2024,"40,422","37,911","17,752","47,919","35,548","20,282",,,1,1,,,,,,,1,1,1,2,0,5,
7561178434211332109,damon.ey,0,"38,083",1,"14,053","7,843","19,651",,,1,1,,,,,,,,2,-1,-1,4,4,
7556036722329698317,blessxblessx,"2,069","3,058","23,514","16,832","35,822","26,064",,,1,1,,,,,,,1,-1,1,2,2,1,
7445169513122971665,melina_cajunroyaltea,"1,041",0,"1,251","2,613","5,314","3,993",,,1,1,,,,,,,,-1,-1,-1,-1,-1,
7562263750460456974,bluubanddchef,651,"2,722",0,54,"4,427","4,224",,,1,1,,,,,,,,-1,-1,-1,0,2,
7359139194351976453,mattdd1984,483,145,0,0,0,0,,,1,1,,,,,,,,-1,-1,-1,-1,-1,
7566296221736845367,crystalcrist.author,15,95,"1,541","1,358","2,454",207,,,1,1,,,,,,,,-1,-1,-1,0,-1,
7563794153663119373,taylorstimeline,11,31,39,218,13,2,,,1,1,,,,,,,,-1,-1,-1,-1,-1,
7564942466756132919,bladerelic,1,208,218,50,"12,465",454,,,1,1,,,,,,,,-1,-1,-1,0,-1,
7359135762769739782,real209er,0,"12,389","1,746","1,946","6,691","5,351",,,1,1,,,,,,,,-1,-1,-1,-1,-1,
7564865117108682765,freida.martha,0,"2,548",265,"4,479","106,622","11,127",,,1,1,,,,,,,,-1,-1,-1,0,2,
7563830142955634743,daddylilsky24,0,171,"5,197","79,365","20,123",9,,,1,1,,,,,,,,-1,-1,0,-1,-1,
7556036445476241422,djgregdean,0,37,"5,192","1,889","4,293","3,814",,,1,1,,,,,,,,-1,0,-1,0,0,
7559934933175877645,moneysignpeso,0,1,0,23,29,0,,,1,1,,,,,,,,-1,-1,2,0,-1,
7567088407923638285,t3jay_gaming,0,1,1,0,0,0,,,1,1,,,,,,,,-1,-1,-1,-1,-1,
7540363984634003470,brianapaine_,0,0,601,761,135,0,,,1,1,,,,,,,,-1,-1,-1,-1,-1,
7562312052468105229,jennygraceofficial,0,0,10,272,"2,403",337,,,1,1,,,,,,,,-1,-1,-1,-1,-1,
7558317816408129549,pistolsndlipgloss,0,0,7,0,0,"1,357",,,1,1,,,,,,,,-1,-1,-1,-1,-1,
7559664387288645687,__daniellelashae,0,0,3,26,44,1,,,1,1,,,,,,,,-1,-1,-1,-1,-1,
7558154520338087949,blazequeen420_,4,0,0,0,395,0,,,1,1,,,,,,,,-1,-1,-1,0,-1,
7558262888209661966,billiejean_406,0,0,0,477,"6,410","5,964",,,1,1,,,,,,,,-1,-1,-1,2,0,
7564200409796165687,britxfish,0,0,0,528,"7,014","3,626",,,1,1,,,,,,,,-1,-1,-1,1,2,
7559678405223071758,naomisalinas0604,0,0,0,"15,974","46,244","70,531",,,1,1,,,,,,,,-1,-1,-1,0,1,
7564200331450695735,leenysfinds,0,0,0,"1,003","1,532",585,,,1,1,,,,,,,,-1,-1,-1,0,2,
7564169591367417911,wilsonthegood,0,0,0,22,0,0,,,1,1,,,,,,,,-1,-1,-1,-1,-1,
7564457242947305527,regalejb,0,0,0,2,233,0,,,1,1,,,,,,,,-1,-1,-1,-1,-1,
7556407679573573645,itslorenamedina,0,0,0,24,339,"6,180",,,1,1,,,,,,,,-1,-1,-1,-1,-1,
7482985251933831185,rayyrollee,0,0,0,44,347,216,,,1,1,,,,,,,,-1,-1,-1,-1,-1,
7558262880408354871,_orionsorbit,0,0,0,"3,557","22,132","41,059",,,1,1,,,,,,,,-1,-1,-1,-1,1,
7566474104325554189,jackson.tash,0,0,0,0,316,0,,,1,1,,,,,,,,-1,-1,-1,-1,-1,
7565708171323523085,micah_fort_went_e,0,0,0,0,100,124,,,1,1,,,,,,,,-1,-1,-1,-1,3,
7565684672328679437,monalisastyless,0,0,0,0,0,2,,,1,1,,,,,,,,-1,-1,-1,-1,1,
7561872350627610638,princessdianaduh,0,0,0,0,6,1,,,1,1,,,,,,,,-1,-1,-1,-1,-1,
7563349948922773517,gn0ah1224,0,0,0,0,0,"2,936",,,1,1,,,,,,,,-1,-1,-1,-1,2,
7517725595342651408,2xnique,0,0,0,0,0,149,,,1,1,,,,,,,,-1,-1,-1,-1,-1,
7561337080069013518,gabbyholiday,0,0,0,0,0,1,,,1,1,,,,,,,,-1,-1,-1,-1,-1,
7559309677251772471,leilanisocial,0,0,0,0,0,0,,,1,1,,,,,,,,-1,-1,-1,-1,-1,
7562344919353049143,sexysuccubus666,0,0,0,0,0,0,,,1,1,,,,,,,,-1,-1,-1,-1,-1,
7517538466369028112,jason.j.knight,0,0,0,0,0,0,,,1,1,,,,,,,,-1,-1,-1,-1,-1,
7576723590549389326,gaywhonotme,"395,308","1,124,167","864,252","724,497","23,257",,,,4,6,,,,,,,2,6,5,4,2,,
7570175504641474574,foolishondemkeyz,"22,039","60,682","191,382","159,895","1,377",,,,1,1,,,,,,,1,5,5,4,3,,
7572411477894643767,cecelove320,"22,048","112,480","53,654","42,413","20,747",,,,1,2,,,,,,,2,4,4,5,4,,
7573460772341334029,gorgeousgoddessart,"72,145","131,823","46,935","103,678","38,287",,,,1,2,,,,,,,1,2,4,3,4,,
7573015023421997111,shemandigans,"40,750","115,095","308,304","205,285","81,812",,,,1,2,,,,,,,,1,4,5,5,,
7574516554717675575,fabtiff75,"15,124","39,304","33,363","48,716","14,395",,,,1,1,,,,,,,0,3,5,4,3,,
7571891553636073485,rawhn3y,"26,064","93,639","325,879","462,106","35,650",,,,1,1,,,,,,,,0,2,4,2,,
7574878703558180919,southerncharm0726,"63,426","72,762","143,705","219,685","22,943",,,,1,1,,,,,,,,0,2,2,-1,,
7460375701229912080,azyatk,"40,504","325,188","55,205","242,906","62,791",,,,1,4,,,,,,,,0,0,1,0,,
7577837917884858382,whoistatumbittick,"47,540","111,050","405,094","1,270,930","36,337",,,,1,2,,,,,,,,-1,-1,1,-1,,
7575262176085164045,genxjamz,561,"11,328","28,848","79,230","4,017",,,,1,1,,,,,,,,1,3,5,1,,
7571250938317651982,therealhambino,"10,949","15,029","13,082","46,951","19,936",,,,1,1,,,,,,,0,1,2,3,2,,
7546060436458979383,raven4life79,"8,065","5,900","4,006","12,551","3,563",,,,1,1,,,,,,,,1,2,5,2,,
7568976409566298126,lowrainnn1,"5,456","21,522","57,258","204,151","19,867",,,,1,1,,,,,,,,0,0,0,0,,
7423567910435635217,xx_destmarie,"5,105","2,756","18,096","3,714","21,294",,,,1,1,,,,,,,,-1,1,0,3,,
7376338046494720016,trinity.blair,0,"58,861",0,"3,492","5,652",,,,1,1,,,,,,,,-1,-1,-1,-1,,
7513023387602829313,wildstr8,"1,441","1,192","3,126","8,755","32,987",0,,,1,1,,,,,,,,-1,0,0,3,-1,
7460332171950161936,dimplesarelife,"1,040",178,"17,553","12,609",105,,,,1,1,,,,,,,,-1,-1,-1,-1,,
7523616145459527681,midnightxreign,648,"1,183","6,635","2,995",323,,,,1,1,,,,,,,,-1,-1,-1,-1,,
7396679012728487937,iamchief313,13,252,33,0,136,,,,1,1,,,,,,,,-1,-1,-1,-1,,
7574204783561654327,haileymarie.04,1,2,0,0,0,,,,1,1,,,,,,,,-1,-1,-1,-1,,
7567822393935380494,the_greekbeast,0,"4,344","23,044","1,718,168","355,543",,,,1,1,,,,,,,,-1,-1,6,3,,
7571250824484175885,davispack6,0,"1,983","19,003","13,337","31,212",,,,1,1,,,,,,,,-1,0,0,2,,
7570151387590344717,jchavolito,0,"3,143","2,806","12,422","4,092",,,,1,1,,,,,,,,-1,-1,0,-1,,
7514711649840873488,andrewdoeswell,0,"1,071",198,924,"1,432",,,,1,1,,,,,,,,-1,-1,-1,-1,,
7571622575235776567,chefvaun,0,6,684,88,"1,179",,,,1,1,,,,,,,,-1,0,1,2,,
7571863711502090253,maritanightingale6,0,0,330,"63,527","229,337",,,,1,1,,,,,,,,-1,-1,0,3,,
7571589583662596110,deejay_av_oc,0,0,87,32,"1,203",,,,1,1,,,,,,,,-1,0,-1,-1,,
7422214040686149633,thelyonsband,0,331,"2,540","1,217",546,,,,1,1,,,,,,,,-1,-1,-1,-1,,
7576587015379173390,xrheaofficial,0,20,532,"5,889",780,,,,1,1,,,,,,,,-1,-1,-1,-1,,
7573809271054352398,rishka_silvie,0,4,30,134,526,,,,1,1,,,,,,,,-1,-1,-1,-1,,
7562950510282686478,britni_ncle,0,0,279,"34,581","25,850",,,,1,1,,,,,,,,-1,-1,1,1,,
7569375635290865678,plutovegas,0,0,1,0,0,,,,1,1,,,,,,,,-1,-1,1,0,,
7575020052429258807,squeakmelusky,0,0,116,31,3,,,,1,1,,,,,,,,-1,-1,-1,-1,,
7575714181307973645,wonderfulldai,0,0,1,96,53,,,,1,1,,,,,,,,-1,-1,-1,-1,,
7567839803308359694,ironranger023,0,0,0,"20,795",555,,,,1,1,,,,,,,,-1,-1,-1,-1,,
7572471684901519373,thisjusdank,0,0,0,"5,522","10,300",,,,1,1,,,,,,,,-1,-1,-1,1,,
7574219571838763063,flyonpluto,0,0,0,976,"1,629",,,,1,1,,,,,,,,-1,-1,-1,1,,
7567540304304455735,kat24516,0,0,0,298,"8,558",0,,,1,1,,,,,,,,-1,-1,-1,-1,-1,
7568663479326883895,cheifkaito,0,0,0,14,1,,,,1,1,,,,,,,,-1,-1,-1,-1,,
7573806306994274359,dubocsisters,0,0,0,7,0,,,,1,1,,,,,,,,-1,-1,-1,-1,,
7574199035477835789,therealkashmonroe,0,0,0,6,"1,558",,,,1,1,,,,,,,,-1,-1,-1,-1,,
7568297768498806839,sirenofthewest,0,0,0,1,332,,,,1,1,,,,,,,,-1,-1,-1,-1,,
7568983817575415863,jackmcars12,0,0,0,0,"3,464",,,,1,1,,,,,,,,-1,-1,-1,0,,
7571164837095587895,oc_tomaz,0,0,0,0,"8,386",,,,1,1,,,,,,,,-1,-1,-1,-1,,
7573885715550027831,jorosemurphy,0,0,0,0,691,,,,1,1,,,,,,,,-1,-1,-1,-1,,
7570204642488008759,official_zaybe,0,0,0,0,87,,,,1,1,,,,,,,,-1,-1,-1,-1,,
7573939617729265677,brycebecomingsuccessful,0,0,0,0,1,,,,1,1,,,,,,,,-1,-1,-1,-1,,
7572615698829295671,realcapitalp,0,0,0,0,"6,118",,,,1,1,,,,,,,,-1,-1,-1,-1,,
7573870578680152077,moneygeyser,0,0,0,0,0,,,,1,1,,,,,,,,-1,-1,-1,-1,,
7567540624602218509,guisellehhh,0,0,0,0,0,0,,,1,1,,,,,,,,-1,-1,-1,-1,-1,
7569844849948704782,nataliestavola,0,0,0,0,0,,,,1,1,,,,,,,,-1,-1,-1,-1,,
7570253201903992845,_van.g03,0,0,0,0,0,,,,1,1,,,,,,,,-1,-1,-1,-1,,
7571210053597020215,zzprado,0,0,0,0,0,,,,1,1,,,,,,,,-1,-1,-1,-1,,
7573814597233262647,jakeylafinances,0,0,0,0,0,,,,1,1,,,,,,,,-1,-1,-1,-1,,
7576082587425456141,craigzilla_music,0,0,0,0,0,,,,1,1,,,,,,,,-1,-1,-1,-1,,
7581605738645078071,jordan.borges,"221,406","439,792","431,151","40,754",,,,,3,4,,,,,,,1,5,5,2,,,
7481449047811964929,thecluelessbunny,"5,082","322,897","313,468","16,961",,,,,1,4,,,,,,,,1,4,-1,,,
7587257848577441847,im.just.a.girly39,"11,603","69,958","55,811","5,118",,,,,1,1,,,,,,,1,5,5,4,,,
7578672537446694925,cottonsnivy,"3,151","61,589","193,910","198,855",,,,,1,1,,,,,,,1,3,4,5,,,
7580253432372576270,the_ss_lifestyle,425,"1,039","1,233","1,156",,,,,1,1,,,,,,,,4,5,5,,,
7581641735269302327,battyfog,"22,486","28,935","73,730","30,075",,,,,1,1,,,,,,,0,2,4,2,,,
7585352066416132151,danny.buth,"1,144","3,947","5,932",316,,,,,1,1,,,,,,,1,2,5,-1,,,
7585925369484656654,zerixkbm,104,"2,040","15,874","1,483",,,,,1,1,,,,,,,,2,4,2,,,
7579054541350486030,tarotwithchris,0,"46,789","50,440","7,774",,,,,1,1,,,,,,,,2,2,0,,,
7585682806014132279,alexshopsfar3,"1,511",568,"1,308",177,,,,,1,1,,,,,,,,0,2,1,,,
7579814318795997197,gudinoashley,"4,714","15,253","8,508","2,356",,,,,1,1,,,,,,,,1,1,-1,,,
7582956443989524535,johnstonecountry,491,"9,969","9,064","8,190",,,,,1,1,,,,,,,,1,0,-1,,,
7359139881689448454,dontaskhowmany,"21,003",0,"1,000",0,,,,,1,1,,,,,,,,-1,-1,-1,,,
7582802583895523341,leahhmelia,0,0,"31,223",0,,,,,1,1,,,,,,,,-1,-1,-1,,,
7408815219029508113,gtrose,51,0,0,0,,,,,1,1,,,,,,,,-1,-1,-1,,,
7368773659420344337,justhelpone,34,60,291,803,,,,,1,1,,,,,,,,-1,-1,-1,,,
7359136236633718790,willowshaze420,15,5,954,175,,,,,1,1,,,,,,,,-1,-1,-1,,,
7579785876688093239,tatted_golfer_,2,439,"14,350","71,444",,,,,1,1,,,,,,,,-1,0,1,,,
7581270140747137079,swiggitymann,0,0,"19,150","99,118",,,,,1,1,,,,,,,,-1,0,2,,,
7582018343767425037,nikkinjesus,28,"1,237",315,697,,,,,1,1,,,,,,,,-1,-1,-1,,,
7580527970687959095,stary750v2,0,"8,620","11,229","6,529",,,,,1,1,,,,,,,,-1,0,-1,,,
7557699642381746190,followyourdestinie,0,0,"1,021","3,003",,,,,1,1,,,,,,,,-1,0,-1,,,
7585352104148090935,pnwliving,0,148,"6,108","7,220",,,,,1,1,,,,,,,,-1,-1,-1,,,
7583156191761678391,t.colvvv,0,0,"14,181","9,193",,,,,1,1,,,,,,,,-1,-1,-1,,,
7584609048327405623,checker.tarot,0,0,"1,224","1,625",,,,,1,1,,,,,,,,-1,-1,-1,,,
7579762714873118733,tellemwatson,0,0,188,"3,770",,,,,1,1,,,,,,,,-1,-1,0,,,
7584893327687073805,add.action.coach,0,0,241,0,,,,,1,1,,,,,,,,-1,-1,-1,,,
7589379364102651959,papabearblessed,0,0,240,133,,,,,1,1,,,,,,,,-1,-1,-1,,,
7582786315515740173,liannaartistry,0,0,89,235,,,,,1,1,,,,,,,,-1,-1,-1,,,
7582754500964925454,itzz.mone6,0,0,11,4,,,,,1,1,,,,,,,,-1,-1,-1,,,
7578673000590065677,beachblondemama,0,0,2,976,,,,,1,1,,,,,,,,-1,-1,-1,,,
7359136608869711878,ambernicolesings,0,0,0,"24,144",,,,,1,1,,,,,,,,-1,-1,-1,,,
7393147089703747600,wow_mschez,0,0,0,354,,,,,1,1,,,,,,,,-1,-1,-1,,,
7584171455915769911,skibudz67,0,0,0,330,,,,,1,1,,,,,,,,-1,-1,-1,,,
7534965598565089335,chelseaabrahamson85,0,0,0,120,,,,,1,1,,,,,,,,-1,-1,-1,,,
7581199131105017869,kuluxka,0,0,0,0,,,,,1,1,,,,,,,,-1,-1,-1,,,
7595776572192243726,muthafknsid,"152,045","276,018","148,034",,,,,,2,3,,,,,,,1,5,5,,,,
7591706464859734029,cherylplanb,"15,968","24,629",943,,,,,,1,1,,,,,,,2,5,5,,,,
7598661055547654158,kinggemini285,"4,095","18,728","6,087",,,,,,1,1,,,,,,,1,4,5,,,,
7597517130489151502,lmrese,231,"2,031",89,,,,,,1,1,,,,,,,,4,5,,,,
7423558659491381249,amysalcedo5,"5,509","22,356","1,715",,,,,,1,1,,,,,,,,5,3,,,,
7592009074502451213,clovonet02,"9,254","18,620","8,654",,,,,,1,1,,,,,,,,5,3,,,,
7589643748636868663,miss__kimmy,"32,242","72,202","68,620",,,,,,1,1,,,,,,,0,2,3,,,,
7596161558443671565,biiig46,0,"212,093","51,680",,,,,,1,3,,,,,,,,2,1,,,,
7594348083929006094,caroleens,"24,377","92,603","48,267",,,,,,1,1,,,,,,,,1,2,,,,
7359138535707967493,jenni_from_the_block0,788,"26,111",13,,,,0,,1,1,,,,,,,,4,-1,,,,-1
7590547285004566542,imjustsaiyanbro,807,"7,545","3,674",,,,,,1,1,,,,,,,,2,2,,,,
7595741738505879565,jamjamish,"3,563","10,074","93,480",,,,,,1,1,,,,,,,,-1,2,,,,
7595842605108445239,tarotbymoonbeam,"6,883","21,635","30,931",,,,,,1,1,,,,,,,,-1,2,,,,
7598710170574733326,heathen_ikyoto,0,752,430,,,,,,1,1,,,,,,,,0,2,,,,
7478580508411084801,auesomemoma,39,"4,043","11,877",,,,,,1,1,,,,,,,,-1,2,,,,
7592049908509818894,ash_bittickkk,"5,380","21,167","32,236",,,,,,1,1,,,,,,,,-1,0,,,,
7598360367479439415,mariithonner,289,875,70,,,,,,1,1,,,,,,,,1,-1,,,,
7597658582695526455,ijaneeg,93,"18,882","2,910",,,,,,1,1,,,,,,,,1,-1,,,,
7591301261329285175,queen_maddy_1202,"4,030","1,350","32,725",,,,,,1,1,,,,,,,,-1,0,,,,
7595395796338720781,walmart.grey,0,"1,260","14,490",,,,,,1,1,,,,,,,,-1,1,,,,
7359134530801958917,relaxwithrissa,"8,609","17,843","1,927","35,901","56,863","45,155","38,648",,1,1,,,,,,,,-1,-1,0,0,1,1
7597968965910183950,anaylanaee,"1,314",9,39,,,,,,1,1,,,,,,,,-1,-1,,,,
7456983483978858513,mattlongmusic,14,"7,671",4,,,,,,1,1,,,,,,,,0,-1,,,,
7589643758640185358,fit4ever91,101,911,445,,,,,,1,1,,,,,,,,0,0,,,,
7524533007961751553,bananasuperwoman,914,37,"5,769",,,,,,1,1,,,,,,,,-1,-1,,,,
7418793145070043137,x_deej_x,659,"2,260",244,,,,,,1,1,,,,,,,,-1,-1,,,,
7504826782965760017,katelyn.mitchell23,112,67,0,,,,,,1,1,,,,,,,,-1,-1,,,,
7590918395877539895,rylanlogan.s,18,"1,639",0,,,,,,1,1,,,,,,,,-1,-1,,,,
7597607545938690061,ironshellbeadedcreations,8,443,718,,,,,,1,1,,,,,,,,-1,-1,,,,
7596188620743000119,rootofrestoration,8,321,24,,,,,,1,1,,,,,,,,-1,-1,,,,
7589643760687104055,ellen_leanne,96,640,"2,012",0,,,,,1,1,,,,,,,,-1,-1,-1,,,
7368837736997847041,kelli70548,0,82,23,,,,,,1,1,,,,,,,,-1,-1,,,,
7595367345045028919,roze.thorne,0,0,68,,,,,,1,1,,,,,,,,-1,-1,,,,
7594347695071084558,samhandwich0,0,0,60,,,,,,1,1,,,,,,,,-1,-1,,,,
7446759717512347649,officialshawtyv,0,0,23,,,,,,1,1,,,,,,,,-1,-1,,,,
7589643751258177549,chefkev4real,0,0,14,0,,,,,1,1,,,,,,,,-1,-1,-1,,,
7593228086796206135,thesaltypickle7,0,0,2,,,,,,1,1,,,,,,,,-1,-1,,,,
7597569248646643725,prazahbostic8,0,0,1,,,,,,1,1,,,,,,,,-1,-1,,,,
7597163507775324215,samanthaleighce,0,0,1,,,,,,1,1,,,,,,,,-1,-1,,,,
7591745233969299470,nothingsick,0,0,0,,,,,,1,1,,,,,,,,-1,-1,,,,
7592397551714910221,cbrandy13,0,0,0,,,,,,1,1,,,,,,,,-1,-1,,,,
7359137304226725893,levi_carrington_,0,0,0,,0,0,0,,1,1,,,,,,,,-1,-1,,-1,-1,-1
7608338554233602062,deearnnap,"203,001","90,368",,,,,,,3,2,,,,,,,2,4,,,,,
7577930487646306318,lancektyree,"7,738","7,049",,,,,,,1,1,,,,,,,1,5,,,,,
7466992762915667985,mulletdevotional,"1,091","1,213",,,,,,,1,1,,,,,,,1,4,,,,,
7494442891004280833,fizzle_station,655,"13,914",,,,,,,1,1,,,,,,,,5,,,,,
7605576578982035470,lady_cabernet,246,"1,979",,,,,,,1,1,,,,,,,1,3,,,,,
7427641988100554768,jazcatraz,1,0,,,,,,,1,1,,,,,,,0,3,,,,,
7603559048310505485,jeffrey8bp,0,"5,702",,,,,,,1,1,,,,,,,,3,,,,,
7601657541499666487,princesscults,"11,099","17,262",,,,,,,1,1,,,,,,,1,2,,,,,
7359137106595217413,catarina.cordle,"11,763",809,,,,,,,1,1,,,,,,,,2,,,,,
7603413642771447822,lilashiesty,"3,418","54,514",,,,,,,1,1,,,,,,,,1,,,,,
7608666330618871821,n00lanttv,11,500,,,,,,,1,1,,,,,,,,2,,,,,
7601674566645202999,threehundredseventytwo,"74,831","8,374",,,,,,,1,1,,,,,,,,-1,,,,,
7602394582281764878,humblekeshhh,377,"6,942",,,,,,,1,1,,,,,,,,1,,,,,
7601660558693285902,stubbsx88,76,"8,435",,,,,,,1,1,,,,,,,,1,,,,,
7601722710653288503,birdiesforeus,0,"3,224",,,,,,,1,1,,,,,,,,1,,,,,
7605650147527213069,mauricethemusic,96,"62,267",,,,,,,1,1,,,,,,,,-1,,,,,
7605716528268591117,michelleistheboss1978,0,13,,,,,,,1,1,,,,,,,,1,,,,,
7410415784117436432,popcultkillers,"2,544","9,933",,,,,,,1,1,,,,,,,,0,,,,,
7603144665814122510,slaydrigaming,"2,029",350,,,,,,,1,1,,,,,,,,0,,,,,
7368835057600970768,badgirlbritt2,"19,882","17,634",,,,,0,,1,1,,,,,,,,-1,,,,,-1
7554063085410172941,madysen_luebke,"2,138",23,,,,,,,1,1,,,,,,,,-1,,,,,
7601640864120881207,dankinson420,11,"2,511",,,,,,,1,1,,,,,,,,0,,,,,
7602836437343420429,its.sheemahhh,30,"2,056",,,,,,,1,1,,,,,,,,-1,,,,,
7496706793574481936,carlaaglamss,11,0,,,,,,,1,1,,,,,,,,-1,,,,,
7359138147982376965,kenziesworld2020,2,0,,119,6,505,255,,1,1,,,,,,,,-1,,-1,-1,-1,-1
7605059443780337678,kristenkittymeow,0,"15,375",,,,,,,1,1,,,,,,,,-1,,,,,
7601673912480612366,ann041468,1,"2,334",,,,,,,1,1,,,,,,,,-1,,,,,
7428383908431036432,nena.garcia31,0,115,,,,,,,1,1,,,,,,,,-1,,,,,
7359136342216966149,embarrassment_yazzzzzzz,0,2,,,,,,,1,1,,,,,,,,-1,,,,,
7602754318403584014,p0921188,104,0,,,,,,,1,1,,,,,,,,-1,,,,,
7605754865872060430,_alexismaria,0,0,,,,,,,1,1,,,,,,,,-1,,,,,
7607605520383393806,itzdes2024,0,0,,,,,,,1,1,,,,,,,,-1,,,,,
7607844338743164941,jamesanorkawich,0,3,,,,,,,1,1,,,,,,,,-1,,,,,
7608209915718582285,barn.to.bedtime,0,0,,,,,,,1,1,,,,,,,,-1,,,,,
7608318906436075533,alwysovrr,0,0,,,,,,,1,1,,,,,,,,-1,,,,,
7608679729838931982,cloakedrevolution,0,3,,,,,,,1,1,,,,,,,,-1,,,,,
7610186902892855310,kaitoosimple,0,0,,,,,,,1,1,,,,,,,,-1,,,,,
7556036936314470414,laketimemamaw,"56,981",,,,,,,,1,1,,,,,,,1,,,,,,
7612102618529185806,ajsrantroom,"51,747",,,,,,,,1,1,,,,,,,,,,,,,
7612028316274475022,tyrellgreenlee,"1,486",,,,,,,,1,1,,,,,,,,,,,,,
7611963157363572750,gentryblue,503,,,,,,,,1,1,,,,,,,,,,,,,
7359137901097025542,hunterbenjamin3,"4,091",,,,,,,,1,1,,,,,,,,,,,,,
7581866697594978359,peggyscourlas,"18,543",,,,,,,,1,1,,,,,,,,,,,,,
7614291260660170766,kaemi.s,429,,,,,,,,1,1,,,,,,,,,,,,,
7514969467965685761,gigisworld4ever,0,,,,,,,,1,1,,,,,,,,,,,,,
7614997682968608782,therealestherj,5,,,,,,,,1,1,,,,,,,,,,,,,
7615464895412453389,sweetvirgo381,"7,631",,,,,,,,1,1,,,,,,,,,,,,,
7433949556557234177,jordoncox74,1,,,,,,,,1,1,,,,,,,,,,,,,
7615439953488592909,janelleexxx,59,,,,,,,,1,1,,,,,,,,,,,,,
7615372830406033422,liyaaahbaaby,108,,,,,,,,1,1,,,,,,,,,,,,,
7615813556428357645,jaybug1019,0,,,,,,,,1,1,,,,,,,,,,,,,
7615799290182778893,abigailbolin97,0,,,,,,,,1,1,,,,,,,,,,,,,