uid,username,month,days,hours
7359134585688522757,singleonthemove,Dec 2025,19,71
7359134585688522757,singleonthemove,Jan 2026,21,84
7359134585688522757,singleonthemove,Feb 2026,24,98
7359135105165656069,freekbass,Dec 2025,28,105
7359135105165656069,freekbass,Jan 2026,30,104
7359135105165656069,freekbass,Feb 2026,25,91
7359135998355472389,brayden.pantel,Dec 2025,5,11
7359135998355472389,brayden.pantel,Jan 2026,8,20
7359135998355472389,brayden.pantel,Feb 2026,4,11
7359135097779519493,bryton.39,Dec 2025,29,255
7359135097779519493,bryton.39,Jan 2026,27,312
7359135097779519493,bryton.39,Feb 2026,24,159
7359134960558571525,smity194,Dec 2025,30,75
7359134960558571525,smity194,Jan 2026,28,56
7359134960558571525,smity194,Feb 2026,24,57
7417960855335354369,pcdrums76,Dec 2025,23,111
7417960855335354369,pcdrums76,Jan 2026,21,90
7417960855335354369,pcdrums76,Feb 2026,8,32
7433607263870517264,alexaraeemusic,Dec 2025,21,80
7433607263870517264,alexaraeemusic,Jan 2026,18,63
7433607263870517264,alexaraeemusic,Feb 2026,25,84
7547872614069518349,primedplate,Dec 2025,16,39
7547872614069518349,primed.plat,Jan 2026,9,24
7547872614069518349,primed.plat,Feb 2026,0,0
7359134572702957574,jayden_egg,Dec 2025,28,135
7359134572702957574,jayden_egg,Jan 2026,21,115
7359134572702957574,jayden_egg,Feb 2026,26,112
7359135283092226053,oregonstargirl,Dec 2025,28,100
7359135283092226053,oregonstargirl,Jan 2026,31,108
7359135283092226053,oregonstargirl,Feb 2026,28,84
7359135727810052101,hotterjakepaul,Dec 2025,20,48
7359135727810052101,hotterjakepaul,Jan 2026,26,66
7359135727810052101,hotterjakepaul,Feb 2026,26,82
7359134961959632902,thecyrilia,Dec 2025,24,107
7359134961959632902,thecyrilia,Jan 2026,23,107
7359134961959632902,thecyrilia,Feb 2026,17,62
7554552006812188727,imjustnicob,Dec 2025,27,204
7554552006812188727,imjustnicob,Jan 2026,28,221
7554552006812188727,imjustnicob,Feb 2026,26,173
7359138280010645509,ageofangel,Dec 2025,28,168
7359138280010645509,ageofangel,Jan 2026,24,244
7359138280010645509,ageofangel,Feb 2026,25,280
7359136363951816710,rockylanemusic,Dec 2025,29,74
7359136363951816710,rockylanemusic,Jan 2026,29,97
7359136363951816710,rockylanemusic,Feb 2026,28,91
7513787055730638849,cwdetroit,Dec 2025,29,180
7513787055730638849,cwdetroit,Jan 2026,31,142
7513787055730638849,cwdetroit,Feb 2026,28,159
7359135264167428102,coloreomusic,Dec 2025,29,143
7359135264167428102,coloreomusic,Jan 2026,30,158
7359135264167428102,coloreomusic,Feb 2026,28,138
7566313243967471630,davidwilliamwatts,Dec 2025,22,67
7566313243967471630,davidwilliamwatts,Jan 2026,24,84
7566313243967471630,davidwilliamwatts,Feb 2026,20,72
7558760842850746382,sarahegant,Dec 2025,24,48
7558760842850746382,sarahegant,Jan 2026,8,18
7558760842850746382,sarahegant,Feb 2026,14,30
7409743090665242641,theviolution,Dec 2025,19,88
7409743090665242641,theviolution,Jan 2026,14,53
7409743090665242641,theviolution,Feb 2026,5,21
7359135407352610822,burnt.tatertot,Dec 2025,29,114
7359135407352610822,burnt.tatertot,Jan 2026,26,107
7359135407352610822,burnt.tatertot,Feb 2026,26,141
7451090481020321808,growandglowasmr,Dec 2025,28,127
7451090481020321808,growandglowasmr,Jan 2026,26,112
7451090481020321808,growandglowasmr,Feb 2026,25,102
7359135084659736581,samanthasingsit,Dec 2025,29,148
7359135084659736581,samanthasingsit,Jan 2026,21,72
7359135084659736581,samanthasingsit,Feb 2026,26,110
7368626525710794769,daisy_dew4,Dec 2025,22,149
7368626525710794769,daisy_dew4,Jan 2026,10,63
7368626525710794769,daisy_dew4,Feb 2026,11,60
7359134698641293317,bobbyjwil,Dec 2025,29,173
7359134698641293317,bobbyjwil,Jan 2026,27,126
7359134698641293317,bobbyjwil,Feb 2026,21,90
7359136672245809158,natalianope,Dec 2025,23,67
7359136672245809158,natalianope,Jan 2026,17,52
7359136672245809158,natalianope,Feb 2026,11,33
7527933905626988561,shanellenikolee,Dec 2025,31,179
7527933905626988561,shanellenikolee,Jan 2026,29,184
7527933905626988561,shanellenikolee,Feb 2026,27,123
7359134456151867397,luke.h.reynoldsmusic,Dec 2025,20,41
7359134456151867397,luke.h.reynoldsmusic,Jan 2026,25,49
7359134456151867397,luke.h.reynoldsmusic,Feb 2026,13,30
7359137631822708741,sam_g_89,Dec 2025,22,88
7359137631822708741,sam_g_89,Jan 2026,21,80
7359137631822708741,sam_g_89,Feb 2026,24,74
7359135281678712838,blakeslifeline,Dec 2025,21,66
7359135281678712838,blakeslifeline,Jan 2026,12,25
7359135281678712838,blakeslifeline,Feb 2026,19,45
7497777597393190929,stefanielauryn415,Dec 2025,28,69
7497777597393190929,stefanielauryn415,Jan 2026,25,55
7497777597393190929,stefanielauryn415,Feb 2026,25,70
7359137668212490245,sebbythecatdad,Dec 2025,25,57
7359137668212490245,sebbythecatdad,Jan 2026,10,29
7359137668212490245,sebbythecatdad,Feb 2026,3,5
7359134875733000198,maiazakay,Dec 2025,6,12
7359134875733000198,maiazakay,Jan 2026,0,0
7359134875733000198,maiazakay,Feb 2026,10,19
7546017169939709965,ardy.afshar,Dec 2025,17,42
7546017169939709965,ardy.afshar,Jan 2026,6,11
7546017169939709965,ardy.afshar,Feb 2026,5,8
7554197620911095863,realmelina,Dec 2025,5,11
7554197620911095863,realmelina,Jan 2026,1,2
7549665746826281015,official.kim20,Dec 2025,29,138
7549665746826281015,official.kim20,Jan 2026,27,99
7549665746826281015,official.kim20,Feb 2026,23,110
7359134909191159814,skylerclarkk,Dec 2025,26,91
7359134909191159814,skylerclarkk,Jan 2026,20,72
7359134909191159814,skylerclarkk,Feb 2026,21,81
7359137269107916806,metalkitten2,Dec 2025,13,37
7359137269107916806,metalkitten2,Jan 2026,7,16
7359137269107916806,metalkitten2,Feb 2026,15,42
7359135698651217926,mystiquedejello,Dec 2025,8,29
7359135698651217926,mystiquedejello,Jan 2026,11,48
7359135698651217926,mystiquedejello,Feb 2026,13,57
7537793382597410829,svendranoel,Dec 2025,30,108
7537793382597410829,svendranoel,Jan 2026,25,90
7537793382597410829,svendranoel,Feb 2026,8,16
7359134517946417157,ashleymatute_,Dec 2025,29,167
7359134517946417157,ashleymatute_,Jan 2026,26,190
7359134517946417157,ashleymatute_,Feb 2026,21,100
7527045326104985617,jordananthonymusic,Dec 2025,7,11
7527045326104985617,jordananthonymusic,Jan 2026,1,2
7527045326104985617,jordananthonymusic,Feb 2026,13,25
7359135322615185413,aaronhunt30575,Dec 2025,16,42
7359135322615185413,aaronhunt30575,Jan 2026,15,36
7359135322615185413,aaronhunt30575,Feb 2026,9,21
7359134984718024709,cpayne_04,Dec 2025,17,28
7359134984718024709,cpayne_04,Jan 2026,17,31
7359134984718024709,cpayne_04,Feb 2026,9,15
7454359110578864145,alliemsx,Dec 2025,25,145
7454359110578864145,alliemsx,Jan 2026,22,128
7454359110578864145,alliemsx,Feb 2026,23,111
7359135814745391109,tha_dripp_phamily,Dec 2025,15,64
7359135814745391109,tha_dripp_phamily,Jan 2026,14,64
7359135814745391109,tha_dripp_phamily,Feb 2026,17,57
7359136272692117509,koryskitchen,Dec 2025,28,69
7359136272692117509,koryskitchen,Jan 2026,28,68
7359136272692117509,koryskitchen,Feb 2026,27,72
7535336479992889358,whitn084,Dec 2025,28,104
7535336479992889358,whitn084,Jan 2026,31,136
7535336479992889358,whitn084,Feb 2026,25,58
7359135484905553925,nicolefarahh,Dec 2025,0,1
7359135484905553925,nicolefarahh,Jan 2026,0,1
7359135484905553925,nicolefarahh,Feb 2026,3,8
7449907460980310033,tattedandspicy,Dec 2025,31,190
7449907460980310033,tattedandspicy,Jan 2026,31,251
7449907460980310033,tattedandspicy,Feb 2026,26,204
7359134981857280006,averyszabo,Dec 2025,14,26
7359134981857280006,averynoelles,Jan 2026,23,41
7359134981857280006,averynoelles,Feb 2026,19,30
7359134527924666373,mrproducer___,Dec 2025,20,90
7359134527924666373,mrproducer___,Jan 2026,29,177
7359134527924666373,basswizrd,Feb 2026,24,109
7567822393935380494,the_greekbeast,Dec 2025,25,140
7567822393935380494,the_greekbeast,Jan 2026,4,16
7567822393935380494,the_greekbeast,Feb 2026,4,11
7359134813120659461,jeremiahboutross,Dec 2025,28,89
7359134813120659461,jeremiahboutross,Jan 2026,28,115
7359134813120659461,jeremiahboutross,Feb 2026,28,166
7359135361911652357,shelbyjo89,Dec 2025,28,138
7359135361911652357,shelbyjo89,Jan 2026,30,191
7359135361911652357,shelbyjo89,Feb 2026,21,138
7359139156565622790,naseem0815,Dec 2025,21,63
7359139156565622790,naseem0815,Jan 2026,25,77
7359139156565622790,naseem0815,Feb 2026,24,75
7359135762769608710,mistresswednesday13,Dec 2025,16,57
7359135762769608710,mistresswednesday13,Jan 2026,11,47
7359135762769608710,mistresswednesday13,Feb 2026,16,56
7359135857971920902,musicalnugget,Dec 2025,13,25
7359135857971920902,musicalnugget,Jan 2026,18,35
7359135857971920902,musicalnugget,Feb 2026,16,33
7571863711502090253,maritanightingale6,Dec 2025,10,37
7571863711502090253,maritanightingale6,Jan 2026,1,2
7359135589712560133,silvershadowmark,Dec 2025,28,77
7359135589712560133,silvershadowmark,Jan 2026,30,141
7359135589712560133,silvershadowmark,Feb 2026,28,129
7359137468693872645,shed0fficial,Dec 2025,14,42
7359137468693872645,shed0fficial,Jan 2026,16,64
7359137468693872645,shed0fficial,Feb 2026,20,86
7548650142132584461,allltimesam,Dec 2025,23,91
7548650142132584461,allltimesam,Jan 2026,21,83
7548650142132584461,allltimesam,Feb 2026,15,70
7359135268521246726,thetrapviolinist,Dec 2025,3,6
7359135268521246726,thetrapviolinist,Jan 2026,2,15
7359135268521246726,thetrapviolinist,Feb 2026,8,15
7359134701724041221,yourfavderek,Dec 2025,26,70
7359134701724041221,yourfavderek,Jan 2026,22,67
7359134701724041221,yourfavderek,Feb 2026,24,84
7359135184236642309,voyce89,Dec 2025,22,51
7359135184236642309,voyce89,Jan 2026,20,50
7359135184236642309,voyce89,Feb 2026,17,39
7359135185687904261,ashtingles,Dec 2025,14,20
7359135185687904261,ashtingles,Jan 2026,15,23
7359135185687904261,ashtingles,Feb 2026,19,42
7555294248464039991,follow_the_breeze,Dec 2025,28,91
7555294248464039991,follow_the_breeze,Jan 2026,28,116
7555294248464039991,follow_the_breeze,Feb 2026,26,116
7405584046161412113,tbone_ga,Dec 2025,25,74
7405584046161412113,tbone_ga,Jan 2026,16,42
7405584046161412113,tbone_ga,Feb 2026,19,48
7359134507833982981,loisa_asmr,Dec 2025,4,10
7359134507833982981,loisa_asmr,Jan 2026,4,8
7359134507833982981,loisa_asmr,Feb 2026,3,6
7359134710397763589,swug_asmr,Dec 2025,5,18
7359134710397763589,swug_asmr,Jan 2026,13,49
7359134710397763589,swug_asmr,Feb 2026,8,25
7359135732201488390,toxic_luigi69,Dec 2025,5,13
7359135732201488390,toxic_luigi69,Jan 2026,6,12
7359135732201488390,toxic_luigi69,Feb 2026,5,11
7539009437726720013,damoyee,Dec 2025,14,26
7539009437726720013,damoyee,Jan 2026,13,26
7539009437726720013,damoyee,Feb 2026,13,28
7498149470513889297,sierralevesquemusic,Dec 2025,5,8
7498149470513889297,sierralevesquemusic,Jan 2026,4,7
7498149470513889297,sierralevesquemusic,Feb 2026,8,19
7359136208586637317,thebellaflora__,Dec 2025,17,56
7359136208586637317,thebellaflora__,Jan 2026,21,65
7359136208586637317,thebellaflora__,Feb 2026,23,100
7359135408745447429,b.herbz,Dec 2025,10,20
7359135408745447429,b.herbz,Jan 2026,16,35
7359135408745447429,b.herbz,Feb 2026,9,21
7359135499635884038,the.camjohnson,Dec 2025,12,36
7359135499635884038,the.camjohnson,Jan 2026,26,90
7359135499635884038,the.camjohnson,Feb 2026,6,17
7359139118909095942,sparksboi97,Dec 2025,29,95
7359139118909095942,sparksboi97,Jan 2026,29,87
7359139118909095942,sparksboi97,Feb 2026,8,24
7359135632007921670,24widmar,Dec 2025,16,39
7359135632007921670,24widmar,Jan 2026,15,43
7359135632007921670,24widmar,Feb 2026,14,40
7359138297592938501,sonnybrightside,Dec 2025,22,50
7359138297592938501,sonnybrightside,Jan 2026,21,58
7359138297592938501,sonnybrightside,Feb 2026,10,28
7359136328962801669,dougielifts,Dec 2025,28,147
7359136328962801669,dougielifts,Jan 2026,24,134
7359136328962801669,dougielifts,Feb 2026,22,103
7391438796933546001,mirsowavy,Dec 2025,29,126
7391438796933546001,mirsowavy,Jan 2026,30,203
7391438796933546001,mirsowavy,Feb 2026,28,175
7534478942514855949,caymanmjohn,Dec 2025,8,15
7534478942514855949,caymanmjohn,Jan 2026,12,22
7534478942514855949,caymanmjohn,Feb 2026,3,6
7564865117108682765,freida.martha,Dec 2025,5,11
7564865117108682765,freida.martha,Jan 2026,0,2
7564865117108682765,freida.martha,Feb 2026,2,4
7538007038555897911,celia.silva072,Dec 2025,28,85
7538007038555897911,celia.silva072,Jan 2026,19,42
7538007038555897911,celia.silva072,Feb 2026,23,53
7433657413758304273,a.marie.911,Dec 2025,19,44
7433657413758304273,a.marie.911,Jan 2026,11,31
7433657413758304273,a.marie.911,Feb 2026,20,49
7359135172404740102,steven_dean,Dec 2025,6,16
7359135172404740102,steven_dean,Jan 2026,6,14
7359135172404740102,steven_dean,Feb 2026,9,18
7359137032024752133,djbowiejane,Dec 2025,1,1
7359137032024752133,djbowiejane,Jan 2026,5,5
7573015023421997111,shemandigans,Dec 2025,29,130
7573015023421997111,shemandigans,Jan 2026,26,95
7573015023421997111,shemandigans,Feb 2026,17,39
7359139453274947589,angeleyez39,Dec 2025,0,0
7359139453274947589,angeleyez39,Jan 2026,0,0
7387268256991657985,titancosplays,Dec 2025,12,22
7387268256991657985,titancosplays,Jan 2026,19,44
7387268256991657985,titancosplays,Feb 2026,26,127
7541597194860838926,x.xiii.x,Dec 2025,6,13
7541597194860838926,x.xiii.x,Jan 2026,9,24
7541597194860838926,x.xiii.x,Feb 2026,2,5
7460375701229912080,azyatk,Dec 2025,12,25
7460375701229912080,azyatk,Jan 2026,8,17
7460375701229912080,azyatk,Feb 2026,10,24
7451027162578255889,skullznbowlz,Dec 2025,31,207
7451027162578255889,skullznbowlz,Jan 2026,24,133
7451027162578255889,skullznbowlz,Feb 2026,28,143
7398369743926804497,ryanrevard,Dec 2025,7,28
7398369743926804497,ryanrevard,Jan 2026,8,27
7398369743926804497,ryanrevard,Feb 2026,1,17
7359135444145274886,srt_berner420,Dec 2025,3,10
7359135444145274886,srt_berner420,Jan 2026,2,6
7359135444145274886,srt.berner420,Feb 2026,2,12
7444838821734268929,fishon053,Dec 2025,15,89
7444838821734268929,fishon053,Jan 2026,10,28
7444838821734268929,fishon053,Feb 2026,13,59
7504376226061123585,juustjewel,Dec 2025,1,2
7504376226061123585,juustjewel,Jan 2026,3,7
7504376226061123585,juustjewel,Feb 2026,1,3
7359135408740925446,_reallyrachel_,Dec 2025,0,0
7359135408740925446,_reallyrachel_,Feb 2026,0,0
7463636777518088193,itsbriannablake,Jan 2026,13,29
7463636777518088193,itsbriannablake,Feb 2026,6,13
7359134530801958917,relaxwithrissa,Dec 2025,7,23
7359134530801958917,relaxwithrissa,Jan 2026,1,2
7359134530801958917,relaxwithrissa,Feb 2026,6,20
7451019704396906497,likeromeo,Dec 2025,6,11
7451019704396906497,likeromeo,Jan 2026,10,25
7451019704396906497,likeromeo,Feb 2026,6,14
7359139067122057222,phiva357,Dec 2025,13,54
7359139067122057222,phiva357,Jan 2026,0,0
7401303186457444368,codenamekodi,Dec 2025,7,26
7401303186457444368,codenamekodi,Jan 2026,8,29
7401303186457444368,codenamekodi,Feb 2026,5,12
7517471096153718800,iamamberley,Dec 2025,3,15
7517471096153718800,iamamberley,Jan 2026,2,6
7517471096153718800,imamberleybriana,Feb 2026,17,30
7375048727318446081,jameagledavinci,Dec 2025,16,43
7375048727318446081,jameagledavinci,Jan 2026,22,84
7375048727318446081,jameagledavinci,Feb 2026,14,36
7359135591147274246,yourfriendm00nmusic,Dec 2025,5,13
7359135591147274246,yourfriendm00nmusic,Jan 2026,17,39
7359135591147274246,yourfriendm00nmusic,Feb 2026,4,7
7359134700117458949,minderella1teamspreadluv,Dec 2025,8,16
7359134700117458949,minderella1teamspreadluv,Jan 2026,2,2
7559678405223071758,naomisalinas0604,Dec 2025,3,6
7545275004133523470,1codybentley,Dec 2025,19,60
7545275004133523470,1codybentley,Jan 2026,4,13
7545275004133523470,1codybentley,Feb 2026,4,7
7548574120376647694,sosefinaaah,Dec 2025,24,146
7548574120376647694,sosefinaaah,Jan 2026,27,140
7548574120376647694,sosefinaaah,Feb 2026,21,107
7550884206759559223,uriquarlesceodfm,Dec 2025,5,12
7550884206759559223,uriquarlesceodfm,Jan 2026,2,6
7550884206759559223,uriquarlesceodfm,Feb 2026,8,16
7359139572674232325,moji.music,Dec 2025,5,12
7359139572674232325,moji.music,Jan 2026,9,24
7359139572674232325,moji.music,Feb 2026,3,6
7546388294167216142,zordoth,Dec 2025,17,64
7546388294167216142,zordoth,Jan 2026,16,65
7546388294167216142,zordoth,Feb 2026,12,43
7573460772341334029,gorgeousgoddessart,Dec 2025,21,69
7573460772341334029,gorgeousgoddessart,Jan 2026,24,89
7573460772341334029,gorgeousgoddessart,Feb 2026,18,57
7359135264155107334,danielsbrowning,Dec 2025,6,13
7359135264155107334,danielsbrowning,Jan 2026,8,17
7359135264155107334,danielsbrowning,Feb 2026,9,19
7577837917884858382,whoistatumbittick,Dec 2025,17,34
7577837917884858382,whoistatumbittick,Jan 2026,5,10
7577837917884858382,whoistatumbittick,Feb 2026,2,4
7556036722329698317,blessxblessx,Dec 2025,18,137
7556036722329698317,blessxblessx,Jan 2026,12,116
7556036722329698317,blessxblessx,Feb 2026,5,39
7571891553636073485,rawhn3y,Dec 2025,31,88
7571891553636073485,rawhn3y,Jan 2026,23,58
7571891553636073485,rawhn3y,Feb 2026,13,24
7563762554611417101,thatbrokeguy2024,Dec 2025,18,96
7563762554611417101,thatbrokeguy2024,Jan 2026,12,45
7563762554611417101,thatbrokeguy2024,Feb 2026,12,62
7359134574070398981,sierralandmagic,Dec 2025,20,64
7359134574070398981,sierralandmagic,Jan 2026,18,69
7359134574070398981,sierralandmagic,Feb 2026,17,78
7359135160358699014,kayy.jayy26,Dec 2025,10,32
7359135160358699014,kayy.jayy26,Jan 2026,22,71
7359135160358699014,kayy.jayy26,Feb 2026,18,45
7513023387602829313,purevisions,Dec 2025,10,27
7513023387602829313,purevisions,Jan 2026,11,27
7513023387602829313,wildstr8,Feb 2026,2,6
7359135736874467333,jovanijara99,Dec 2025,1,6
7359135736874467333,jovanijara99,Jan 2026,1,3
7359135736874467333,jovanijara99,Feb 2026,3,7
7491102902766043137,turkcotton,Dec 2025,0,12
7491102902766043137,turkcotton,Jan 2026,1,10
7491102902766043137,turkcotton,Feb 2026,4,10
7571250824484175885,davispack6,Dec 2025,9,36
7571250824484175885,davispack6,Jan 2026,11,33
7571250824484175885,davispack6,Feb 2026,2,6
7554923164661268494,ogdiablos,Dec 2025,4,13
7554923164661268494,ogdiablos,Jan 2026,2,5
7554923164661268494,ogdiablos,Feb 2026,0,0
7359135442542952454,lil.ginga5,Dec 2025,18,27
7359135442542952454,lil.ginga5,Jan 2026,19,32
7359135442542952454,lil.ginga5,Feb 2026,18,27
7435830178007449617,its_gigi_babi,Dec 2025,8,31
7435830178007449617,its_gigi_babi,Jan 2026,23,76
7435830178007449617,its_gigi_babi,Feb 2026,25,99
7386895531936727041,foreveryapping,Dec 2025,1,2
7386895531936727041,foreveryapping,Jan 2026,1,4
7386895531936727041,foreveryapping,Feb 2026,3,10
7457401443486826512,_kristie032,Dec 2025,10,30
7457401443486826512,_kristie032,Jan 2026,8,18
7457401443486826512,_kristie032,Feb 2026,5,8
7359135302167822342,cowboytuff03,Jan 2026,0,0
7359135302167822342,cowboytuff03,Feb 2026,1,3
7390068722897174529,softglamasmr,Dec 2025,14,28
7390068722897174529,softglamasmr,Jan 2026,16,34
7390068722897174529,softglamasmr,Feb 2026,13,26
7359137865995091974,siren_ofthe_stars,Dec 2025,14,42
7359137865995091974,siren_ofthe_stars,Jan 2026,10,25
7359137865995091974,siren_ofthe_stars,Feb 2026,7,27
7359136220175237125,samuelciafaloni,Dec 2025,17,50
7359136220175237125,samuelciafaloni,Jan 2026,12,36
7359136220175237125,samuelciafaloni,Feb 2026,13,40
7481085896800976913,realwillgaming,Dec 2025,9,28
7562950510282686478,britni_ncle,Dec 2025,16,28
7562950510282686478,britni_ncle,Jan 2026,1,1
7402863261353312273,fatalparadox11877,Dec 2025,24,108
7402863261353312273,fatalparadox11877,Jan 2026,15,62
7402863261353312273,fatalparadox11877,Feb 2026,13,50
7473189073168121873,bridgetryan,Dec 2025,12,22
7473189073168121873,bridgetryan,Jan 2026,18,41
7473189073168121873,bridgetryan,Feb 2026,9,19
7359135689868443654,carringtonchronicles,Dec 2025,8,22
7359135689868443654,carringtonchronicles,Jan 2026,24,106
7359135689868443654,carringtonchronicles,Feb 2026,11,35
7359137883216805893,prodigalmediumgabe,Dec 2025,9,22
7359137883216805893,prodigalmediumgabe,Jan 2026,3,7
7576723590549389326,gaywhonotme,Dec 2025,25,99
7576723590549389326,gaywhonotme,Jan 2026,29,126
7576723590549389326,gaywhonotme,Feb 2026,26,140
7574878703558180919,southerncharm0726,Dec 2025,19,52
7574878703558180919,southerncharm0726,Jan 2026,15,42
7574878703558180919,southerncharm0726,Feb 2026,11,29
7359139528692662278,maineventswag,Dec 2025,10,20
7359139528692662278,maineventswag,Jan 2026,3,7
7359139528692662278,maineventswag,Feb 2026,1,1
7359134813124689926,thetiralositwins,Dec 2025,0,7
7359134813124689926,thetiralositwins,Jan 2026,0,2
7558262880408354871,_orionsorbit,Dec 2025,0,0
7457698867681984513,hayleyhelminski,Dec 2025,2,6
7457698867681984513,hayleyhelminski,Jan 2026,1,1
7457698867681984513,hayleyhelminski,Feb 2026,0,0
7423567910435635217,xx_destmarie,Dec 2025,7,16
7423567910435635217,xx_destmarie,Jan 2026,13,51
7423567910435635217,xx_destmarie,Feb 2026,4,12
7572411477894643767,cecelove320,Dec 2025,28,106
7572411477894643767,cecelove320,Jan 2026,28,94
7572411477894643767,cecelove320,Feb 2026,26,96
7563830142955634743,daddylilsky24,Dec 2025,11,26
7563830142955634743,daddylilsky24,Jan 2026,1,3
7563830142955634743,daddylilsky24,Feb 2026,2,2
7571250938317651982,therealhambino,Dec 2025,22,68
7571250938317651982,therealhambino,Jan 2026,16,42
7571250938317651982,therealhambino,Feb 2026,15,36
7568976409566298126,lowrainnn1,Dec 2025,7,37
7568976409566298126,lowrainnn1,Jan 2026,8,38
7568976409566298126,lowrainnn1,Feb 2026,8,28
7556036369030823991,perfectaimm,Dec 2025,26,64
7556036369030823991,perfectaimm,Jan 2026,25,48
7556036369030823991,perfectaimm,Feb 2026,23,49
7535624623631712270,sarah_taylor06,Dec 2025,6,10
7535624623631712270,sarah_taylor06,Jan 2026,0,1
7399857919480840209,inside_the_autistic_mind,Dec 2025,10,31
7399857919480840209,inside_the_autistic_mind,Jan 2026,9,25
7399857919480840209,inside_the_autistic_mind,Feb 2026,4,12
7359135099172159494,mayhem.meadows.farm,Dec 2025,3,9
7359135099172159494,mayhem.meadows.farm,Jan 2026,4,10
7359135099172159494,mayhem.meadows.farm,Feb 2026,3,7
7551925540999938103,nightlydaff,Dec 2025,1,1
7551925540999938103,nightlydaff,Feb 2026,1,3
7359136208573792261,mikaylaa.10,Dec 2025,2,7
7359136208573792261,mikaylaa.10,Jan 2026,0,0
7359136208573792261,mikaylaa.10,Feb 2026,0,0
7359138475368513541,scarlettjlopez,Dec 2025,1,2
7359138475368513541,scarlettjlopez,Jan 2026,11,33
7359138475368513541,scarlettjlopez,Feb 2026,12,25
7546213073846124557,xellienicolex,Dec 2025,6,11
7546213073846124557,xellienicolex,Feb 2026,2,5
7574516554717675575,fabtiff75,Dec 2025,29,89
7574516554717675575,fabtiff75,Jan 2026,27,125
7574516554717675575,fabtiff75,Feb 2026,24,63
7359134725187207174,g_money0805,Dec 2025,0,0
7359134725187207174,g_money0805,Jan 2026,18,47
7359134725187207174,g_money0805,Feb 2026,10,23
7460667880711995408,aquarius5518,Dec 2025,12,36
7460667880711995408,aquarius5518,Jan 2026,10,29
7460667880711995408,aquarius5518,Feb 2026,16,48
7521902300512960529,pmarsha423gmail.com,Dec 2025,21,49
7521902300512960529,pmarsha423gmail.com,Jan 2026,5,11
7521902300512960529,pmarsha423gmail.com,Feb 2026,3,6
7564942466756132919,bladerelic,Dec 2025,2,5
7564942466756132919,bladerelic,Jan 2026,0,0
7564942466756132919,bladerelic,Feb 2026,2,3
7455479714787147792,devabby1,Jan 2026,1,3
7455479714787147792,devabby1,Feb 2026,2,4
7535567490525675533,nita_b1068,Dec 2025,10,35
7535567490525675533,nita_b1068,Jan 2026,9,41
7535567490525675533,nita_b1068,Feb 2026,5,18
7409457835299356689,boundmanlove,Dec 2025,12,31
7409457835299356689,boundmanlove,Jan 2026,14,42
7552892121850658829,michaelcorrera,Dec 2025,0,0
7552892121850658829,michaelcorrera,Jan 2026,0,0
7572471684901519373,thisjusdank,Dec 2025,1,1
7359134498598158342,caleb_caldwell1,Dec 2025,2,2
7359134498598158342,caleb_caldwell1,Jan 2026,1,1
7359134498598158342,caleb_caldwell1,Feb 2026,0,1
7359135158852681733,paganlionessof5,Jan 2026,1,1
7537116061758636045,kes_014,Dec 2025,20,26
7537116061758636045,kes_014,Jan 2026,18,23
7537116061758636045,kes_014,Feb 2026,20,29
7426157075610468368,yaticasimagination,Dec 2025,10,34
7426157075610468368,yaticasimagination,Jan 2026,16,80
7426157075610468368,yaticasimagination,Feb 2026,8,32
7515218343071088657,phls21334,Dec 2025,10,27
7515218343071088657,ailipsbeauty0,Jan 2026,8,23
7515218343071088657,ailipsbeauty0,Feb 2026,3,11
7567540304304455735,kat24516,Dec 2025,3,9
7488407886146830337,mecheware1959,Dec 2025,11,41
7488407886146830337,mecheware1959,Jan 2026,17,51
7488407886146830337,mecheware1959,Feb 2026,6,25
7561178434211332109,damon.ey,Dec 2025,5,21
7561178434211332109,damon.ey,Jan 2026,1,2
7561178434211332109,damon.ey,Feb 2026,16,65
7363729312689963025,julianpalacios2001,Dec 2025,29,101
7363729312689963025,julianpalacios2001,Jan 2026,22,53
7363729312689963025,julianpalacios2001,Feb 2026,24,64
7507826762513154064,natures_kill,Dec 2025,25,124
7507826762513154064,natures_kill,Jan 2026,26,168
7507826762513154064,natures_kill,Feb 2026,28,141
7554608530725126157,queen_ortiz__,Dec 2025,7,26
7554608530725126157,queen_ortiz__,Jan 2026,6,20
7554608530725126157,queen_ortiz__,Feb 2026,5,17
7543362555650195511,glowymariia,Dec 2025,1,6
7543362555650195511,glowymariia,Jan 2026,1,7
7543362555650195511,glowymariia,Feb 2026,2,3
7564200409796165687,britxfish,Dec 2025,2,2
7359137874656165893,djfiretechnodjnyc,Dec 2025,0,0
7359137874656165893,djfiretechnodjnyc,Jan 2026,0,0
7359137874656165893,djfiretechnodjnyc,Feb 2026,0,0
7460310629711134737,its_cassieh,Dec 2025,6,10
7460310629711134737,its_cassieh,Jan 2026,6,9
7364134731081924609,modern_ragnar_1.0,Dec 2025,0,0
7364134731081924609,modern_ragnar_1.0,Jan 2026,1,1
7364134731081924609,modern_ragnar_1.0,Feb 2026,0,0
7359135762769739782,real209er,Dec 2025,3,4
7359135762769739782,real209er,Jan 2026,0,0
7359135762769739782,real209er,Feb 2026,1,3
7359134698641162245,roosterswrld98,Dec 2025,17,40
7359134698641162245,zaileybimmerman,Jan 2026,23,76
7359134698641162245,roostersworld4,Feb 2026,25,86
7558262888209661966,billiejean_406,Dec 2025,2,4
7359135337295118341,rykerit,Dec 2025,0,0
7359136568071979013,adubthewarriorprincess,Dec 2025,2,5
7359136568071979013,adubthewarriorprincess,Jan 2026,3,6
7359136568071979013,adubthewarriorprincess,Feb 2026,5,8
7359139044300980230,prettyliljbirdz,Dec 2025,6,21
7359139044300980230,prettyliljbirdz,Jan 2026,1,3
7359139044300980230,prettyliljbirdz,Feb 2026,1,2
7359134578394529797,fathernewman,Dec 2025,27,125
7359134578394529797,fathernewman,Jan 2026,26,99
7359134578394529797,fathernewman,Feb 2026,23,67
7421067575049601041,yayarodz007,Dec 2025,0,1
7421067575049601041,yayarodz007,Jan 2026,0,0
7421067575049601041,yayarodz007,Feb 2026,0,0
7376338046494720016,trinity.blair,Dec 2025,3,3
7376338046494720016,trinity.blair,Feb 2026,5,7
7451762103951589377,sjay_96,Dec 2025,8,29
7451762103951589377,sjay_96,Jan 2026,6,20
7455857931691507713,sebastianadamick,Dec 2025,21,83
7455857931691507713,sebastianadamick,Jan 2026,23,77
7455857931691507713,sebastianadamick,Feb 2026,22,45
7445169513122971665,melina_cajunroyaltea,Dec 2025,1,9
7445169513122971665,melina_cajunroyaltea,Jan 2026,0,4
7359135448591040518,firefly_kat26,Feb 2026,0,0
7359135448591040518,firefly_kat26,Feb 2026,0,0
7402976045227556880,lyvidyka,Dec 2025,4,8
7402976045227556880,lyvidyka,Jan 2026,1,3
7359135918558576646,amyluwho982,Dec 2025,2,5
7359135918558576646,amyluwho982,Jan 2026,3,5
7359135918558576646,amyluwho982,Feb 2026,5,11
7522981364623441936,keepingupwithfridahoeft_,Dec 2025,6,17
7522981364623441936,keepingupwithfridahoeft_,Jan 2026,4,13
7522981364623441936,keepingupwithfridahoeft_,Feb 2026,5,18
7504020275906740240,thecontroversialblonde,Dec 2025,0,0
7504020275906740240,thecontroversialblonde,Jan 2026,1,2
7504020275906740240,thecontroversialblonde,Feb 2026,3,8
7475913456957308945,homiequest,Dec 2025,28,140
7475913456957308945,homiequest,Jan 2026,30,164
7475913456957308945,homiequest,Feb 2026,27,159
7537809549294878775,stonagalbuzz420,Dec 2025,6,16
7537809549294878775,stonagalbuzz420,Jan 2026,4,10
7537809549294878775,stonagalbuzz420,Feb 2026,0,3
7562263750460456974,bluubanddchef,Dec 2025,0,1
7562263750460456974,bluubanddchef,Feb 2026,4,11
7359135501099761669,itskbearr,Dec 2025,1,1
7359135501099761669,itskbearr,Jan 2026,12,30
7359135501099761669,itskbearr,Feb 2026,4,12
7556036445476241422,djgregdean,Dec 2025,3,6
7556036445476241422,djgregdean,Jan 2026,11,20
7556036445476241422,djgregdean,Feb 2026,0,0
7454734609608146945,fdgaming19,Dec 2025,10,44
7454734609608146945,fdgaming19,Jan 2026,8,42
7454734609608146945,fdgaming19,Feb 2026,2,8
7359135353263030278,codyglenncoxmusic,Jan 2026,1,1
7359135353263030278,codyglenncoxmusic,Feb 2026,1,2
7534272981367930894,sweettd724,Dec 2025,0,0
7534272981367930894,sweettd724,Jan 2026,0,0
7534272981367930894,sweettd724,Feb 2026,0,0
7570151387590344717,jchavolito,Dec 2025,11,20
7570151387590344717,jchavolito,Jan 2026,5,8
7570151387590344717,jchavolito,Feb 2026,5,8
7433137488866164753,iluvgg_,Dec 2025,1,2
7433137488866164753,iluvgg_,Jan 2026,2,5
7433137488866164753,iluvgg_,Feb 2026,0,0
7575262176085164045,genxjamz,Dec 2025,25,133
7575262176085164045,genxjamz,Jan 2026,23,66
7575262176085164045,genxjamz,Feb 2026,13,38
7510767609743343632,arivassallo914,Dec 2025,23,76
7510767609743343632,arivassallo914,Jan 2026,21,67
7510767609743343632,arivassallo914,Feb 2026,9,32
7359138345219293189,happilyengaged2011,Jan 2026,2,3
7359138345219293189,happilyengaged2011,Feb 2026,1,3
7359139726131003398,real.estate.agent,Dec 2025,0,0
7389722430337728528,djdaltonharris,Jan 2026,0,0
7546060436458979383,raven4life79,Dec 2025,27,149
7546060436458979383,raven4life79,Jan 2026,21,52
7546060436458979383,raven4life79,Feb 2026,12,31
7474398331670626321,_alycen,Dec 2025,13,63
7474398331670626321,_alycen,Jan 2026,31,190
7474398331670626321,_alycen,Feb 2026,27,154
7359139317958049797,mjjurassic,Dec 2025,0,0
7359139317958049797,mjjurassic,Jan 2026,0,0
7359139317958049797,mjjurassic,Feb 2026,0,0
7359136478452088837,davehowardshow,Jan 2026,4,7
7359136478452088837,davehowardshow,Feb 2026,4,9
7537126891673927735,baby.lange7777,Dec 2025,0,1
7359138377117106181,drewcasta,Dec 2025,14,53
7359138377117106181,drewcasta,Jan 2026,14,44
7359138377117106181,drewcasta,Feb 2026,16,52
7391102885259690001,riahx2x,Dec 2025,0,0
7391102885259690001,riahx2x,Jan 2026,7,14
7391102885259690001,riahx2x,Feb 2026,15,33
7359139443036389382,hotsenorita2,Dec 2025,9,21
7359139443036389382,hotsenorita2,Jan 2026,17,38
7359139443036389382,hotsenorita2,Feb 2026,11,26
7540420286894653495,pe4vy,Dec 2025,1,4
7540420286894653495,pe4vy,Jan 2026,2,4
7551954482628673591,kenziehuggg,Dec 2025,16,64
7551954482628673591,kenziehuggg,Jan 2026,17,87
7551954482628673591,kenziehuggg,Feb 2026,19,74
7359135416206950406,tripsevenofficial1,Dec 2025,2,4
7359135416206950406,tripsevenofficial1,Jan 2026,2,7
7359135416206950406,tripsevenofficial1,Feb 2026,1,3
7531014993601609741,asiaechols,Dec 2025,0,0
7531014993601609741,asiaechols,Jan 2026,0,0
7531014993601609741,asiaechols,Feb 2026,0,0
7359138563587506181,howlingattheearth,Dec 2025,13,36
7359138563587506181,howlingattheearth,Jan 2026,13,32
7359138563587506181,howlingattheearth,Feb 2026,10,28
7359139337948168197,empress3y3s,Dec 2025,4,10
7359139337948168197,empress3y3s,Jan 2026,5,16
7359139337948168197,empress3y3s,Feb 2026,1,3
7566296221736845367,crystalcrist.author,Dec 2025,8,12
7566296221736845367,crystalcrist.author,Jan 2026,7,12
7566296221736845367,crystalcrist.author,Feb 2026,1,3
7562312052468105229,jennygraceofficial,Dec 2025,3,5
7562312052468105229,jennygraceofficial,Jan 2026,2,2
7392861575922827280,risingwithcristina,Dec 2025,0,1
7392861575922827280,risingwithcristina,Jan 2026,0,0
7392861575922827280,risingwithcristina,Feb 2026,4,11
7467472515904831489,backwoodscaiden,Dec 2025,7,17
7467472515904831489,backwoodscaiden,Jan 2026,8,22
7467472515904831489,backwoodscaiden,Feb 2026,14,28
7359135286036561926,lsxcrew,Dec 2025,0,0
7359135286036561926,lsxcrew,Jan 2026,0,0
7359135286036561926,lsxcrew,Feb 2026,0,0
7439788214732275729,222xbrii,Jan 2026,0,0
7359135813340266502,itsjimmay,Dec 2025,0,0
7359135813340266502,itsjimmay,Jan 2026,3,8
7359135813340266502,itsjimmay,Feb 2026,6,23
7359138741682143237,kieara_0712,Dec 2025,1,1
7359138741682143237,kieara_0712,Jan 2026,0,0
7359138741682143237,kieara_0712,Feb 2026,0,1
7359139753872097285,raatheone,Dec 2025,2,2
7359139753872097285,raatheone,Feb 2026,0,1
7554981574454919223,stephintechnicolor,Dec 2025,1,5
7554981574454919223,stephintechnicolor,Jan 2026,4,9
7554981574454919223,stephintechnicolor,Feb 2026,1,1
7359136690818088965,codytiralosi,Dec 2025,0,5
7359136690818088965,codytiralosi,Jan 2026,0,2
7443598415260401680,1250dream,Dec 2025,2,6
7443598415260401680,1250dream,Jan 2026,0,0
7443598415260401680,1250dream,Feb 2026,3,8
7541082464794722317,monkabutt1,Dec 2025,2,2
7541082464794722317,monkabutt1,Jan 2026,2,6
7541082464794722317,monkabutt1,Feb 2026,1,2
7359138718567137285,quantumhaze,Dec 2025,0,0
7359138718567137285,quantumhaze,Feb 2026,1,2
7507053838655078417,mrsbryan27,Dec 2025,27,102
7507053838655078417,mrsbryan27,Jan 2026,28,145
7507053838655078417,mrsbryan27,Feb 2026,27,112
7359137184366034949,fishingwithollie1,Dec 2025,2,5
7574219571838763063,flyonpluto,Dec 2025,3,14
7537739361362919437,masseyfamilyempire,Dec 2025,29,92
7537739361362919437,masseyfamilyempire,Jan 2026,27,65
7537739361362919437,backporch.crew,Feb 2026,17,34
7363414198677979137,doseof.tayyy,Dec 2025,6,15
7363414198677979137,doseof.tayyy,Jan 2026,3,7
7363414198677979137,doseof.tayyy,Feb 2026,6,12
7574199035477835789,therealkashmonroe,Dec 2025,0,1
7425644891335819265,amberlmccrea,Dec 2025,2,3
7425644891335819265,amberlmccrea,Jan 2026,1,4
7425644891335819265,amberlmccrea,Feb 2026,1,4
7359134964962623494,.dianaaa__,Jan 2026,2,3
7359134964962623494,.dianaaa__,Feb 2026,5,9
7564200331450695735,leenysfinds,Dec 2025,2,7
7541895227787952141,lillyelleoriginal,Dec 2025,2,6
7541895227787952141,itslillyelle,Jan 2026,0,0
7359135112296071173,thomasetv3000,Dec 2025,1,10
7359135112296071173,thomasetv3000,Jan 2026,3,7
7359135112296071173,thomasetv3000,Feb 2026,5,13
7514711649840873488,andrewdoeswell,Dec 2025,3,8
7514711649840873488,andrewdoeswell,Jan 2026,1,1
7514711649840873488,andrewdoeswell,Feb 2026,2,3
7528205495350509569,its_me_princess2,Dec 2025,0,0
7528205495350509569,its_me_princess2,Jan 2026,0,0
7528205495350509569,its_me_princess2,Feb 2026,0,0
7552939326489903118,daethaabratt,Dec 2025,2,3
7552939326489903118,daethaabratt,Jan 2026,3,9
7552939326489903118,daethaabratt,Feb 2026,4,11
7426443199394185233,jarajj1,Dec 2025,7,14
7426443199394185233,jarajj1,Jan 2026,5,11
7426443199394185233,jarajj1,Feb 2026,2,4
7570175504641474574,foolishondemkeyz,Dec 2025,28,99
7570175504641474574,foolishondemkeyz,Jan 2026,31,184
7570175504641474574,foolishondemkeyz,Feb 2026,22,107
7369837133156352017,crazytrainfizzness,Dec 2025,1,2
7561842881749893134,matt_nations,Dec 2025,13,26
7561842881749893134,bath_matty,Jan 2026,5,10
7561842881749893134,bath_matty,Feb 2026,2,5
7381724490935418881,iluvbeingt,Dec 2025,1,3
7381724490935418881,iluvbeingt,Jan 2026,0,1
7381724490935418881,iluvbeingt,Feb 2026,1,3
7359135442551209989,rcvry_w._uncle_louie,Dec 2025,2,6
7359135442551209989,rcvry_w._uncle_louie,Jan 2026,6,14
7359135442551209989,rcvry_w._uncle_louie,Feb 2026,8,31
7571589583662596110,deejay_av_oc,Dec 2025,3,12
7571589583662596110,deejay_av_oc,Jan 2026,7,17
7571622575235776567,chefvaun,Dec 2025,18,36
7571622575235776567,chefvaun,Jan 2026,10,20
7571622575235776567,chefvaun,Feb 2026,1,2
7444829624510529537,monanightmare,Dec 2025,21,51
7444829624510529537,monanightmare,Jan 2026,19,51
7444829624510529537,monanightmare,Feb 2026,11,31
7452134090184278017,jae_moe97,Dec 2025,2,6
7452134090184278017,jae_moe97,Jan 2026,1,3
7452134090184278017,jae_moe97,Feb 2026,3,7
7379128586931929104,kingeloteroman,Dec 2025,18,70
7379128586931929104,kingeloteroman,Jan 2026,23,87
7379128586931929104,kingeloteroman,Feb 2026,22,92
7484330241842987025,heavenrnybaribaddie,Dec 2025,11,35
7484330241842987025,heavenrnybaribaddie,Jan 2026,13,33
7484330241842987025,heavenrnybaribaddie,Feb 2026,4,11
7550850474841456654,eyekonicswiftie,Dec 2025,5,13
7550850474841456654,eyekonicswiftie,Jan 2026,3,7
7550850474841456654,eyekonicswiftie,Feb 2026,12,28
7550060797972463629,riahchamp,Jan 2026,1,1
7550060797972463629,riahchamp,Feb 2026,0,1
7403953558330032145,annaaweartist,Jan 2026,2,3
7467026650593738769,sydneydixonmusic,Dec 2025,0,0
7398434150094553105,az.babe,Jan 2026,1,2
7359138654733926405,01cumminspassenger,Dec 2025,0,0
7359138654733926405,01cumminspassenger,Jan 2026,0,0
7359138654733926405,01cumminspassenger,Feb 2026,0,0
7576587015379173390,xrheaofficial,Dec 2025,5,17
7576587015379173390,xrheaofficial,Jan 2026,4,9
7576587015379173390,xrheaofficial,Feb 2026,2,6
7498425395025330192,jonathan.mcclaine,Dec 2025,2,5
7498425395025330192,jonathan.mcclaine,Jan 2026,0,1
7498425395025330192,jonathan.mcclaine,Feb 2026,0,3
7389049411298574352,gfmusic27,Dec 2025,0,1
7389049411298574352,gfmusic27,Jan 2026,0,2
7389049411298574352,gfmusic27,Feb 2026,1,2
7389049411298574352,gfmusic27,Feb 2026,2,2
7480335399009746960,paulschofield_bass,Dec 2025,0,0
7480335399009746960,paulschofield_bass,Jan 2026,0,2
7480335399009746960,paulschofield_bass,Feb 2026,3,10
7359139437110067205,chadly886,Dec 2025,0,0
7359139437110067205,chadly886,Feb 2026,0,0
7359135410272239622,lolthatsrichie,Dec 2025,3,9
7359135410272239622,lolthatsrichie,Jan 2026,0,1
7359135410272239622,lolthatsrichie,Feb 2026,0,0
7553020731857322039,depttv,Dec 2025,21,92
7553020731857322039,depttv,Jan 2026,21,78
7488155778486992897,urfavmanic,Dec 2025,0,0
7510768475086897168,frimzayy,Dec 2025,2,5
7510768475086897168,frimzayy,Jan 2026,4,13
7510768475086897168,frimzayy,Feb 2026,11,28
7359135084660129797,jordan_shier,Dec 2025,0,1
7359135084660129797,jordan_shier,Jan 2026,2,3
7359135084660129797,jordan_shier,Feb 2026,17,41
7359135084660129797,jordan_shier,Apr 2026,0,1
7359135084660129797,jordan_shier,Dec 2025,1,3
7359138931742474246,brandonthebabe,Dec 2025,2,6
7359138931742474246,brandonthebabe,Jan 2026,4,13
7359138931742474246,brandonthebabe,Feb 2026,16,34
7538283212296962103,by.nicolel,Dec 2025,4,8
7538283212296962103,by.nicolel,Jan 2026,4,10
7538283212296962103,by.nicolel,Feb 2026,12,22
7567839803308359694,ironranger023,Dec 2025,2,3
7422214040686149633,truthlyonsofficial,Dec 2025,6,10
7422214040686149633,thelyonsband,Jan 2026,8,13
7422214040686149633,thelyonsband,Feb 2026,1,1
7573809271054352398,rishka_silvie,Dec 2025,1,3
7573809271054352398,rishka_silvie,Jan 2026,2,3
7573809271054352398,rishka_silvie,Feb 2026,1,1
7474398304470597633,kirstenswasey,Dec 2025,20,57
7474398304470597633,kirstenswasey,Jan 2026,17,34
7474398304470597633,kirstenswasey,Feb 2026,3,9
7359686639905718273,khrisskontours,Dec 2025,4,8
7359686639905718273,khrisskontours,Jan 2026,12,31
7359686639905718273,khrisskontours,Feb 2026,6,19
7359138466481307654,mtv_nelson,Dec 2025,0,0
7359138466481307654,mtv_nelson,Feb 2026,0,0
7495246070599909392,commakaze,Dec 2025,5,13
7495246070599909392,commakaze,Jan 2026,10,27
7495246070599909392,commakaze,Feb 2026,7,29
7370643117634224145,beautiful_soul_25,Dec 2025,8,24
7370643117634224145,beautiful_soul_25,Jan 2026,20,54
7370643117634224145,beautiful_soul_25,Feb 2026,9,18
7359138375443709957,yaboiidomo27,Dec 2025,2,5
7359138375443709957,yaboiidomo27,Jan 2026,6,16
7359138375443709957,yaboiidomo27,Feb 2026,4,7
7359679510746415120,coophewitt,Dec 2025,4,8
7359679510746415120,coophewitt,Jan 2026,3,8
7359679510746415120,coophewitt,Feb 2026,3,6
7359134983241531397,natebharris,Dec 2025,1,3
7359134983241531397,natebharris,Jan 2026,5,11
7359134983241531397,natebharris,Feb 2026,2,3
7359139280323182598,t1dfighter03_24_12,Dec 2025,4,10
7359139280323182598,t1dfighter03_24_12,Jan 2026,8,29
7359139280323182598,t1dfighter03_24_12,Feb 2026,7,19
7482985251933831185,rayyrollee,Dec 2025,1,3
7556407679573573645,itslorenamedina,Dec 2025,0,0
7359134682556170245,smilinjacks69,Dec 2025,4,14
7359134682556170245,smilinjacks69,Jan 2026,2,2
7359134682556170245,smilinjacks69,Feb 2026,4,8
7568297768498806839,sirenofthewest,Dec 2025,0,0
7523616145459527681,midnightxreign,Dec 2025,6,17
7523616145459527681,midnightxreign,Jan 2026,5,10
7523616145459527681,midnightxreign,Feb 2026,4,9
7483247953637916688,montanafougere,Dec 2025,0,1
7483247953637916688,montanafougere,Jan 2026,0,1
7483247953637916688,montanafougere,Feb 2026,0,1
7390780180744355841,talkwithyourfingers,Dec 2025,0,1
7390780180744355841,talkwithyourfingers,Jan 2026,2,3
7457781689205669905,leo_notdicapri0,Dec 2025,0,0
7457781689205669905,leo_notdicapri0,Jan 2026,0,0
7472502126602862608,prettyinink1,Dec 2025,1,1
7542994340252008462,destany717,Dec 2025,0,1
7542994340252008462,destany717,Jan 2026,11,18
7542994340252008462,destany717,Feb 2026,7,20
7359137468723200006,shaniar0se,Dec 2025,4,7
7359137468723200006,shaniar0se,Jan 2026,4,10
7359137468723200006,niatravelstome,Feb 2026,3,8
7490726688108724241,jjreefs,Dec 2025,10,22
7490726688108724241,jjreefs,Jan 2026,10,23
7490726688108724241,jjreefs,Feb 2026,16,42
7532520627404849166,888_fai_fai,Dec 2025,2,10
7532520627404849166,888_fai_fai,Jan 2026,1,6
7532520627404849166,888_fai_fai,Feb 2026,1,2
7548614938793721869,kushpvpi42,Jan 2026,0,0
7548614938793721869,kushpvpi42,Feb 2026,0,0
7359135407319285766,user_15253637,Feb 2026,0,0
7503687878057295873,brick2424,Dec 2025,3,6
7503687878057295873,brick2424,Jan 2026,3,4
7503687878057295873,brick2424,Feb 2026,1,3
7359136303201484805,jackijing,Dec 2025,0,0
7359136303201484805,jackijing,Jan 2026,5,15
7359136303201484805,jackijing,Feb 2026,5,13
7564457242947305527,regalejb,Dec 2025,2,4
7359138374126665733,gatorreb3l321,Dec 2025,1,1
7359138374126665733,wound3dgator,Jan 2026,4,15
7359138374126665733,1gator90,Feb 2026,0,0
7532341639478558775,zakiyahnadir01,Dec 2025,2,3
7532341639478558775,zakiyahnadir01,Jan 2026,0,1
7532341639478558775,zakiyahnadir01,Feb 2026,1,5
7426527818483236880,hotworkmusic,Dec 2025,4,16
7426527818483236880,hotworkmusic,Feb 2026,3,7
7543135486290935863,callsign_soap,Dec 2025,8,29
7543135486290935863,callsign_soap,Jan 2026,14,53
7543135486290935863,callsign_keegan25,Feb 2026,0,2
7401316826170277905,mariah_rodrice,Dec 2025,1,3
7396679012728487937,iamchief313,Jan 2026,0,1
7396679012728487937,iamchief313,Feb 2026,0,1
7540363984634003470,brianapaine_,Dec 2025,3,7
7540363984634003470,brianapaine_,Jan 2026,2,3
7359138627353346053,darealkingtee54,Dec 2025,4,9
7359138627353346053,darealkingtee54,Jan 2026,3,7
7439216255036293121,crystaldawson83,Dec 2025,0,0
7439216255036293121,crystaldawson83,Jan 2026,0,0
7359139426389262342,poecelain,Dec 2025,24,62
7359139426389262342,poecelain,Jan 2026,26,119
7359139426389262342,poecelain,Feb 2026,20,48
7551977020750741559,cino.rno,Dec 2025,0,0
7551977020750741559,cino.rno,Jan 2026,2,3
7551977020750741559,cino.rno,Feb 2026,1,1
7454733986905161745,coach_kmack,Dec 2025,0,0
7454733986905161745,coach_kmack,Jan 2026,0,0
7454733986905161745,coach_kmack,Feb 2026,0,0
7471057955509682177,kinkyykenzzz,Dec 2025,0,4
7471057955509682177,kinkyykenzzz,Jan 2026,0,1
7471057955509682177,kinkyykenzzz,Feb 2026,0,1
7535212687584903181,dannybartok,Jan 2026,0,4
7535212687584903181,dannybartok,Jan 2026,1,5
7535212687584903181,dannybartok,Feb 2026,1,7
7460332171950161936,michaelpeterson711,Dec 2025,1,5
7460332171950161936,dimplesarelife,Jan 2026,5,12
7460332171950161936,dimplesarelife,Feb 2026,0,1
7359139856754376709,mf.josh,Dec 2025,0,0
7359139856754376709,mf.josh,Jan 2026,0,0
7359135160358567942,rahjaedadrummer,Feb 2026,1,1
7424945523473514497,v3lueta,Dec 2025,10,16
7424945523473514497,v3lueta,Jan 2026,11,20
7424945523473514497,v3lueta,Feb 2026,16,34
7459183456464044048,girldaddy20,Dec 2025,1,2
7459183456464044048,girldaddy20,Feb 2026,1,3
7359139297569832965,jadelvega,Dec 2025,0,2
7359139297569832965,jadelvega,Jan 2026,2,2
7359139297569832965,jadelvega,Feb 2026,11,47
7538299940934828046,dovahkiinsdaydream,Jan 2026,4,6
7538299940934828046,dovahkiinsdaydream,Feb 2026,3,18
7436461793502855184,kayspage8,Dec 2025,1,2
7436461793502855184,kayspage8,Jan 2026,0,0
7433142229734293521,brookeventre,Dec 2025,1,2
7433142229734293521,brookeventre,Jan 2026,1,2
7433142229734293521,brookeventre,Feb 2026,1,5
7359139490306195461,queenb_597,Dec 2025,0,0
7359139490306195461,queenb_597,Jan 2026,0,0
7359139490306195461,queenb_597,Feb 2026,0,0
7359138276898603013,deklangill,Dec 2025,1,2
7359138276898603013,deklangill,Jan 2026,2,5
7359138276898603013,deklangill,Feb 2026,0,0
7575714181307973645,wonderfulldai,Dec 2025,5,15
7575714181307973645,wonderfulldai,Jan 2026,4,17
7476626840392646672,digicardzzz,Dec 2025,1,2
7499632144470507521,afternoon_dream007,Jan 2026,5,10
7499632144470507521,afternoon_dream007,Feb 2026,1,1
7437320426143055889,sunshinebloomed,Dec 2025,4,10
7437320426143055889,sunshinebloomed,Jan 2026,4,11
7464045881944326160,lexiliynn,Feb 2026,0,1
7468407393785806865,lil.bitt094,Jan 2026,2,5
7435985741508870145,geeky_feyn,Dec 2025,2,6
7435985741508870145,geeky_feyn,Feb 2026,3,7
7435985741508870145,geeky_feyn,Feb 2026,2,4
7559664387288645687,__daniellelashae,Dec 2025,1,6
7559664387288645687,__daniellelashae,Jan 2026,0,2
7555712827848310798,elenore1950,Dec 2025,0,0
7555712827848310798,elenore1950,Jan 2026,0,0
7359136287137398789,kimmyhardtoforget,Dec 2025,13,35
7359136287137398789,kimmyhardtoforget,Jan 2026,7,21
7359136287137398789,kimmyhardtoforget,Feb 2026,11,53
7467718585595723793,a_aronfish,Dec 2025,3,7
7467718585595723793,a_aronfish,Jan 2026,10,19
7467718585595723793,a_aronfish,Feb 2026,6,15
7445083336403533825,dwayne6sr,Jan 2026,0,0
7445083336403533825,dwayne6sr,Feb 2026,0,0
7540210189027295287,iluv_pitabread,Dec 2025,0,0
7457014893879754769,nekosnowlily,Dec 2025,5,12
7457014893879754769,nekosnowlily,Jan 2026,4,11
7559934933175877645,moneysignpeso,Dec 2025,15,61
7559934933175877645,moneysignpeso,Feb 2026,7,13
7359134619347910661,lilawestcoast,Jan 2026,0,0
7524495263340298257,suaskiiii,Dec 2025,14,29
7524495263340298257,suaskiiii,Jan 2026,8,26
7524495263340298257,suaskiiii,Feb 2026,20,56
7359134779242971142,asmr_anah,Dec 2025,1,3
7393099990975004689,savi_trends,Dec 2025,5,8
7359138961387683846,brendanontok,Dec 2025,2,5
7359138961387683846,xanderismycreatorcode,Jan 2026,10,39
7359138961387683846,xander5klive,Feb 2026,10,34
7415856990070751233,zezecod,Dec 2025,2,5
7415856990070751233,zezecod,Jan 2026,6,18
7415856990070751233,zezecod,Feb 2026,18,71
7541631419496415287,stefanineemann,Dec 2025,1,2
7541631419496415287,stefanineemann,Jan 2026,3,5
7541631419496415287,stefanineemann,Feb 2026,2,2
7517444538256850945,trippedz2xx,Dec 2025,1,1
7517444538256850945,trippedz2xx,Jan 2026,0,1
7517444538256850945,trippedz2xx,Feb 2026,7,17
7563794153663119373,taylorstimeline,Dec 2025,1,11
7563794153663119373,taylorstimeline,Jan 2026,1,3
7563794153663119373,taylorstimeline,Feb 2026,0,1
7538877747918028813,luvmh.j,Dec 2025,3,7
7538877747918028813,luvmh.j,Jan 2026,4,9
7359137538281406470,chrisart315,Jan 2026,5,13
7452915501849772048,hannahcardenn,Dec 2025,0,0
7452915501849772048,hannahcardenn,Jan 2026,2,3
7446625208414371841,d.russss,Feb 2026,0,0
7371646533651005456,sayeh2002,Jan 2026,1,3
7371646533651005456,sayeh2002,Feb 2026,2,4
7359134725199462406,mcdonalds_hacks101,Jan 2026,0,0
7359134725199462406,mcdonalds_hacks101,Feb 2026,1,2
7507054085481431056,bruhyouduzzie,Dec 2025,16,57
7507054085481431056,bruhyouduzzie,Jan 2026,16,43
7507054085481431056,_mrs.robinson_,Feb 2026,24,78
7359138147982376965,kenziesworld2020,Dec 2025,2,6
7402356102475694081,dr.labrasca,Dec 2025,0,0
7505500794389692432,digitallizardmama,Feb 2026,0,0
7386880141139427344,janettlyy,Dec 2025,2,4
7556036556927090702,th3onef3ar,Jan 2026,26,61
7556036556927090702,th3onef3ar,Dec 2025,28,66
7556036556927090702,th3onef3ar,Jan 2026,21,59
7556036556927090702,th3onef3ar,Feb 2026,24,58
7359135733719957510,dtxjusstin,Dec 2025,3,8
7359135733719957510,dtxjusstin,Jan 2026,1,6
7359135733719957510,dtxjusstin,Feb 2026,0,0
7534083780236132366,giraffewalrus1,Dec 2025,5,6
7534083780236132366,giraffewalrus1,Jan 2026,6,11
7534083780236132366,giraffewalrus1,Feb 2026,4,5
7359138483878854661,jadeakellymusic,Dec 2025,0,0
7359138483878854661,jadeakellymusic,Jan 2026,0,1
7359138483878854661,jadeakellymusic,Feb 2026,0,0
7480337323796774913,hsumhsan,Jan 2026,0,0
7575020052429258807,squeakmelusky,Dec 2025,4,5
7575020052429258807,squeakmelusky,Jan 2026,1,1
7497406457571328001,nickisham,Dec 2025,0,1
7497406457571328001,nickisham,Jan 2026,0,3
7497406457571328001,nickisham,Feb 2026,0,0
7454733148983820304,kristenn_wilson,May 2026,0,0
7454733148983820304,kristenn_wilson,Dec 2025,0,0
7454733148983820304,kristenn_wilson,Jan 2026,3,4
7454733148983820304,kristenn_wilson,May 2026,0,0
7538899445430403085,unruly_roxi,Jan 2026,1,1
7538899445430403085,unruly_roxi,Jan 2026,0,0
7538899445430403085,unruly_roxi,Feb 2026,0,0
7568663479326883895,cheifkaito,Dec 2025,0,0
7514535922558369809,high_off_jazz,Jan 2026,0,1
7421729618517835777,thatblondeodell21,Jan 2026,1,1
7421729618517835777,thatblondeodell21,Jan 2026,3,6
7359135268504469509,jeremygregorymusic,Jan 2026,1,1
7359135268504469509,jeremygregorymusic,Feb 2026,1,1
7495549920183648257,accountnot.found.32,Dec 2025,0,0
7495549920183648257,accountnot.found.32,Jan 2026,1,2
7495549920183648257,accountnot.found.32,Feb 2026,0,0
7496160474296483841,thejackschittt,Dec 2025,25,68
7496160474296483841,thejackschittt,Jan 2026,23,68
7359136670739922949,jabbartiller,Dec 2025,1,1
7359136670739922949,jabbartiller,Jan 2026,2,3
7359136287120719877,redrumstudios,Dec 2025,0,0
7359136287120719877,redrumstudios,Jan 2026,2,6
7359136287120719877,redrumstudios,Feb 2026,19,69
7443598365138665488,simpnextdoor,Dec 2025,0,0
7443598365138665488,gigiinextdoor,Jan 2026,7,31
7443598365138665488,gigiinextdoor,Feb 2026,4,14
7359139642425507846,ctsorrell,Feb 2026,0,1
7569375635290865678,plutovegas,Jan 2026,2,9
7515236092191195153,lunawolf4595,Feb 2026,1,1
7385256657963499537,sammirios_,Jan 2026,0,0
7385256657963499537,sammirios_,Feb 2026,0,0
7516667825638064129,just_kymie,Dec 2025,12,25
7516667825638064129,just_kymie,Jan 2026,10,23
7516667825638064129,just_kymie,May 2026,7,16
7451459387350319120,its_your_girl490,Feb 2026,4,9
7539213472236683319,pglassman68,Dec 2025,0,0
7359135262674452485,nantsinthepants,Dec 2025,0,0
7359135262674452485,nantsinthepants,Feb 2026,0,1
7567088407923638285,t3jay_gaming,Feb 2026,5,9
7567088407923638285,t3jay_gaming,Feb 2026,3,5
7359135442542821382,alexa_aronson,Dec 2025,0,0
7359135442542821382,alexa_aronson,Jan 2026,0,0
7359135028791771142,mortgagemagicmike,Jan 2026,1,3
7359135028791771142,mortgagemagicmike,Feb 2026,0,0
7558317816408129549,pistolsndlipgloss,Jan 2026,1,1
7359135855132311557,wegoode1,Dec 2025,0,0
7359135855132311557,wegoode1,Feb 2026,0,0
7513363198867914753,queenofhearts0069_,Jan 2026,3,7
7543056721388879927,mariamcgill3,Dec 2025,0,2
7359139288946245637,lisamarieshippy,Feb 2026,5,16
7359139303286603782,queenactivation,Dec 2025,1,1
7540422547419217975,lalaloopsy.daisy,Jan 2026,2,3
7540422547419217975,lalaloopsy.daisy,Feb 2026,4,10
7359139366972915717,queenhoneybeeluv7,Jan 2026,0,0
7359139366972915717,queenhoneybeeluv7,Feb 2026,0,0
7413973748551909393,idaffne,Apr 2026,0,0
7516705469575086096,zacairy,Jan 2026,0,1
7516705469575086096,zacairy,Feb 2026,1,2
7430962860202901505,maggieharmonnn,Dec 2025,1,1
7430962860202901505,maggieharmonnn,Feb 2026,0,0
7359139652948754437,carmlllababy,Dec 2025,0,0
7460667852887162896,sarahnichole2015,Feb 2026,1,2
7438031460512055313,99boopyboopy,Dec 2025,1,2
7438031460512055313,99boopyboopy,Jan 2026,0,0
7438031460512055313,99boopyboopy,Feb 2026,0,1
7551917025526988813,laddanurv,Dec 2025,0,1
7450994065371365393,tastydan,Feb 2026,6,13
7359135730641534982,strongmamaof4,Dec 2025,0,0
7359135730641534982,strongmamaof4,Jan 2026,1,2
7359139181223870469,maryannharrison50,Jan 2026,1,2
7359135914154786821,lilnikk1,Dec 2025,0,0
7501859248616341520,barrybee313,Dec 2025,5,11
7501859248616341520,barrybee313,Jan 2026,5,10
7359139187003490309,daaniiieellee,Dec 2025,0,0
7359139187003490309,daaniiieellee,Jan 2026,0,0
7359139187003490309,daaniiieellee,Mar 2026,0,0
7480522011840725009,aftonsalas,Jan 2026,0,0
7361660026877952017,x_dark_one_x,Dec 2025,1,1
7361660026877952017,x_dark_one_x,Jan 2026,5,22
7361660026877952017,x_dark_one_x,Feb 2026,0,0
7433891077771476993,alchemy.blue,Feb 2026,1,2
7471151790571126785,retrozombiegaming,Jan 2026,18,37
7471151790571126785,retrozombiegaming,Feb 2026,2,8
7564169591367417911,wilsonthegood,Dec 2025,2,2
7359139194351976453,mattdd1984,Feb 2026,0,0
7359135033598377990,frenchiarmelle,Dec 2025,2,3
7359138435900407813,lalibibaby,Jan 2026,1,2
7497079059470549009,audracovey24,Dec 2025,0,0
7359134594286813190,koryskitchen_2,Dec 2025,0,0
7548512478117019662,xxx.short.sh1t.xxx,Dec 2025,1,3
7548512478117019662,xxx.short.sh1t.xxx,Jan 2026,0,0
7510771128055398417,knzsvisuals,Feb 2026,0,1
7359135416169103365,thelindabinda,Jan 2026,1,2
7359138218312204294,prettygirlglaze,Dec 2025,0,0
7542995911794933773,alexarennae24,Feb 2026,1,1
7359135264113065989,wmblakehenry_jivemnd,Jan 2026,0,0
7391918697927032848,owlympian4,Dec 2025,0,0
7391918697927032848,owlympian4,Feb 2026,0,0
7359135422100013061,kittydollface,Dec 2025,0,0
7359135422100013061,kittydollface,Feb 2026,0,0
7359137386623893509,stitchfamily626,Dec 2025,0,0
7508653795619160065,wadeclark16,Dec 2025,0,0
7371387539011371009,kieranroyce,Feb 2026,3,6
7359135748324425734,jasoncohenofficial,Feb 2026,0,0
7363316839583268881,darland.jason,Dec 2025,1,3
7363316839583268881,darland.jason,Feb 2026,0,0
7359139157937127429,mrwhite820,Dec 2025,1,3
7462507750791348240,kaybaby2141,Feb 2026,4,11
7359135264155140102,umparker,Jan 2026,15,49
7359135264155140102,umparker,Feb 2026,3,9
7422817041553358865,ncproudtrucking,Dec 2025,0,0
7534212614495191095,mergemadam,Dec 2025,21,82
7534212614495191095,mergemadam,Jan 2026,20,51
7534212614495191095,preshaplays,May 2026,11,25
7573806306994274359,dubocsisters,Dec 2025,2,2
7574204783561654327,haileymarie.04,Feb 2026,0,0
7537733986077065230,.zmynt,Jan 2026,8,43
7537733986077065230,.zmynt,Feb 2026,4,40
7533812161387249678,alecohn,Jan 2026,0,0
7542677448308244535,tatyanadvoce,Feb 2026,0,0
7535262866870681613,dyylpicklle,Feb 2026,1,1
7363458991315501072,tx_clarebear,Dec 2025,0,0
7493406574925348880,vcvdog,Jan 2026,1,1
7478855821783253008,gardeninggrant,Jan 2026,1,1
7478855821783253008,gardeninggrant,Feb 2026,1,1
7485160564730396673,serenityxo89,Feb 2026,0,0
7467455099565178896,medusawhispers,Jan 2026,5,9
7467455099565178896,medusawhispers,Feb 2026,5,9
7454734552142118928,thewhisperfaerieasmr,Jan 2026,1,1
7421703951864643601,typicaljulieth,Dec 2025,1,2
7421845838604828688,nlmbmeeky,Dec 2025,0,0
7430612680660189200,hazel_b_music,Dec 2025,0,0
7423969750620848129,lawsonbrady,Dec 2025,2,3
7413973179343011857,ellezworld__,Dec 2025,0,0
7416879681435238401,nadjakuzmanich2,Dec 2025,4,7
7416879681435238401,nadjakuzmanich2,Jan 2026,3,5
7405592604387246096,hunterreesepena,Feb 2026,0,0
7404186556812214289,bootsy_collins,Dec 2025,2,3
7404186556812214289,bootsy_collins,Jan 2026,1,2
7389887665182818321,due.4a.win_,Dec 2025,0,0
7379451629730299905,thesequelscream,Dec 2025,2,9
7379451629730299905,thesequelscream,Jan 2026,3,6
7379451629730299905,thesequelscream,Feb 2026,2,4
7369789931272683537,missmeowbaby,Dec 2025,0,0
7363815617020936193,dallrulz,Dec 2025,2,2
7359139692660588549,invictaxilexx,Jan 2026,1,2
7359139692660588549,invictaxilexx,Feb 2026,6,13
7359139396219600901,jonathan_visuals_436,Dec 2025,0,0
7359139396219600901,jonathan_visuals_436,Jan 2026,0,0
7359139396219600901,jonathan_visuals_436,Feb 2026,0,0
7359139450280116230,ladybug_usa1,Jan 2026,0,0
7359139450280116230,ladybug_usa1,Feb 2026,0,0
7359136385644658693,joelerdmann_,Jan 2026,1,1
7359136385644658693,joelerdmann_,Feb 2026,1,2
7359135811868557317,lindsey.lou.whoo,Feb 2026,0,0
7359135688387821573,ellaseebacherxmusic,Feb 2026,0,0
7359135347281985541,first.lady.jay2.0,Dec 2025,1,1
7359135347281985541,first.lady.jay2.0,Jan 2026,0,0
7359135347281985541,first.lady.jay2.0,Feb 2026,1,2
7359135087579004933,hotter_wallen_,Dec 2025,0,0
7359135097775456262,aaronfullerx,Jan 2026,0,0
7359135070302535686,iamjacobsavage,Feb 2026,0,0
7578672537446694925,cottonsnivy,Dec 2025,29,119
7578672537446694925,cottonsnivy,Jan 2026,27,83
7578672537446694925,cottonsnivy,Feb 2026,25,73
7581270140747137079,swiggitymann,Dec 2025,14,48
7581270140747137079,swiggitymann,Jan 2026,11,41
7579785876688093239,tatted_golfer_,Dec 2025,11,61
7579785876688093239,tatted_golfer_,Jan 2026,10,35
7579785876688093239,tatted_golfer_,Feb 2026,3,5
7581605738645078071,jordan.borges,Dec 2025,13,33
7581605738645078071,jordan.borges,Jan 2026,28,110
7581605738645078071,jordan.borges,Feb 2026,27,123
7581641735269302327,battyfog,Dec 2025,14,34
7581641735269302327,battyfog,Jan 2026,25,87
7581641735269302327,battyfog,Feb 2026,19,55
7359136608869711878,ambernicolesings,Dec 2025,3,4
7481449047811964929,thecluelessbunny,Dec 2025,3,6
7481449047811964929,thecluelessbunny,Jan 2026,22,91
7481449047811964929,thecluelessbunny,Feb 2026,12,40
7583156191761678391,t.colvvv,Dec 2025,2,2
7583156191761678391,t.colvvv,Jan 2026,4,10
7582956443989524535,johnstonecountry,Dec 2025,3,8
7582956443989524535,johnstonecountry,Jan 2026,8,29
7582956443989524535,johnstonecountry,Feb 2026,14,44
7579054541350486030,tarotwithchris,Dec 2025,13,22
7579054541350486030,tarotwithchris,Jan 2026,29,57
7579054541350486030,tarotwithchris,Feb 2026,20,40
7585352104148090935,pnwliving,Dec 2025,3,5
7585352104148090935,pnwliving,Jan 2026,1,7
7585352104148090935,pnwliving,Feb 2026,1,1
7580527970687959095,stary750v2,Dec 2025,6,12
7580527970687959095,stary750v2,Jan 2026,11,30
7580527970687959095,stary750v2,Feb 2026,4,8
7587257848577441847,im.just.a.girly39,Dec 2025,6,23
7587257848577441847,im.just.a.girly39,Jan 2026,24,158
7587257848577441847,im.just.a.girly39,Feb 2026,24,150
7579762714873118733,tellemwatson,Dec 2025,12,19
7579762714873118733,tellemwatson,Jan 2026,3,5
7557699642381746190,followyourdestinie,Dec 2025,5,8
7557699642381746190,followyourdestinie,Jan 2026,9,16
7579814318795997197,gudinoashley,Dec 2025,7,13
7579814318795997197,gudinoashley,Jan 2026,12,27
7579814318795997197,gudinoashley,Feb 2026,14,44
7584609048327405623,checker.tarot,Dec 2025,5,10
7584609048327405623,checker.tarot,Jan 2026,3,6
7585925369484656654,zerixkbm,Dec 2025,6,16
7585925369484656654,zerixkbm,Jan 2026,24,91
7585925369484656654,zerixkbm,Feb 2026,15,50
7580253432372576270,the_ss_lifestyle,Dec 2025,26,99
7580253432372576270,the_ss_lifestyle,Jan 2026,29,137
7580253432372576270,the_ss_lifestyle,Feb 2026,27,92
7578673000590065677,beachblondemama,Dec 2025,1,3
7578673000590065677,beachblondemama,Jan 2026,0,0
7368773659420344337,justhelpone,Dec 2025,0,1
7368773659420344337,justhelpone,Jan 2026,0,1
7368773659420344337,justhelpone,Feb 2026,0,1
7582018343767425037,nikkinjesus,Dec 2025,4,9
7582018343767425037,nikkinjesus,Jan 2026,4,14
7582018343767425037,nikkinjesus,Feb 2026,5,14
7393147089703747600,wow_mschez,Dec 2025,2,3
7584171455915769911,skibudz67,Dec 2025,2,3
7585352066416132151,danny.buth,Dec 2025,5,19
7585352066416132151,danny.buth,Jan 2026,24,106
7585352066416132151,danny.buth,Feb 2026,19,73
7582786315515740173,liannaartistry,Dec 2025,4,8
7582786315515740173,liannaartistry,Jan 2026,3,6
7585682806014132279,alexshopsfar3,Dec 2025,6,22
7585682806014132279,alexshopsfar3,Jan 2026,17,62
7585682806014132279,alexshopsfar3,Feb 2026,11,35
7359136236633718790,willowshaze420,Dec 2025,3,8
7359136236633718790,willowshaze420,Jan 2026,5,10
7359136236633718790,willowshaze420,Feb 2026,1,2
7589379364102651959,papabearblessed,Dec 2025,0,0
7589379364102651959,papabearblessed,Jan 2026,1,2
7534965598565089335,chelseaabrahamson85,Dec 2025,0,0
7582754500964925454,itzz.mone6,Dec 2025,0,2
7582754500964925454,itzz.mone6,Jan 2026,0,1
7481422591517884432,tattedwendy,Feb 2026,0,0
7359139881689448454,dontaskhowmany,Jan 2026,0,0
7582802583895523341,leahhmelia,Jan 2026,2,5
7584893327687073805,add.action.coach,Jan 2026,2,2
7589643760687104055,ellen_leanne,Jan 2026,2,13
7589643760687104055,ellen_leanne,Feb 2026,0,1
7589643751258177549,chefkev4real,Jan 2026,0,3
7595776572192243726,muthafknsid,Jan 2026,14,94
7595776572192243726,muthafknsid,Feb 2026,22,146
7595741738505879565,jamjamish,Jan 2026,10,40
7595741738505879565,jamjamish,Feb 2026,2,6
7589643748636868663,miss__kimmy,Jan 2026,25,72
7589643748636868663,miss__kimmy,Feb 2026,23,59
7596161558443671565,biiig46,Jan 2026,6,25
7596161558443671565,biiig46,Feb 2026,17,47
7594348083929006094,caroleens,Jan 2026,10,34
7594348083929006094,caroleens,Feb 2026,12,35
7591301261329285175,queen_maddy_1202,Jan 2026,8,28
7591301261329285175,queen_maddy_1202,Feb 2026,0,0
7592049908509818894,ash_bittickkk,Jan 2026,7,15
7592049908509818894,ash_bittickkk,Feb 2026,2,5
7595842605108445239,tarotbymoonbeam,Jan 2026,12,26
7595842605108445239,tarotbymoonbeam,Feb 2026,6,17
7595395796338720781,walmart.grey,Jan 2026,8,32
7595395796338720781,walmart.grey,Feb 2026,3,6
7478580508411084801,auesomemoma,Jan 2026,13,58
7478580508411084801,auesomemoma,Feb 2026,5,26
7592009074502451213,clovonet02,Jan 2026,8,20
7592009074502451213,clovonet02,Feb 2026,26,115
7598661055547654158,kinggemini285,Jan 2026,7,31
7598661055547654158,kinggemini285,Feb 2026,26,99
7524533007961751553,bananasuperwoman,Jan 2026,6,11
7524533007961751553,bananasuperwoman,Feb 2026,1,1
7590547285004566542,imjustsaiyanbro,Jan 2026,13,51
7590547285004566542,imjustsaiyanbro,Feb 2026,17,54
7597658582695526455,ijaneeg,Jan 2026,3,8
7597658582695526455,ijaneeg,Feb 2026,12,45
7423558659491381249,amysalcedo5,Jan 2026,2,4
7423558659491381249,amysalcedo5,Feb 2026,13,23
7591706464859734029,cherylplanb,Jan 2026,7,25
7591706464859734029,cherylplanb,Feb 2026,28,143
7597607545938690061,ironshellbeadedcreations,Jan 2026,2,4
7597607545938690061,ironshellbeadedcreations,Feb 2026,2,4
7589643758640185358,fit4ever91,Jan 2026,9,17
7589643758640185358,fit4ever91,Feb 2026,8,17
7598710170574733326,heathen_ikyoto,Jan 2026,5,34
7598710170574733326,heathen_ikyoto,Feb 2026,10,42
7418793145070043137,x_deej_x,Jan 2026,2,5
7418793145070043137,x_deej_x,Feb 2026,7,11
7597517130489151502,lmrese,Jan 2026,12,52
7597517130489151502,lmrese,Feb 2026,23,95
7598360367479439415,mariithonner,Jan 2026,1,4
7598360367479439415,mariithonner,Feb 2026,13,27
7595367345045028919,roze.thorne,Jan 2026,2,3
7594347695071084558,samhandwich0,Jan 2026,1,1
7597968965910183950,anaylanaee,Jan 2026,0,0
7597968965910183950,anaylanaee,Feb 2026,1,2
7596188620743000119,rootofrestoration,Jan 2026,2,9
7596188620743000119,rootofrestoration,Feb 2026,4,12
7446759717512347649,officialshawtyv,Jan 2026,1,5
7368837736997847041,kelli70548,Jan 2026,0,0
7368837736997847041,kelli70548,Feb 2026,1,5
7359138535707967493,jenni_from_the_block0,Jan 2026,3,8
7359138535707967493,jenni_from_the_block0,Feb 2026,23,84
7456983483978858513,mattlongmusic,Jan 2026,2,5
7456983483978858513,mattlongmusic,Feb 2026,8,17
7593228086796206135,thesaltypickle7,Jan 2026,3,8
7597569248646643725,prazahbostic8,Jan 2026,1,1
7597163507775324215,samanthaleighce,Jan 2026,0,1
7590918395877539895,rylanlogan.s,Feb 2026,1,3
7504826782965760017,katelyn.mitchell23,Feb 2026,5,10
7608338554233602062,deearnnap,Feb 2026,10,34
7605650147527213069,mauricethemusic,Feb 2026,2,7
7603413642771447822,lilashiesty,Feb 2026,13,29
7368835057600970768,badgirlbritt2,Feb 2026,4,6
7601657541499666487,princesscults,Feb 2026,16,62
7605059443780337678,kristenkittymeow,Feb 2026,4,9
7494442891004280833,fizzle_station,Feb 2026,19,89
7410415784117436432,popcultkillers,Feb 2026,8,34
7601660558693285902,stubbsx88,Feb 2026,17,34
7601674566645202999,threehundredseventytwo,Feb 2026,2,5
7577930487646306318,lancektyree,Feb 2026,7,35
7602394582281764878,humblekeshhh,Feb 2026,13,31
7603559048310505485,jeffrey8bp,Feb 2026,18,59
7601722710653288503,birdiesforeus,Feb 2026,12,40
7601640864120881207,dankinson420,Feb 2026,7,22
7601673912480612366,ann041468,Feb 2026,1,2
7602836437343420429,its.sheemahhh,Feb 2026,6,13
7605576578982035470,lady_cabernet,Feb 2026,14,44
7466992762915667985,mulletdevotional,Feb 2026,26,82
7359137106595217413,catarina.cordle,Feb 2026,11,31
7608666330618871821,n00lanttv,Feb 2026,5,31
7603144665814122510,slaydrigaming,Feb 2026,9,43
7428383908431036432,nena.garcia31,Feb 2026,0,0
7554063085410172941,madysen_luebke,Feb 2026,0,0
7605716528268591117,michelleistheboss1978,Feb 2026,8,18
7607844338743164941,jamesanorkawich,Feb 2026,0,1
7608679729838931982,cloakedrevolution,Feb 2026,3,10
7359136342216966149,embarrassment_yazzzzzzz,Feb 2026,1,2
